0.00s - Debugger warning: It seems that frozen modules are being used, which may
0.00s - make the debugger miss breakpoints. Please pass -Xfrozen_modules=off
0.00s - to python to disable frozen modules.
0.00s - Note: Debugging will proceed. Set PYDEVD_DISABLE_FILE_VALIDATION=1 to disable this validation.
0.00s - Debugger warning: It seems that frozen modules are being used, which may
0.00s - make the debugger miss breakpoints. Please pass -Xfrozen_modules=off
0.00s - to python to disable frozen modules.
0.00s - Note: Debugging will proceed. Set PYDEVD_DISABLE_FILE_VALIDATION=1 to disable this validation.
BIOHUB_PRESET: harmonic_v3_division_wide
BIOHUB_SCORE_AXIS: public 0.939 base + holdout-selected post-process configuration
Configuration guard: PASS
Baseline: fixed-90 dual-seed clean pipeline (public LB 0.913)
Single model-level change: harmonic mutual-support association fusion
Reverse-time association weight: 0.200
Biohub learned UNet + node-transformer + ILP submission
COMP_DIR: /kaggle/input/competitions/biohub-cell-tracking-during-development exists: True
TEST_DIR: /kaggle/input/competitions/biohub-cell-tracking-during-development/test exists: True
{
  "adaptive_short_track_rescue": true,
  "allow_artifact_fallback": false,
  "allow_pip_install": false,
  "deepcenter_checkpoint_default": "/kaggle/input/biohub-deepcenter-unet3d-center-prior-v1/weights/full_frame_center/best.pt",
  "deepcenter_expected_epoch": 2,
  "deepcenter_gap_add_gate": true,
  "deepcenter_gap_confirm_min_span_um": 8.5,
  "deepcenter_gap_threshold": 0.25,
  "deepcenter_safe_div_add_gate": true,
  "deepcenter_safe_div_threshold": 0.25,
  "det_threshold": 0.965,
  "div_drop_to_single_if_bad": true,
  "div_parent_max_um": 10.5,
  "div_sister_max_um": 8.0,
  "experiment_tag": "selected_101_dual_seed_near_balanced_center_confirmed_synthetic_gap",
  "gap2_frame_frac_cap": 0.006,
  "gap2_max_links_abs": 180,
  "gap2_max_links_frac": 0.0045,
  "gap2_max_step_um": 4.4,
  "gap2_max_total_um": 10.2,
  "gap2_require_context": true,
  "gap_close_effective_max_gap": 1,
  "gap_close_max_added_abs": 2000,
  "gap_close_max_added_frac": 0.05,
  "gap_close_max_gap": 2,
  "gap_close_reuse_existing": true,
  "gap_close_reuse_um": 3.2,
  "gap_close_um": 5.0,
  "gap_density_adaptive": true,
  "gap_density_gain": 0.04,
  "gap_density_max_step_delta_um": 0.125,
  "gap_density_neighbors": 3,
  "gap_density_reference_um": 6.5,
  "gap_refine_max_shift_um": 3.2,
  "gap_refine_synthetic": true,
  "gap_refine_win_yx": 3,
  "gap_refine_win_z": 1,
  "ilp_appearance_weight": 0.0,
  "ilp_disappearance_weight": 2.0,
  "ilp_division_weight": 1.2,
  "ilp_edge_weight": -1.0,
  "method": "unet_transformer",
  "motion_relink_learned_bonus": 1.0,
  "motion_relink_max_frame_nodes": 2600,
  "motion_relink_relaxed_um": 10.0,
  "motion_relink_tight_um": 5.5,
  "motion_relink_velocity_weight": 0.5,
  "output_division_geometry_filter": false,
  "output_edge_max_um": 14.0,
  "output_enforce_next_frame": true,
  "output_filter_short_tracks": true,
  "output_gap2_recovery": true,
  "output_gap_close": true,
  "output_keep_division_components": true,
  "output_linefit_smooth": true,
  "output_linefit_weight": 0.8,
  "output_linefit_window": 2,
  "output_min_track_len": 6,
  "output_motion_relink": true,
  "output_prune_isolated": true,
  "output_safe_divisions": true,
  "output_single_child_repair": false,
  "output_single_parent_repair": true,
  "primary_artifact_manifest": "/kaggle/input/datasets/pilkwang/biohub-tracking-support-pack-50ep-v1/ARTIFACT_MANIFEST.json",
  "safe_div_existing_child_max_um": 10.0,
  "safe_div_frame_frac_cap": 0.0076,
  "safe_div_global_frac_cap": 0.00375,
  "safe_div_max_um": 9.0,
  "safe_div_sister_max_um": 14.0,
  "short_track_rescue_max_mean_edge_dist_um": 3.0,
  "short_track_rescue_max_nodes_abs": 120,
  "short_track_rescue_max_nodes_frac": 0.012,
  "short_track_rescue_min_len": 4,
  "short_track_rescue_min_mean_edge_prob": 0.88,
  "short_track_rescue_trigger_removed_frac": 0.1,
  "slice": "",
  "target_artifact_slug": "biohub-tracking-support-pack-50ep-v1",
  "unet_batch_size": 4,
  "use_deepcenter_add_only_gate": true,
  "use_ilp": true,
  "weights": "weights/unet_transformer/split_0/edge_predictor_best.pth"
}
ARTIFACTS: /kaggle/input/datasets/pilkwang/biohub-tracking-support-pack-50ep-v1
Has offline wheels: True
Artifact name: biohub-tracking-support-pack-400ep-snapshot-v1
Weight sha256: 12f6881ee3620a831697ca098ff8f48e687a24225f4e048b538deec3562fe771
Weight path: weights/unet_transformer/split_0/edge_predictor_best.pth
Installing missing packages from offline package dirs: ['polars']
Dependency resolver is disabled with --no-deps to avoid replacing Kaggle numpy/scipy in a live kernel.
Offline package dirs: ['/kaggle/input/datasets/pilkwang/biohub-tracking-support-pack-50ep-v1/wheels']
Offline dependency install succeeded.
Installing missing packages from offline package dirs: ['tracksdata', 'zarr', 'pyscipopt', 'geff', 'geff_spec', 'ilpy', 'imagecodecs', 'rustworkx', 'numcodecs', 'donfig', 'bidict']
Dependency resolver is disabled with --no-deps to avoid replacing Kaggle numpy/scipy in a live kernel.
Offline package dirs: ['/kaggle/input/datasets/pilkwang/biohub-tracking-support-pack-50ep-v1/wheels']
Offline dependency install succeeded.
/usr/local/lib/python3.12/dist-packages/dask/array/image.py:7: FutureWarning: `find_available_plugins` is deprecated since version 0.25 and will be removed in version 0.27. The plugin infrastructure of `skimage.io` is deprecated. Instead, use `imageio` or other I/O packages directly.
  from skimage.io import imread as sk_imread
/usr/lib/python3.12/importlib/__init__.py:90: FutureWarning: `reset_plugins` is deprecated since version 0.25 and will be removed in version 0.27. The plugin infrastructure of `skimage.io` is deprecated. Instead, use `imageio` or other I/O packages directly.
  return _bootstrap._gcd_import(name[level:], package, level)

/usr/local/lib/python3.12/dist-packages/dask/array/image.py:7: FutureWarning: `find_available_plugins` is deprecated since version 0.25 and will be removed in version 0.27. The plugin infrastructure of `skimage.io` is deprecated. Instead, use `imageio` or other I/O packages directly.
  from skimage.io import imread as sk_imread
/usr/lib/python3.12/importlib/__init__.py:90: FutureWarning: `reset_plugins` is deprecated since version 0.25 and will be removed in version 0.27. The plugin infrastructure of `skimage.io` is deprecated. Instead, use `imageio` or other I/O packages directly.
  return _bootstrap._gcd_import(name[level:], package, level)
Required graph/Zarr/ILP packages import successfully.
Inference repo: /kaggle/working/tracking_repo
Weights: /kaggle/working/tracking_repo/weights/unet_transformer/split_0/edge_predictor_best.pth
Support repo Python manifest SHA256: 978b626d1fd1e7397435a437dfe68691defe1572fc3c20e61012d7c9b52ed029
Primary materialized SHA256: 12f6881ee3620a831697ca098ff8f48e687a24225f4e048b538deec3562fe771
DeepCenter materialized SHA256: 8040999a92f6b7bbd98fa8cf458141e045c0f9ad7c936bdb3b18e1f7edafe2a0
Secondary artifact: /kaggle/input/datasets/pilkwang/biohub-temporal-unet3d-seed314159-v1
Secondary weight: /kaggle/working/secondary_seed_weights/unet_transformer/split_0/edge_predictor_best.pth
Secondary SHA256: 9bac2fa0dadc4a6fc1899e0caf187f4b553e0a7cd90ba1261a68b35ffe9e305f
Secondary edge-logit weight: 0.15
Runtime integrity receipt: /kaggle/working/bidirectional_production_runtime_integrity.json
CUDA device: Tesla T4
TTA patch applied (400ep spatial D4-style)
Calibrated dual-seed runtime patch applied
Frozen frame retention guard applied at 0.90
ILP timeout patch applied | 1200 s per dataset
Per-dataset detection timing patch applied
Bidirectional harmonic-probability association fusion applied | weight= 0.15
Pre-ILP detector-coordinate manifest hook applied
EDGE_TTA patch installed and enabled in /kaggle/working/tracking_repo/scripts/predict_unet_transformer.py
secondary edge-feature TTA patch installed and enabled
Found 4 test videos
['44b6_0113de3b', '44b6_0b24845f', '6bba_05b6850b', '6bba_05db0fb1']
Low-detection dump applied | dir= /kaggle/working/edge_cache | lowdet threshold= 0.3
V1284 head patched AFTER the readmit dump patch; mode = candidate
Launching 2 independent video shards on CUDA devices ['0', '1']
GPU shard 0: CUDA_VISIBLE_DEVICES=0 | /usr/bin/python3 scripts/predict_unet_transformer.py --data-dir /kaggle/input/competitions/biohub-cell-tracking-during-development/test --splits kaggle_test_splits_50ep.json --split 0 --weights weights/unet_transformer/split_0/edge_predictor_best.pth --unet-batch-size 4 --det-threshold 0.965 --ilp-edge-weight -1.0 --ilp-appearance-weight 0.0 --ilp-disappearance-weight 2.0 --ilp-division-weight 1.2 --use-ilp --method unet_transformer_gpu0 --slice 0::2
GPU shard 1: CUDA_VISIBLE_DEVICES=1 | /usr/bin/python3 scripts/predict_unet_transformer.py --data-dir /kaggle/input/competitions/biohub-cell-tracking-during-development/test --splits kaggle_test_splits_50ep.json --split 0 --weights weights/unet_transformer/split_0/edge_predictor_best.pth --unet-batch-size 4 --det-threshold 0.965 --ilp-edge-weight -1.0 --ilp-appearance-weight 0.0 --ilp-disappearance-weight 2.0 --ilp-division-weight 1.2 --use-ilp --method unet_transformer_gpu1 --slice 1::2
/usr/local/lib/python3.12/dist-packages/dask/array/image.py:7: FutureWarning: `find_available_plugins` is deprecated since version 0.25 and will be removed in version 0.27. The plugin infrastructure of `skimage.io` is deprecated. Instead, use `imageio` or other I/O packages directly.
  from skimage.io import imread as sk_imread
/usr/lib/python3.12/importlib/__init__.py:90: FutureWarning: `reset_plugins` is deprecated since version 0.25 and will be removed in version 0.27. The plugin infrastructure of `skimage.io` is deprecated. Instead, use `imageio` or other I/O packages directly.
  return _bootstrap._gcd_import(name[level:], package, level)
/usr/local/lib/python3.12/dist-packages/dask/array/image.py:7: FutureWarning: `find_available_plugins` is deprecated since version 0.25 and will be removed in version 0.27. The plugin infrastructure of `skimage.io` is deprecated. Instead, use `imageio` or other I/O packages directly.
  from skimage.io import imread as sk_imread
/usr/lib/python3.12/importlib/__init__.py:90: FutureWarning: `reset_plugins` is deprecated since version 0.25 and will be removed in version 0.27. The plugin infrastructure of `skimage.io` is deprecated. Instead, use `imageio` or other I/O packages directly.
  return _bootstrap._gcd_import(name[level:], package, level)
/usr/local/lib/python3.12/dist-packages/dask/array/image.py:7: FutureWarning: `find_available_plugins` is deprecated since version 0.25 and will be removed in version 0.27. The plugin infrastructure of `skimage.io` is deprecated. Instead, use `imageio` or other I/O packages directly.
  from skimage.io import imread as sk_imread
/usr/lib/python3.12/importlib/__init__.py:90: FutureWarning: `reset_plugins` is deprecated since version 0.25 and will be removed in version 0.27. The plugin infrastructure of `skimage.io` is deprecated. Instead, use `imageio` or other I/O packages directly.
  return _bootstrap._gcd_import(name[level:], package, level)
/usr/local/lib/python3.12/dist-packages/dask/array/image.py:7: FutureWarning: `find_available_plugins` is deprecated since version 0.25 and will be removed in version 0.27. The plugin infrastructure of `skimage.io` is deprecated. Instead, use `imageio` or other I/O packages directly.
  from skimage.io import imread as sk_imread
/usr/lib/python3.12/importlib/__init__.py:90: FutureWarning: `reset_plugins` is deprecated since version 0.25 and will be removed in version 0.27. The plugin infrastructure of `skimage.io` is deprecated. Instead, use `imageio` or other I/O packages directly.
  return _bootstrap._gcd_import(name[level:], package, level)

/usr/local/lib/python3.12/dist-packages/dask/array/image.py:7: FutureWarning: `find_available_plugins` is deprecated since version 0.25 and will be removed in version 0.27. The plugin infrastructure of `skimage.io` is deprecated. Instead, use `imageio` or other I/O packages directly.
  from skimage.io import imread as sk_imread
/usr/lib/python3.12/importlib/__init__.py:90: FutureWarning: `reset_plugins` is deprecated since version 0.25 and will be removed in version 0.27. The plugin infrastructure of `skimage.io` is deprecated. Instead, use `imageio` or other I/O packages directly.
  return _bootstrap._gcd_import(name[level:], package, level)
/usr/local/lib/python3.12/dist-packages/dask/array/image.py:7: FutureWarning: `find_available_plugins` is deprecated since version 0.25 and will be removed in version 0.27. The plugin infrastructure of `skimage.io` is deprecated. Instead, use `imageio` or other I/O packages directly.
  from skimage.io import imread as sk_imread
/usr/lib/python3.12/importlib/__init__.py:90: FutureWarning: `reset_plugins` is deprecated since version 0.25 and will be removed in version 0.27. The plugin infrastructure of `skimage.io` is deprecated. Instead, use `imageio` or other I/O packages directly.
  return _bootstrap._gcd_import(name[level:], package, level)
Secondary model: /kaggle/working/secondary_seed_weights/unet_transformer/split_0/edge_predictor_best.pth | edge weight=0.150 | detection weight=0.800 | link mode=low_margin_consensus | temperature=1.000 | low-margin max=0.350 | edge threshold=0.480
Fold 0: 2 datasets | weights=weights/unet_transformer/split_0/edge_predictor_best.pth | device=cuda | window_size=2 | pool_kernel_um=3.0
Secondary model: /kaggle/working/secondary_seed_weights/unet_transformer/split_0/edge_predictor_best.pth | edge weight=0.150 | detection weight=0.800 | link mode=low_margin_consensus | temperature=1.000 | low-margin max=0.350 | edge threshold=0.480
Fold 0: 2 datasets | weights=weights/unet_transformer/split_0/edge_predictor_best.pth | device=cuda | window_size=2 | pool_kernel_um=3.0
Secondary model: /kaggle/working/secondary_seed_weights/unet_transformer/split_0/edge_predictor_best.pth | edge weight=0.150 | detection weight=0.800 | link mode=low_margin_consensus | temperature=1.000 | low-margin max=0.350 | edge threshold=0.480
Fold 0: 2 datasets | weights=weights/unet_transformer/split_0/edge_predictor_best.pth | device=cuda | window_size=2 | pool_kernel_um=3.0
Secondary model: /kaggle/working/secondary_seed_weights/unet_transformer/split_0/edge_predictor_best.pth | edge weight=0.150 | detection weight=0.800 | link mode=low_margin_consensus | temperature=1.000 | low-margin max=0.350 | edge threshold=0.480
Fold 0: 2 datasets | weights=weights/unet_transformer/split_0/edge_predictor_best.pth | device=cuda | window_size=2 | pool_kernel_um=3.0
EDGE_TTA_ACTIVE views= 8 mean_abs_feat_delta= 0.360585
EDGE_TTA_ACTIVE views= 8 mean_abs_feat_delta= 0.323238
EDGE_TTA_ACTIVE views= 8 mean_abs_feat_delta= 0.360585
EDGE_TTA_ACTIVE views= 8 mean_abs_feat_delta= 0.323238
SECONDARY_EDGE_TTA_ACTIVE views= 8 weight= 0.75 mean_abs_feat_delta= 0.28166
SECONDARY_EDGE_TTA_ACTIVE views= 8 weight= 0.75 mean_abs_feat_delta= 0.230737
SECONDARY_EDGE_TTA_ACTIVE views= 8 weight= 0.75 mean_abs_feat_delta= 0.28166
SECONDARY_EDGE_TTA_ACTIVE views= 8 weight= 0.75 mean_abs_feat_delta= 0.230737
BIOHUB_RETENTION_GUARD {"blended_candidates": 387, "dataset": "44b6_0b24845f", "frame": 0, "minimum_retention": 0.9, "primary_candidates": 465, "retention": 0.832258064516129, "use_primary": true}
BIOHUB_RETENTION_GUARD {"blended_candidates": 391, "dataset": "44b6_0b24845f", "frame": 1, "minimum_retention": 0.9, "primary_candidates": 444, "retention": 0.8806306306306306, "use_primary": true}
BIOHUB_RETENTION_GUARD {"blended_candidates": 387, "dataset": "44b6_0b24845f", "frame": 0, "minimum_retention": 0.9, "primary_candidates": 465, "retention": 0.832258064516129, "use_primary": true}
BIOHUB_RETENTION_GUARD {"blended_candidates": 391, "dataset": "44b6_0b24845f", "frame": 1, "minimum_retention": 0.9, "primary_candidates": 444, "retention": 0.8806306306306306, "use_primary": true}
/kaggle/working/tracking_repo/scripts/v1284_coordinate_refinement.py:55: UserWarning: Specified kernel cache directory could not be created! This disables kernel caching. Specified directory is /root/.cache/torch/kernels. This warning will appear only once per process. (Triggered internally at /pytorch/aten/src/ATen/native/cuda/jit_utils.cpp:1487.)
  weight = torch.where(shift.bool(), frac, 1-frac).prod(dim=1)
/kaggle/working/tracking_repo/scripts/v1284_coordinate_refinement.py:55: UserWarning: Specified kernel cache directory could not be created! This disables kernel caching. Specified directory is /root/.cache/torch/kernels. This warning will appear only once per process. (Triggered internally at /pytorch/aten/src/ATen/native/cuda/jit_utils.cpp:1487.)
  weight = torch.where(shift.bool(), frac, 1-frac).prod(dim=1)

/kaggle/working/tracking_repo/scripts/v1284_coordinate_refinement.py:55: UserWarning: Specified kernel cache directory could not be created! This disables kernel caching. Specified directory is /root/.cache/torch/kernels. This warning will appear only once per process. (Triggered internally at /pytorch/aten/src/ATen/native/cuda/jit_utils.cpp:1487.)
  weight = torch.where(shift.bool(), frac, 1-frac).prod(dim=1)
EDGE_TTA_ACTIVE views= 8 mean_abs_feat_delta= 0.328294
EDGE_TTA_ACTIVE views= 8 mean_abs_feat_delta= 0.361891
EDGE_TTA_ACTIVE views= 8 mean_abs_feat_delta= 0.328294
EDGE_TTA_ACTIVE views= 8 mean_abs_feat_delta= 0.361891
SECONDARY_EDGE_TTA_ACTIVE views= 8 weight= 0.75 mean_abs_feat_delta= 0.23209
SECONDARY_EDGE_TTA_ACTIVE views= 8 weight= 0.75 mean_abs_feat_delta= 0.288809
BIOHUB_RETENTION_GUARD {"blended_candidates": 333, "dataset": "44b6_0b24845f", "frame": 2, "minimum_retention": 0.9, "primary_candidates": 390, "retention": 0.8538461538461538, "use_primary": true}
SECONDARY_EDGE_TTA_ACTIVE views= 8 weight= 0.75 mean_abs_feat_delta= 0.23209
SECONDARY_EDGE_TTA_ACTIVE views= 8 weight= 0.75 mean_abs_feat_delta= 0.288809
BIOHUB_RETENTION_GUARD {"blended_candidates": 333, "dataset": "44b6_0b24845f", "frame": 2, "minimum_retention": 0.9, "primary_candidates": 390, "retention": 0.8538461538461538, "use_primary": true}
EDGE_TTA_ACTIVE views= 8 mean_abs_feat_delta= 0.326314
EDGE_TTA_ACTIVE views= 8 mean_abs_feat_delta= 0.354206
EDGE_TTA_ACTIVE views= 8 mean_abs_feat_delta= 0.326314
EDGE_TTA_ACTIVE views= 8 mean_abs_feat_delta= 0.354206
SECONDARY_EDGE_TTA_ACTIVE views= 8 weight= 0.75 mean_abs_feat_delta= 0.232786
SECONDARY_EDGE_TTA_ACTIVE views= 8 weight= 0.75 mean_abs_feat_delta= 0.287127
BIOHUB_RETENTION_GUARD {"blended_candidates": 362, "dataset": "44b6_0b24845f", "frame": 3, "minimum_retention": 0.9, "primary_candidates": 421, "retention": 0.8598574821852731, "use_primary": true}
SECONDARY_EDGE_TTA_ACTIVE views= 8 weight= 0.75 mean_abs_feat_delta= 0.232786
SECONDARY_EDGE_TTA_ACTIVE views= 8 weight= 0.75 mean_abs_feat_delta= 0.287127
BIOHUB_RETENTION_GUARD {"blended_candidates": 362, "dataset": "44b6_0b24845f", "frame": 3, "minimum_retention": 0.9, "primary_candidates": 421, "retention": 0.8598574821852731, "use_primary": true}
EDGE_TTA_ACTIVE views= 8 mean_abs_feat_delta= 0.32686
EDGE_TTA_ACTIVE views= 8 mean_abs_feat_delta= 0.358867
EDGE_TTA_ACTIVE views= 8 mean_abs_feat_delta= 0.32686
EDGE_TTA_ACTIVE views= 8 mean_abs_feat_delta= 0.358867
SECONDARY_EDGE_TTA_ACTIVE views= 8 weight= 0.75 mean_abs_feat_delta= 0.232764
SECONDARY_EDGE_TTA_ACTIVE views= 8 weight= 0.75 mean_abs_feat_delta= 0.283303
BIOHUB_RETENTION_GUARD {"blended_candidates": 341, "dataset": "44b6_0b24845f", "frame": 4, "minimum_retention": 0.9, "primary_candidates": 404, "retention": 0.844059405940594, "use_primary": true}
SECONDARY_EDGE_TTA_ACTIVE views= 8 weight= 0.75 mean_abs_feat_delta= 0.232764
SECONDARY_EDGE_TTA_ACTIVE views= 8 weight= 0.75 mean_abs_feat_delta= 0.283303
BIOHUB_RETENTION_GUARD {"blended_candidates": 341, "dataset": "44b6_0b24845f", "frame": 4, "minimum_retention": 0.9, "primary_candidates": 404, "retention": 0.844059405940594, "use_primary": true}
EDGE_TTA_ACTIVE views= 8 mean_abs_feat_delta= 0.327781
EDGE_TTA_ACTIVE views= 8 mean_abs_feat_delta= 0.362463
EDGE_TTA_ACTIVE views= 8 mean_abs_feat_delta= 0.327781
EDGE_TTA_ACTIVE views= 8 mean_abs_feat_delta= 0.362463
SECONDARY_EDGE_TTA_ACTIVE views= 8 weight= 0.75 mean_abs_feat_delta= 0.236445
SECONDARY_EDGE_TTA_ACTIVE views= 8 weight= 0.75 mean_abs_feat_delta= 0.289665
BIOHUB_RETENTION_GUARD {"blended_candidates": 326, "dataset": "44b6_0b24845f", "frame": 5, "minimum_retention": 0.9, "primary_candidates": 383, "retention": 0.8511749347258486, "use_primary": true}
SECONDARY_EDGE_TTA_ACTIVE views= 8 weight= 0.75 mean_abs_feat_delta= 0.236445
SECONDARY_EDGE_TTA_ACTIVE views= 8 weight= 0.75 mean_abs_feat_delta= 0.289665
BIOHUB_RETENTION_GUARD {"blended_candidates": 326, "dataset": "44b6_0b24845f", "frame": 5, "minimum_retention": 0.9, "primary_candidates": 383, "retention": 0.8511749347258486, "use_primary": true}
EDGE_TTA_ACTIVE views= 8 mean_abs_feat_delta= 0.332086
EDGE_TTA_ACTIVE views= 8 mean_abs_feat_delta= 0.363112
EDGE_TTA_ACTIVE views= 8 mean_abs_feat_delta= 0.332086
EDGE_TTA_ACTIVE views= 8 mean_abs_feat_delta= 0.363112
SECONDARY_EDGE_TTA_ACTIVE views= 8 weight= 0.75 mean_abs_feat_delta= 0.236059
SECONDARY_EDGE_TTA_ACTIVE views= 8 weight= 0.75 mean_abs_feat_delta= 0.296162
BIOHUB_RETENTION_GUARD {"blended_candidates": 333, "dataset": "44b6_0b24845f", "frame": 6, "minimum_retention": 0.9, "primary_candidates": 403, "retention": 0.826302729528536, "use_primary": true}
SECONDARY_EDGE_TTA_ACTIVE views= 8 weight= 0.75 mean_abs_feat_delta= 0.236059
SECONDARY_EDGE_TTA_ACTIVE views= 8 weight= 0.75 mean_abs_feat_delta= 0.296162
BIOHUB_RETENTION_GUARD {"blended_candidates": 333, "dataset": "44b6_0b24845f", "frame": 6, "minimum_retention": 0.9, "primary_candidates": 403, "retention": 0.826302729528536, "use_primary": true}
EDGE_TTA_ACTIVE views= 8 mean_abs_feat_delta= 0.337311
EDGE_TTA_ACTIVE views= 8 mean_abs_feat_delta= 0.363947
EDGE_TTA_ACTIVE views= 8 mean_abs_feat_delta= 0.337311
EDGE_TTA_ACTIVE views= 8 mean_abs_feat_delta= 0.363947
SECONDARY_EDGE_TTA_ACTIVE views= 8 weight= 0.75 mean_abs_feat_delta= 0.242392
SECONDARY_EDGE_TTA_ACTIVE views= 8 weight= 0.75 mean_abs_feat_delta= 0.297976
BIOHUB_RETENTION_GUARD {"blended_candidates": 309, "dataset": "44b6_0b24845f", "frame": 7, "minimum_retention": 0.9, "primary_candidates": 390, "retention": 0.7923076923076923, "use_primary": true}
SECONDARY_EDGE_TTA_ACTIVE views= 8 weight= 0.75 mean_abs_feat_delta= 0.242392
SECONDARY_EDGE_TTA_ACTIVE views= 8 weight= 0.75 mean_abs_feat_delta= 0.297976
BIOHUB_RETENTION_GUARD {"blended_candidates": 309, "dataset": "44b6_0b24845f", "frame": 7, "minimum_retention": 0.9, "primary_candidates": 390, "retention": 0.7923076923076923, "use_primary": true}
EDGE_TTA_ACTIVE views= 8 mean_abs_feat_delta= 0.336476
EDGE_TTA_ACTIVE views= 8 mean_abs_feat_delta= 0.368841
EDGE_TTA_ACTIVE views= 8 mean_abs_feat_delta= 0.336476
EDGE_TTA_ACTIVE views= 8 mean_abs_feat_delta= 0.368841
SECONDARY_EDGE_TTA_ACTIVE views= 8 weight= 0.75 mean_abs_feat_delta= 0.241164
SECONDARY_EDGE_TTA_ACTIVE views= 8 weight= 0.75 mean_abs_feat_delta= 0.292587
BIOHUB_RETENTION_GUARD {"blended_candidates": 378, "dataset": "44b6_0b24845f", "frame": 8, "minimum_retention": 0.9, "primary_candidates": 443, "retention": 0.8532731376975169, "use_primary": true}
SECONDARY_EDGE_TTA_ACTIVE views= 8 weight= 0.75 mean_abs_feat_delta= 0.241164
SECONDARY_EDGE_TTA_ACTIVE views= 8 weight= 0.75 mean_abs_feat_delta= 0.292587
BIOHUB_RETENTION_GUARD {"blended_candidates": 378, "dataset": "44b6_0b24845f", "frame": 8, "minimum_retention": 0.9, "primary_candidates": 443, "retention": 0.8532731376975169, "use_primary": true}
EDGE_TTA_ACTIVE views= 8 mean_abs_feat_delta= 0.33307
EDGE_TTA_ACTIVE views= 8 mean_abs_feat_delta= 0.372442
EDGE_TTA_ACTIVE views= 8 mean_abs_feat_delta= 0.33307
EDGE_TTA_ACTIVE views= 8 mean_abs_feat_delta= 0.372442
SECONDARY_EDGE_TTA_ACTIVE views= 8 weight= 0.75 mean_abs_feat_delta= 0.240446
SECONDARY_EDGE_TTA_ACTIVE views= 8 weight= 0.75 mean_abs_feat_delta= 0.291168
BIOHUB_RETENTION_GUARD {"blended_candidates": 362, "dataset": "44b6_0b24845f", "frame": 9, "minimum_retention": 0.9, "primary_candidates": 429, "retention": 0.8438228438228438, "use_primary": true}
SECONDARY_EDGE_TTA_ACTIVE views= 8 weight= 0.75 mean_abs_feat_delta= 0.240446
SECONDARY_EDGE_TTA_ACTIVE views= 8 weight= 0.75 mean_abs_feat_delta= 0.291168
BIOHUB_RETENTION_GUARD {"blended_candidates": 362, "dataset": "44b6_0b24845f", "frame": 9, "minimum_retention": 0.9, "primary_candidates": 429, "retention": 0.8438228438228438, "use_primary": true}
EDGE_TTA_ACTIVE views= 8 mean_abs_feat_delta= 0.333216
EDGE_TTA_ACTIVE views= 8 mean_abs_feat_delta= 0.36599
EDGE_TTA_ACTIVE views= 8 mean_abs_feat_delta= 0.333216
EDGE_TTA_ACTIVE views= 8 mean_abs_feat_delta= 0.36599
SECONDARY_EDGE_TTA_ACTIVE views= 8 weight= 0.75 mean_abs_feat_delta= 0.24216
SECONDARY_EDGE_TTA_ACTIVE views= 8 weight= 0.75 mean_abs_feat_delta= 0.301242
BIOHUB_RETENTION_GUARD {"blended_candidates": 331, "dataset": "44b6_0b24845f", "frame": 10, "minimum_retention": 0.9, "primary_candidates": 419, "retention": 0.7899761336515513, "use_primary": true}
SECONDARY_EDGE_TTA_ACTIVE views= 8 weight= 0.75 mean_abs_feat_delta= 0.24216
SECONDARY_EDGE_TTA_ACTIVE views= 8 weight= 0.75 mean_abs_feat_delta= 0.301242
BIOHUB_RETENTION_GUARD {"blended_candidates": 331, "dataset": "44b6_0b24845f", "frame": 10, "minimum_retention": 0.9, "primary_candidates": 419, "retention": 0.7899761336515513, "use_primary": true}
EDGE_TTA_ACTIVE views= 8 mean_abs_feat_delta= 0.341654
EDGE_TTA_ACTIVE views= 8 mean_abs_feat_delta= 0.358411
EDGE_TTA_ACTIVE views= 8 mean_abs_feat_delta= 0.341654
EDGE_TTA_ACTIVE views= 8 mean_abs_feat_delta= 0.358411
SECONDARY_EDGE_TTA_ACTIVE views= 8 weight= 0.75 mean_abs_feat_delta= 0.289865
SECONDARY_EDGE_TTA_ACTIVE views= 8 weight= 0.75 mean_abs_feat_delta= 0.243727
BIOHUB_RETENTION_GUARD {"blended_candidates": 376, "dataset": "44b6_0b24845f", "frame": 11, "minimum_retention": 0.9, "primary_candidates": 441, "retention": 0.8526077097505669, "use_primary": true}
SECONDARY_EDGE_TTA_ACTIVE views= 8 weight= 0.75 mean_abs_feat_delta= 0.289865
SECONDARY_EDGE_TTA_ACTIVE views= 8 weight= 0.75 mean_abs_feat_delta= 0.243727
BIOHUB_RETENTION_GUARD {"blended_candidates": 376, "dataset": "44b6_0b24845f", "frame": 11, "minimum_retention": 0.9, "primary_candidates": 441, "retention": 0.8526077097505669, "use_primary": true}
EDGE_TTA_ACTIVE views= 8 mean_abs_feat_delta= 0.334228
EDGE_TTA_ACTIVE views= 8 mean_abs_feat_delta= 0.361758
EDGE_TTA_ACTIVE views= 8 mean_abs_feat_delta= 0.334228
EDGE_TTA_ACTIVE views= 8 mean_abs_feat_delta= 0.361758
SECONDARY_EDGE_TTA_ACTIVE views= 8 weight= 0.75 mean_abs_feat_delta= 0.241899
SECONDARY_EDGE_TTA_ACTIVE views= 8 weight= 0.75 mean_abs_feat_delta= 0.298743
BIOHUB_RETENTION_GUARD {"blended_candidates": 304, "dataset": "44b6_0b24845f", "frame": 12, "minimum_retention": 0.9, "primary_candidates": 361, "retention": 0.8421052631578947, "use_primary": true}
SECONDARY_EDGE_TTA_ACTIVE views= 8 weight= 0.75 mean_abs_feat_delta= 0.241899
SECONDARY_EDGE_TTA_ACTIVE views= 8 weight= 0.75 mean_abs_feat_delta= 0.298743
BIOHUB_RETENTION_GUARD {"blended_candidates": 304, "dataset": "44b6_0b24845f", "frame": 12, "minimum_retention": 0.9, "primary_candidates": 361, "retention": 0.8421052631578947, "use_primary": true}
EDGE_TTA_ACTIVE views= 8 mean_abs_feat_delta= 0.335161
EDGE_TTA_ACTIVE views= 8 mean_abs_feat_delta= 0.368237
EDGE_TTA_ACTIVE views= 8 mean_abs_feat_delta= 0.335161
EDGE_TTA_ACTIVE views= 8 mean_abs_feat_delta= 0.368237
SECONDARY_EDGE_TTA_ACTIVE views= 8 weight= 0.75 mean_abs_feat_delta= 0.237416
SECONDARY_EDGE_TTA_ACTIVE views= 8 weight= 0.75 mean_abs_feat_delta= 0.295579
BIOHUB_RETENTION_GUARD {"blended_candidates": 314, "dataset": "44b6_0b24845f", "frame": 13, "minimum_retention": 0.9, "primary_candidates": 382, "retention": 0.8219895287958116, "use_primary": true}
SECONDARY_EDGE_TTA_ACTIVE views= 8 weight= 0.75 mean_abs_feat_delta= 0.237416
SECONDARY_EDGE_TTA_ACTIVE views= 8 weight= 0.75 mean_abs_feat_delta= 0.295579
BIOHUB_RETENTION_GUARD {"blended_candidates": 314, "dataset": "44b6_0b24845f", "frame": 13, "minimum_retention": 0.9, "primary_candidates": 382, "retention": 0.8219895287958116, "use_primary": true}
EDGE_TTA_ACTIVE views= 8 mean_abs_feat_delta= 0.330752
EDGE_TTA_ACTIVE views= 8 mean_abs_feat_delta= 0.366311
EDGE_TTA_ACTIVE views= 8 mean_abs_feat_delta= 0.330752
EDGE_TTA_ACTIVE views= 8 mean_abs_feat_delta= 0.366311
SECONDARY_EDGE_TTA_ACTIVE views= 8 weight= 0.75 mean_abs_feat_delta= 0.29037
BIOHUB_RETENTION_GUARD {"blended_candidates": 330, "dataset": "44b6_0b24845f", "frame": 14, "minimum_retention": 0.9, "primary_candidates": 378, "retention": 0.873015873015873, "use_primary": true}
SECONDARY_EDGE_TTA_ACTIVE views= 8 weight= 0.75 mean_abs_feat_delta= 0.238386
SECONDARY_EDGE_TTA_ACTIVE views= 8 weight= 0.75 mean_abs_feat_delta= 0.29037
BIOHUB_RETENTION_GUARD {"blended_candidates": 330, "dataset": "44b6_0b24845f", "frame": 14, "minimum_retention": 0.9, "primary_candidates": 378, "retention": 0.873015873015873, "use_primary": true}
SECONDARY_EDGE_TTA_ACTIVE views= 8 weight= 0.75 mean_abs_feat_delta= 0.238386
EDGE_TTA_ACTIVE views= 8 mean_abs_feat_delta= 0.32964
EDGE_TTA_ACTIVE views= 8 mean_abs_feat_delta= 0.362666
EDGE_TTA_ACTIVE views= 8 mean_abs_feat_delta= 0.32964
EDGE_TTA_ACTIVE views= 8 mean_abs_feat_delta= 0.362666
SECONDARY_EDGE_TTA_ACTIVE views= 8 weight= 0.75 mean_abs_feat_delta= 0.286822
SECONDARY_EDGE_TTA_ACTIVE views= 8 weight= 0.75 mean_abs_feat_delta= 0.238478
SECONDARY_EDGE_TTA_ACTIVE views= 8 weight= 0.75 mean_abs_feat_delta= 0.286822
SECONDARY_EDGE_TTA_ACTIVE views= 8 weight= 0.75 mean_abs_feat_delta= 0.238478
EDGE_TTA_ACTIVE views= 8 mean_abs_feat_delta= 0.368515
EDGE_TTA_ACTIVE views= 8 mean_abs_feat_delta= 0.32447
EDGE_TTA_ACTIVE views= 8 mean_abs_feat_delta= 0.368515
EDGE_TTA_ACTIVE views= 8 mean_abs_feat_delta= 0.32447
SECONDARY_EDGE_TTA_ACTIVE views= 8 weight= 0.75 mean_abs_feat_delta= 0.282972
SECONDARY_EDGE_TTA_ACTIVE views= 8 weight= 0.75 mean_abs_feat_delta= 0.234529
SECONDARY_EDGE_TTA_ACTIVE views= 8 weight= 0.75 mean_abs_feat_delta= 0.282972
SECONDARY_EDGE_TTA_ACTIVE views= 8 weight= 0.75 mean_abs_feat_delta= 0.234529
EDGE_TTA_ACTIVE views= 8 mean_abs_feat_delta= 0.37163
EDGE_TTA_ACTIVE views= 8 mean_abs_feat_delta= 0.325522
EDGE_TTA_ACTIVE views= 8 mean_abs_feat_delta= 0.37163
EDGE_TTA_ACTIVE views= 8 mean_abs_feat_delta= 0.325522
SECONDARY_EDGE_TTA_ACTIVE views= 8 weight= 0.75 mean_abs_feat_delta= 0.284899
SECONDARY_EDGE_TTA_ACTIVE views= 8 weight= 0.75 mean_abs_feat_delta= 0.238533
SECONDARY_EDGE_TTA_ACTIVE views= 8 weight= 0.75 mean_abs_feat_delta= 0.284899
SECONDARY_EDGE_TTA_ACTIVE views= 8 weight= 0.75 mean_abs_feat_delta= 0.238533
EDGE_TTA_ACTIVE views= 8 mean_abs_feat_delta= 0.367306
EDGE_TTA_ACTIVE views= 8 mean_abs_feat_delta= 0.319866
EDGE_TTA_ACTIVE views= 8 mean_abs_feat_delta= 0.367306
EDGE_TTA_ACTIVE views= 8 mean_abs_feat_delta= 0.319866
SECONDARY_EDGE_TTA_ACTIVE views= 8 weight= 0.75 mean_abs_feat_delta= 0.276632
SECONDARY_EDGE_TTA_ACTIVE views= 8 weight= 0.75 mean_abs_feat_delta= 0.239819
SECONDARY_EDGE_TTA_ACTIVE views= 8 weight= 0.75 mean_abs_feat_delta= 0.276632
SECONDARY_EDGE_TTA_ACTIVE views= 8 weight= 0.75 mean_abs_feat_delta= 0.239819
EDGE_TTA_ACTIVE views= 8 mean_abs_feat_delta= 0.356982
EDGE_TTA_ACTIVE views= 8 mean_abs_feat_delta= 0.323582
EDGE_TTA_ACTIVE views= 8 mean_abs_feat_delta= 0.356982
EDGE_TTA_ACTIVE views= 8 mean_abs_feat_delta= 0.323582
SECONDARY_EDGE_TTA_ACTIVE views= 8 weight= 0.75 mean_abs_feat_delta= 0.278285
SECONDARY_EDGE_TTA_ACTIVE views= 8 weight= 0.75 mean_abs_feat_delta= 0.242037
SECONDARY_EDGE_TTA_ACTIVE views= 8 weight= 0.75 mean_abs_feat_delta= 0.278285
SECONDARY_EDGE_TTA_ACTIVE views= 8 weight= 0.75 mean_abs_feat_delta= 0.242037
EDGE_TTA_ACTIVE views= 8 mean_abs_feat_delta= 0.354988
EDGE_TTA_ACTIVE views= 8 mean_abs_feat_delta= 0.354988
EDGE_TTA_ACTIVE views= 8 mean_abs_feat_delta= 0.326415
EDGE_TTA_ACTIVE views= 8 mean_abs_feat_delta= 0.326415
SECONDARY_EDGE_TTA_ACTIVE views= 8 weight= 0.75 mean_abs_feat_delta= 0.280197
BIOHUB_RETENTION_GUARD {"blended_candidates": 285, "dataset": "44b6_0b24845f", "frame": 20, "minimum_retention": 0.9, "primary_candidates": 317, "retention": 0.8990536277602523, "use_primary": true}
SECONDARY_EDGE_TTA_ACTIVE views= 8 weight= 0.75 mean_abs_feat_delta= 0.280197
BIOHUB_RETENTION_GUARD {"blended_candidates": 285, "dataset": "44b6_0b24845f", "frame": 20, "minimum_retention": 0.9, "primary_candidates": 317, "retention": 0.8990536277602523, "use_primary": true}
SECONDARY_EDGE_TTA_ACTIVE views= 8 weight= 0.75 mean_abs_feat_delta= 0.241724
SECONDARY_EDGE_TTA_ACTIVE views= 8 weight= 0.75 mean_abs_feat_delta= 0.241724
EDGE_TTA_ACTIVE views= 8 mean_abs_feat_delta= 0.355885
EDGE_TTA_ACTIVE views= 8 mean_abs_feat_delta= 0.355885
EDGE_TTA_ACTIVE views= 8 mean_abs_feat_delta= 0.32326
EDGE_TTA_ACTIVE views= 8 mean_abs_feat_delta= 0.32326
SECONDARY_EDGE_TTA_ACTIVE views= 8 weight= 0.75 mean_abs_feat_delta= 0.281334
BIOHUB_RETENTION_GUARD {"blended_candidates": 265, "dataset": "44b6_0b24845f", "frame": 21, "minimum_retention": 0.9, "primary_candidates": 325, "retention": 0.8153846153846154, "use_primary": true}
SECONDARY_EDGE_TTA_ACTIVE views= 8 weight= 0.75 mean_abs_feat_delta= 0.281334
BIOHUB_RETENTION_GUARD {"blended_candidates": 265, "dataset": "44b6_0b24845f", "frame": 21, "minimum_retention": 0.9, "primary_candidates": 325, "retention": 0.8153846153846154, "use_primary": true}
SECONDARY_EDGE_TTA_ACTIVE views= 8 weight= 0.75 mean_abs_feat_delta= 0.234753
SECONDARY_EDGE_TTA_ACTIVE views= 8 weight= 0.75 mean_abs_feat_delta= 0.234753
EDGE_TTA_ACTIVE views= 8 mean_abs_feat_delta= 0.357492
EDGE_TTA_ACTIVE views= 8 mean_abs_feat_delta= 0.357492
EDGE_TTA_ACTIVE views= 8 mean_abs_feat_delta= 0.324888
EDGE_TTA_ACTIVE views= 8 mean_abs_feat_delta= 0.324888
SECONDARY_EDGE_TTA_ACTIVE views= 8 weight= 0.75 mean_abs_feat_delta= 0.280031
BIOHUB_RETENTION_GUARD {"blended_candidates": 286, "dataset": "44b6_0b24845f", "frame": 22, "minimum_retention": 0.9, "primary_candidates": 326, "retention": 0.8773006134969326, "use_primary": true}
SECONDARY_EDGE_TTA_ACTIVE views= 8 weight= 0.75 mean_abs_feat_delta= 0.280031
BIOHUB_RETENTION_GUARD {"blended_candidates": 286, "dataset": "44b6_0b24845f", "frame": 22, "minimum_retention": 0.9, "primary_candidates": 326, "retention": 0.8773006134969326, "use_primary": true}
SECONDARY_EDGE_TTA_ACTIVE views= 8 weight= 0.75 mean_abs_feat_delta= 0.238746
SECONDARY_EDGE_TTA_ACTIVE views= 8 weight= 0.75 mean_abs_feat_delta= 0.238746
EDGE_TTA_ACTIVE views= 8 mean_abs_feat_delta= 0.361386
EDGE_TTA_ACTIVE views= 8 mean_abs_feat_delta= 0.361386
EDGE_TTA_ACTIVE views= 8 mean_abs_feat_delta= 0.325752
EDGE_TTA_ACTIVE views= 8 mean_abs_feat_delta= 0.325752
SECONDARY_EDGE_TTA_ACTIVE views= 8 weight= 0.75 mean_abs_feat_delta= 0.277655
SECONDARY_EDGE_TTA_ACTIVE views= 8 weight= 0.75 mean_abs_feat_delta= 0.277655
SECONDARY_EDGE_TTA_ACTIVE views= 8 weight= 0.75 mean_abs_feat_delta= 0.238954
SECONDARY_EDGE_TTA_ACTIVE views= 8 weight= 0.75 mean_abs_feat_delta= 0.238954
EDGE_TTA_ACTIVE views= 8 mean_abs_feat_delta= 0.361052
EDGE_TTA_ACTIVE views= 8 mean_abs_feat_delta= 0.361052
EDGE_TTA_ACTIVE views= 8 mean_abs_feat_delta= 0.330364
EDGE_TTA_ACTIVE views= 8 mean_abs_feat_delta= 0.330364
SECONDARY_EDGE_TTA_ACTIVE views= 8 weight= 0.75 mean_abs_feat_delta= 0.282322
BIOHUB_RETENTION_GUARD {"blended_candidates": 261, "dataset": "44b6_0b24845f", "frame": 24, "minimum_retention": 0.9, "primary_candidates": 306, "retention": 0.8529411764705882, "use_primary": true}
SECONDARY_EDGE_TTA_ACTIVE views= 8 weight= 0.75 mean_abs_feat_delta= 0.282322
BIOHUB_RETENTION_GUARD {"blended_candidates": 261, "dataset": "44b6_0b24845f", "frame": 24, "minimum_retention": 0.9, "primary_candidates": 306, "retention": 0.8529411764705882, "use_primary": true}
SECONDARY_EDGE_TTA_ACTIVE views= 8 weight= 0.75 mean_abs_feat_delta= 0.235145
SECONDARY_EDGE_TTA_ACTIVE views= 8 weight= 0.75 mean_abs_feat_delta= 0.235145
EDGE_TTA_ACTIVE views= 8 mean_abs_feat_delta= 0.36198
EDGE_TTA_ACTIVE views= 8 mean_abs_feat_delta= 0.36198
EDGE_TTA_ACTIVE views= 8 mean_abs_feat_delta= 0.329773
EDGE_TTA_ACTIVE views= 8 mean_abs_feat_delta= 0.329773
SECONDARY_EDGE_TTA_ACTIVE views= 8 weight= 0.75 mean_abs_feat_delta= 0.280181
SECONDARY_EDGE_TTA_ACTIVE views= 8 weight= 0.75 mean_abs_feat_delta= 0.280181
SECONDARY_EDGE_TTA_ACTIVE views= 8 weight= 0.75 mean_abs_feat_delta= 0.236219
SECONDARY_EDGE_TTA_ACTIVE views= 8 weight= 0.75 mean_abs_feat_delta= 0.236219
EDGE_TTA_ACTIVE views= 8 mean_abs_feat_delta= 0.365963
EDGE_TTA_ACTIVE views= 8 mean_abs_feat_delta= 0.365963
EDGE_TTA_ACTIVE views= 8 mean_abs_feat_delta= 0.325156
EDGE_TTA_ACTIVE views= 8 mean_abs_feat_delta= 0.325156
SECONDARY_EDGE_TTA_ACTIVE views= 8 weight= 0.75 mean_abs_feat_delta= 0.284381
BIOHUB_RETENTION_GUARD {"blended_candidates": 273, "dataset": "44b6_0b24845f", "frame": 26, "minimum_retention": 0.9, "primary_candidates": 309, "retention": 0.883495145631068, "use_primary": true}
SECONDARY_EDGE_TTA_ACTIVE views= 8 weight= 0.75 mean_abs_feat_delta= 0.284381
BIOHUB_RETENTION_GUARD {"blended_candidates": 273, "dataset": "44b6_0b24845f", "frame": 26, "minimum_retention": 0.9, "primary_candidates": 309, "retention": 0.883495145631068, "use_primary": true}
SECONDARY_EDGE_TTA_ACTIVE views= 8 weight= 0.75 mean_abs_feat_delta= 0.234985
SECONDARY_EDGE_TTA_ACTIVE views= 8 weight= 0.75 mean_abs_feat_delta= 0.234985
EDGE_TTA_ACTIVE views= 8 mean_abs_feat_delta= 0.369614
EDGE_TTA_ACTIVE views= 8 mean_abs_feat_delta= 0.369614
EDGE_TTA_ACTIVE views= 8 mean_abs_feat_delta= 0.328005
EDGE_TTA_ACTIVE views= 8 mean_abs_feat_delta= 0.328005
SECONDARY_EDGE_TTA_ACTIVE views= 8 weight= 0.75 mean_abs_feat_delta= 0.289602
BIOHUB_RETENTION_GUARD {"blended_candidates": 258, "dataset": "44b6_0b24845f", "frame": 27, "minimum_retention": 0.9, "primary_candidates": 302, "retention": 0.8543046357615894, "use_primary": true}
SECONDARY_EDGE_TTA_ACTIVE views= 8 weight= 0.75 mean_abs_feat_delta= 0.289602
BIOHUB_RETENTION_GUARD {"blended_candidates": 258, "dataset": "44b6_0b24845f", "frame": 27, "minimum_retention": 0.9, "primary_candidates": 302, "retention": 0.8543046357615894, "use_primary": true}
SECONDARY_EDGE_TTA_ACTIVE views= 8 weight= 0.75 mean_abs_feat_delta= 0.230623
SECONDARY_EDGE_TTA_ACTIVE views= 8 weight= 0.75 mean_abs_feat_delta= 0.230623
EDGE_TTA_ACTIVE views= 8 mean_abs_feat_delta= 0.365619
EDGE_TTA_ACTIVE views= 8 mean_abs_feat_delta= 0.365619
EDGE_TTA_ACTIVE views= 8 mean_abs_feat_delta= 0.332057
EDGE_TTA_ACTIVE views= 8 mean_abs_feat_delta= 0.332057
SECONDARY_EDGE_TTA_ACTIVE views= 8 weight= 0.75 mean_abs_feat_delta= 0.291319
SECONDARY_EDGE_TTA_ACTIVE views= 8 weight= 0.75 mean_abs_feat_delta= 0.291319
SECONDARY_EDGE_TTA_ACTIVE views= 8 weight= 0.75 mean_abs_feat_delta= 0.233514
SECONDARY_EDGE_TTA_ACTIVE views= 8 weight= 0.75 mean_abs_feat_delta= 0.233514
EDGE_TTA_ACTIVE views= 8 mean_abs_feat_delta= 0.366332
EDGE_TTA_ACTIVE views= 8 mean_abs_feat_delta= 0.366332
EDGE_TTA_ACTIVE views= 8 mean_abs_feat_delta= 0.327244
SECONDARY_EDGE_TTA_ACTIVE views= 8 weight= 0.75 mean_abs_feat_delta= 0.283865
EDGE_TTA_ACTIVE views= 8 mean_abs_feat_delta= 0.327244
SECONDARY_EDGE_TTA_ACTIVE views= 8 weight= 0.75 mean_abs_feat_delta= 0.283865
SECONDARY_EDGE_TTA_ACTIVE views= 8 weight= 0.75 mean_abs_feat_delta= 0.236419
EDGE_TTA_ACTIVE views= 8 mean_abs_feat_delta= 0.364134
SECONDARY_EDGE_TTA_ACTIVE views= 8 weight= 0.75 mean_abs_feat_delta= 0.236419
EDGE_TTA_ACTIVE views= 8 mean_abs_feat_delta= 0.364134
EDGE_TTA_ACTIVE views= 8 mean_abs_feat_delta= 0.331491
SECONDARY_EDGE_TTA_ACTIVE views= 8 weight= 0.75 mean_abs_feat_delta= 0.282155
EDGE_TTA_ACTIVE views= 8 mean_abs_feat_delta= 0.331491
SECONDARY_EDGE_TTA_ACTIVE views= 8 weight= 0.75 mean_abs_feat_delta= 0.282155
SECONDARY_EDGE_TTA_ACTIVE views= 8 weight= 0.75 mean_abs_feat_delta= 0.240106
SECONDARY_EDGE_TTA_ACTIVE views= 8 weight= 0.75 mean_abs_feat_delta= 0.240106
EDGE_TTA_ACTIVE views= 8 mean_abs_feat_delta= 0.359711
EDGE_TTA_ACTIVE views= 8 mean_abs_feat_delta= 0.359711
SECONDARY_EDGE_TTA_ACTIVE views= 8 weight= 0.75 mean_abs_feat_delta= 0.283753
EDGE_TTA_ACTIVE views= 8 mean_abs_feat_delta= 0.332767
SECONDARY_EDGE_TTA_ACTIVE views= 8 weight= 0.75 mean_abs_feat_delta= 0.283753
EDGE_TTA_ACTIVE views= 8 mean_abs_feat_delta= 0.332767
SECONDARY_EDGE_TTA_ACTIVE views= 8 weight= 0.75 mean_abs_feat_delta= 0.251196
EDGE_TTA_ACTIVE views= 8 mean_abs_feat_delta= 0.362505
SECONDARY_EDGE_TTA_ACTIVE views= 8 weight= 0.75 mean_abs_feat_delta= 0.251196
EDGE_TTA_ACTIVE views= 8 mean_abs_feat_delta= 0.362505
SECONDARY_EDGE_TTA_ACTIVE views= 8 weight= 0.75 mean_abs_feat_delta= 0.282429
BIOHUB_RETENTION_GUARD {"blended_candidates": 249, "dataset": "44b6_0b24845f", "frame": 32, "minimum_retention": 0.9, "primary_candidates": 293, "retention": 0.8498293515358362, "use_primary": true}
EDGE_TTA_ACTIVE views= 8 mean_abs_feat_delta= 0.333532
SECONDARY_EDGE_TTA_ACTIVE views= 8 weight= 0.75 mean_abs_feat_delta= 0.282429
BIOHUB_RETENTION_GUARD {"blended_candidates": 249, "dataset": "44b6_0b24845f", "frame": 32, "minimum_retention": 0.9, "primary_candidates": 293, "retention": 0.8498293515358362, "use_primary": true}
EDGE_TTA_ACTIVE views= 8 mean_abs_feat_delta= 0.333532
EDGE_TTA_ACTIVE views= 8 mean_abs_feat_delta= 0.364903
SECONDARY_EDGE_TTA_ACTIVE views= 8 weight= 0.75 mean_abs_feat_delta= 0.251416
EDGE_TTA_ACTIVE views= 8 mean_abs_feat_delta= 0.364903
SECONDARY_EDGE_TTA_ACTIVE views= 8 weight= 0.75 mean_abs_feat_delta= 0.251416
SECONDARY_EDGE_TTA_ACTIVE views= 8 weight= 0.75 mean_abs_feat_delta= 0.280468
BIOHUB_RETENTION_GUARD {"blended_candidates": 234, "dataset": "44b6_0b24845f", "frame": 33, "minimum_retention": 0.9, "primary_candidates": 276, "retention": 0.8478260869565217, "use_primary": true}
SECONDARY_EDGE_TTA_ACTIVE views= 8 weight= 0.75 mean_abs_feat_delta= 0.280468
BIOHUB_RETENTION_GUARD {"blended_candidates": 234, "dataset": "44b6_0b24845f", "frame": 33, "minimum_retention": 0.9, "primary_candidates": 276, "retention": 0.8478260869565217, "use_primary": true}
EDGE_TTA_ACTIVE views= 8 mean_abs_feat_delta= 0.339086
EDGE_TTA_ACTIVE views= 8 mean_abs_feat_delta= 0.339086
EDGE_TTA_ACTIVE views= 8 mean_abs_feat_delta= 0.364198
EDGE_TTA_ACTIVE views= 8 mean_abs_feat_delta= 0.364198
SECONDARY_EDGE_TTA_ACTIVE views= 8 weight= 0.75 mean_abs_feat_delta= 0.251129
SECONDARY_EDGE_TTA_ACTIVE views= 8 weight= 0.75 mean_abs_feat_delta= 0.251129
SECONDARY_EDGE_TTA_ACTIVE views= 8 weight= 0.75 mean_abs_feat_delta= 0.273313
SECONDARY_EDGE_TTA_ACTIVE views= 8 weight= 0.75 mean_abs_feat_delta= 0.273313
EDGE_TTA_ACTIVE views= 8 mean_abs_feat_delta= 0.336421
EDGE_TTA_ACTIVE views= 8 mean_abs_feat_delta= 0.336421
EDGE_TTA_ACTIVE views= 8 mean_abs_feat_delta= 0.362852
EDGE_TTA_ACTIVE views= 8 mean_abs_feat_delta= 0.362852
SECONDARY_EDGE_TTA_ACTIVE views= 8 weight= 0.75 mean_abs_feat_delta= 0.248917
SECONDARY_EDGE_TTA_ACTIVE views= 8 weight= 0.75 mean_abs_feat_delta= 0.248917
SECONDARY_EDGE_TTA_ACTIVE views= 8 weight= 0.75 mean_abs_feat_delta= 0.27435
SECONDARY_EDGE_TTA_ACTIVE views= 8 weight= 0.75 mean_abs_feat_delta= 0.27435
EDGE_TTA_ACTIVE views= 8 mean_abs_feat_delta= 0.329875
EDGE_TTA_ACTIVE views= 8 mean_abs_feat_delta= 0.329875
EDGE_TTA_ACTIVE views= 8 mean_abs_feat_delta= 0.373852
EDGE_TTA_ACTIVE views= 8 mean_abs_feat_delta= 0.373852
SECONDARY_EDGE_TTA_ACTIVE views= 8 weight= 0.75 mean_abs_feat_delta= 0.248317
SECONDARY_EDGE_TTA_ACTIVE views= 8 weight= 0.75 mean_abs_feat_delta= 0.248317
SECONDARY_EDGE_TTA_ACTIVE views= 8 weight= 0.75 mean_abs_feat_delta= 0.28122
SECONDARY_EDGE_TTA_ACTIVE views= 8 weight= 0.75 mean_abs_feat_delta= 0.28122
EDGE_TTA_ACTIVE views= 8 mean_abs_feat_delta= 0.328572
EDGE_TTA_ACTIVE views= 8 mean_abs_feat_delta= 0.328572
EDGE_TTA_ACTIVE views= 8 mean_abs_feat_delta= 0.368966
EDGE_TTA_ACTIVE views= 8 mean_abs_feat_delta= 0.368966
SECONDARY_EDGE_TTA_ACTIVE views= 8 weight= 0.75 mean_abs_feat_delta= 0.247468
SECONDARY_EDGE_TTA_ACTIVE views= 8 weight= 0.75 mean_abs_feat_delta= 0.247468
SECONDARY_EDGE_TTA_ACTIVE views= 8 weight= 0.75 mean_abs_feat_delta= 0.277064
SECONDARY_EDGE_TTA_ACTIVE views= 8 weight= 0.75 mean_abs_feat_delta= 0.277064
EDGE_TTA_ACTIVE views= 8 mean_abs_feat_delta= 0.326071
EDGE_TTA_ACTIVE views= 8 mean_abs_feat_delta= 0.366559
EDGE_TTA_ACTIVE views= 8 mean_abs_feat_delta= 0.326071
EDGE_TTA_ACTIVE views= 8 mean_abs_feat_delta= 0.366559
SECONDARY_EDGE_TTA_ACTIVE views= 8 weight= 0.75 mean_abs_feat_delta= 0.246968
SECONDARY_EDGE_TTA_ACTIVE views= 8 weight= 0.75 mean_abs_feat_delta= 0.274933
SECONDARY_EDGE_TTA_ACTIVE views= 8 weight= 0.75 mean_abs_feat_delta= 0.246968
SECONDARY_EDGE_TTA_ACTIVE views= 8 weight= 0.75 mean_abs_feat_delta= 0.274933
EDGE_TTA_ACTIVE views= 8 mean_abs_feat_delta= 0.370597
EDGE_TTA_ACTIVE views= 8 mean_abs_feat_delta= 0.328178
EDGE_TTA_ACTIVE views= 8 mean_abs_feat_delta= 0.370597
EDGE_TTA_ACTIVE views= 8 mean_abs_feat_delta= 0.328178
SECONDARY_EDGE_TTA_ACTIVE views= 8 weight= 0.75 mean_abs_feat_delta= 0.278308
SECONDARY_EDGE_TTA_ACTIVE views= 8 weight= 0.75 mean_abs_feat_delta= 0.250361
SECONDARY_EDGE_TTA_ACTIVE views= 8 weight= 0.75 mean_abs_feat_delta= 0.278308
SECONDARY_EDGE_TTA_ACTIVE views= 8 weight= 0.75 mean_abs_feat_delta= 0.250361
EDGE_TTA_ACTIVE views= 8 mean_abs_feat_delta= 0.372674
EDGE_TTA_ACTIVE views= 8 mean_abs_feat_delta= 0.331242
EDGE_TTA_ACTIVE views= 8 mean_abs_feat_delta= 0.372674
EDGE_TTA_ACTIVE views= 8 mean_abs_feat_delta= 0.331242
SECONDARY_EDGE_TTA_ACTIVE views= 8 weight= 0.75 mean_abs_feat_delta= 0.285352
SECONDARY_EDGE_TTA_ACTIVE views= 8 weight= 0.75 mean_abs_feat_delta= 0.285352
SECONDARY_EDGE_TTA_ACTIVE views= 8 weight= 0.75 mean_abs_feat_delta= 0.24375
SECONDARY_EDGE_TTA_ACTIVE views= 8 weight= 0.75 mean_abs_feat_delta= 0.24375
EDGE_TTA_ACTIVE views= 8 mean_abs_feat_delta= 0.367938
EDGE_TTA_ACTIVE views= 8 mean_abs_feat_delta= 0.367938
EDGE_TTA_ACTIVE views= 8 mean_abs_feat_delta= 0.332742
EDGE_TTA_ACTIVE views= 8 mean_abs_feat_delta= 0.332742
SECONDARY_EDGE_TTA_ACTIVE views= 8 weight= 0.75 mean_abs_feat_delta= 0.280788
SECONDARY_EDGE_TTA_ACTIVE views= 8 weight= 0.75 mean_abs_feat_delta= 0.280788
SECONDARY_EDGE_TTA_ACTIVE views= 8 weight= 0.75 mean_abs_feat_delta= 0.239566
SECONDARY_EDGE_TTA_ACTIVE views= 8 weight= 0.75 mean_abs_feat_delta= 0.239566
EDGE_TTA_ACTIVE views= 8 mean_abs_feat_delta= 0.364834
EDGE_TTA_ACTIVE views= 8 mean_abs_feat_delta= 0.364834
EDGE_TTA_ACTIVE views= 8 mean_abs_feat_delta= 0.325998
EDGE_TTA_ACTIVE views= 8 mean_abs_feat_delta= 0.325998
SECONDARY_EDGE_TTA_ACTIVE views= 8 weight= 0.75 mean_abs_feat_delta= 0.282166
SECONDARY_EDGE_TTA_ACTIVE views= 8 weight= 0.75 mean_abs_feat_delta= 0.282166
SECONDARY_EDGE_TTA_ACTIVE views= 8 weight= 0.75 mean_abs_feat_delta= 0.242074
SECONDARY_EDGE_TTA_ACTIVE views= 8 weight= 0.75 mean_abs_feat_delta= 0.242074
EDGE_TTA_ACTIVE views= 8 mean_abs_feat_delta= 0.36801
EDGE_TTA_ACTIVE views= 8 mean_abs_feat_delta= 0.36801
EDGE_TTA_ACTIVE views= 8 mean_abs_feat_delta= 0.326187
EDGE_TTA_ACTIVE views= 8 mean_abs_feat_delta= 0.326187
SECONDARY_EDGE_TTA_ACTIVE views= 8 weight= 0.75 mean_abs_feat_delta= 0.283823
SECONDARY_EDGE_TTA_ACTIVE views= 8 weight= 0.75 mean_abs_feat_delta= 0.283823
SECONDARY_EDGE_TTA_ACTIVE views= 8 weight= 0.75 mean_abs_feat_delta= 0.24388
SECONDARY_EDGE_TTA_ACTIVE views= 8 weight= 0.75 mean_abs_feat_delta= 0.24388
EDGE_TTA_ACTIVE views= 8 mean_abs_feat_delta= 0.367877
EDGE_TTA_ACTIVE views= 8 mean_abs_feat_delta= 0.367877
EDGE_TTA_ACTIVE views= 8 mean_abs_feat_delta= 0.329641
SECONDARY_EDGE_TTA_ACTIVE views= 8 weight= 0.75 mean_abs_feat_delta= 0.281373
EDGE_TTA_ACTIVE views= 8 mean_abs_feat_delta= 0.329641
SECONDARY_EDGE_TTA_ACTIVE views= 8 weight= 0.75 mean_abs_feat_delta= 0.281373
SECONDARY_EDGE_TTA_ACTIVE views= 8 weight= 0.75 mean_abs_feat_delta= 0.242396
EDGE_TTA_ACTIVE views= 8 mean_abs_feat_delta= 0.368248
SECONDARY_EDGE_TTA_ACTIVE views= 8 weight= 0.75 mean_abs_feat_delta= 0.242396
EDGE_TTA_ACTIVE views= 8 mean_abs_feat_delta= 0.368248
SECONDARY_EDGE_TTA_ACTIVE views= 8 weight= 0.75 mean_abs_feat_delta= 0.281151
EDGE_TTA_ACTIVE views= 8 mean_abs_feat_delta= 0.331184
SECONDARY_EDGE_TTA_ACTIVE views= 8 weight= 0.75 mean_abs_feat_delta= 0.281151
EDGE_TTA_ACTIVE views= 8 mean_abs_feat_delta= 0.331184
SECONDARY_EDGE_TTA_ACTIVE views= 8 weight= 0.75 mean_abs_feat_delta= 0.24245
EDGE_TTA_ACTIVE views= 8 mean_abs_feat_delta= 0.366473
SECONDARY_EDGE_TTA_ACTIVE views= 8 weight= 0.75 mean_abs_feat_delta= 0.24245
EDGE_TTA_ACTIVE views= 8 mean_abs_feat_delta= 0.366473
SECONDARY_EDGE_TTA_ACTIVE views= 8 weight= 0.75 mean_abs_feat_delta= 0.288338
SECONDARY_EDGE_TTA_ACTIVE views= 8 weight= 0.75 mean_abs_feat_delta= 0.288338
EDGE_TTA_ACTIVE views= 8 mean_abs_feat_delta= 0.330506
EDGE_TTA_ACTIVE views= 8 mean_abs_feat_delta= 0.330506
EDGE_TTA_ACTIVE views= 8 mean_abs_feat_delta= 0.369227
EDGE_TTA_ACTIVE views= 8 mean_abs_feat_delta= 0.369227
SECONDARY_EDGE_TTA_ACTIVE views= 8 weight= 0.75 mean_abs_feat_delta= 0.246663
SECONDARY_EDGE_TTA_ACTIVE views= 8 weight= 0.75 mean_abs_feat_delta= 0.246663
SECONDARY_EDGE_TTA_ACTIVE views= 8 weight= 0.75 mean_abs_feat_delta= 0.292434
BIOHUB_RETENTION_GUARD {"blended_candidates": 264, "dataset": "44b6_0b24845f", "frame": 47, "minimum_retention": 0.9, "primary_candidates": 307, "retention": 0.8599348534201955, "use_primary": true}
SECONDARY_EDGE_TTA_ACTIVE views= 8 weight= 0.75 mean_abs_feat_delta= 0.292434
BIOHUB_RETENTION_GUARD {"blended_candidates": 264, "dataset": "44b6_0b24845f", "frame": 47, "minimum_retention": 0.9, "primary_candidates": 307, "retention": 0.8599348534201955, "use_primary": true}
EDGE_TTA_ACTIVE views= 8 mean_abs_feat_delta= 0.326851
EDGE_TTA_ACTIVE views= 8 mean_abs_feat_delta= 0.326851
EDGE_TTA_ACTIVE views= 8 mean_abs_feat_delta= 0.376915
EDGE_TTA_ACTIVE views= 8 mean_abs_feat_delta= 0.376915
SECONDARY_EDGE_TTA_ACTIVE views= 8 weight= 0.75 mean_abs_feat_delta= 0.248161
SECONDARY_EDGE_TTA_ACTIVE views= 8 weight= 0.75 mean_abs_feat_delta= 0.248161
SECONDARY_EDGE_TTA_ACTIVE views= 8 weight= 0.75 mean_abs_feat_delta= 0.288129
SECONDARY_EDGE_TTA_ACTIVE views= 8 weight= 0.75 mean_abs_feat_delta= 0.288129
EDGE_TTA_ACTIVE views= 8 mean_abs_feat_delta= 0.32759
EDGE_TTA_ACTIVE views= 8 mean_abs_feat_delta= 0.32759
EDGE_TTA_ACTIVE views= 8 mean_abs_feat_delta= 0.373149
EDGE_TTA_ACTIVE views= 8 mean_abs_feat_delta= 0.373149
SECONDARY_EDGE_TTA_ACTIVE views= 8 weight= 0.75 mean_abs_feat_delta= 0.244572
SECONDARY_EDGE_TTA_ACTIVE views= 8 weight= 0.75 mean_abs_feat_delta= 0.244572
SECONDARY_EDGE_TTA_ACTIVE views= 8 weight= 0.75 mean_abs_feat_delta= 0.299885
SECONDARY_EDGE_TTA_ACTIVE views= 8 weight= 0.75 mean_abs_feat_delta= 0.299885
EDGE_TTA_ACTIVE views= 8 mean_abs_feat_delta= 0.323605
EDGE_TTA_ACTIVE views= 8 mean_abs_feat_delta= 0.373289
EDGE_TTA_ACTIVE views= 8 mean_abs_feat_delta= 0.323605
EDGE_TTA_ACTIVE views= 8 mean_abs_feat_delta= 0.373289
SECONDARY_EDGE_TTA_ACTIVE views= 8 weight= 0.75 mean_abs_feat_delta= 0.244253
SECONDARY_EDGE_TTA_ACTIVE views= 8 weight= 0.75 mean_abs_feat_delta= 0.305548
BIOHUB_RETENTION_GUARD {"blended_candidates": 253, "dataset": "44b6_0b24845f", "frame": 50, "minimum_retention": 0.9, "primary_candidates": 285, "retention": 0.887719298245614, "use_primary": true}
SECONDARY_EDGE_TTA_ACTIVE views= 8 weight= 0.75 mean_abs_feat_delta= 0.244253
SECONDARY_EDGE_TTA_ACTIVE views= 8 weight= 0.75 mean_abs_feat_delta= 0.305548
BIOHUB_RETENTION_GUARD {"blended_candidates": 253, "dataset": "44b6_0b24845f", "frame": 50, "minimum_retention": 0.9, "primary_candidates": 285, "retention": 0.887719298245614, "use_primary": true}
EDGE_TTA_ACTIVE views= 8 mean_abs_feat_delta= 0.372374
EDGE_TTA_ACTIVE views= 8 mean_abs_feat_delta= 0.332571
EDGE_TTA_ACTIVE views= 8 mean_abs_feat_delta= 0.372374
EDGE_TTA_ACTIVE views= 8 mean_abs_feat_delta= 0.332571
SECONDARY_EDGE_TTA_ACTIVE views= 8 weight= 0.75 mean_abs_feat_delta= 0.296505
BIOHUB_RETENTION_GUARD {"blended_candidates": 321, "dataset": "44b6_0b24845f", "frame": 51, "minimum_retention": 0.9, "primary_candidates": 361, "retention": 0.889196675900277, "use_primary": true}
SECONDARY_EDGE_TTA_ACTIVE views= 8 weight= 0.75 mean_abs_feat_delta= 0.251298
SECONDARY_EDGE_TTA_ACTIVE views= 8 weight= 0.75 mean_abs_feat_delta= 0.296505
BIOHUB_RETENTION_GUARD {"blended_candidates": 321, "dataset": "44b6_0b24845f", "frame": 51, "minimum_retention": 0.9, "primary_candidates": 361, "retention": 0.889196675900277, "use_primary": true}
SECONDARY_EDGE_TTA_ACTIVE views= 8 weight= 0.75 mean_abs_feat_delta= 0.251298
EDGE_TTA_ACTIVE views= 8 mean_abs_feat_delta= 0.36791
EDGE_TTA_ACTIVE views= 8 mean_abs_feat_delta= 0.328319
EDGE_TTA_ACTIVE views= 8 mean_abs_feat_delta= 0.36791
EDGE_TTA_ACTIVE views= 8 mean_abs_feat_delta= 0.328319
SECONDARY_EDGE_TTA_ACTIVE views= 8 weight= 0.75 mean_abs_feat_delta= 0.295986
SECONDARY_EDGE_TTA_ACTIVE views= 8 weight= 0.75 mean_abs_feat_delta= 0.295986
SECONDARY_EDGE_TTA_ACTIVE views= 8 weight= 0.75 mean_abs_feat_delta= 0.241945
SECONDARY_EDGE_TTA_ACTIVE views= 8 weight= 0.75 mean_abs_feat_delta= 0.241945
EDGE_TTA_ACTIVE views= 8 mean_abs_feat_delta= 0.370709
EDGE_TTA_ACTIVE views= 8 mean_abs_feat_delta= 0.370709
EDGE_TTA_ACTIVE views= 8 mean_abs_feat_delta= 0.327289
EDGE_TTA_ACTIVE views= 8 mean_abs_feat_delta= 0.327289
SECONDARY_EDGE_TTA_ACTIVE views= 8 weight= 0.75 mean_abs_feat_delta= 0.30285
BIOHUB_RETENTION_GUARD {"blended_candidates": 305, "dataset": "44b6_0b24845f", "frame": 53, "minimum_retention": 0.9, "primary_candidates": 342, "retention": 0.8918128654970761, "use_primary": true}
SECONDARY_EDGE_TTA_ACTIVE views= 8 weight= 0.75 mean_abs_feat_delta= 0.30285
BIOHUB_RETENTION_GUARD {"blended_candidates": 305, "dataset": "44b6_0b24845f", "frame": 53, "minimum_retention": 0.9, "primary_candidates": 342, "retention": 0.8918128654970761, "use_primary": true}
SECONDARY_EDGE_TTA_ACTIVE views= 8 weight= 0.75 mean_abs_feat_delta= 0.241039
SECONDARY_EDGE_TTA_ACTIVE views= 8 weight= 0.75 mean_abs_feat_delta= 0.241039
EDGE_TTA_ACTIVE views= 8 mean_abs_feat_delta= 0.369503
EDGE_TTA_ACTIVE views= 8 mean_abs_feat_delta= 0.369503
EDGE_TTA_ACTIVE views= 8 mean_abs_feat_delta= 0.337614
EDGE_TTA_ACTIVE views= 8 mean_abs_feat_delta= 0.337614
SECONDARY_EDGE_TTA_ACTIVE views= 8 weight= 0.75 mean_abs_feat_delta= 0.30254
BIOHUB_RETENTION_GUARD {"blended_candidates": 321, "dataset": "44b6_0b24845f", "frame": 54, "minimum_retention": 0.9, "primary_candidates": 362, "retention": 0.8867403314917127, "use_primary": true}
SECONDARY_EDGE_TTA_ACTIVE views= 8 weight= 0.75 mean_abs_feat_delta= 0.30254
BIOHUB_RETENTION_GUARD {"blended_candidates": 321, "dataset": "44b6_0b24845f", "frame": 54, "minimum_retention": 0.9, "primary_candidates": 362, "retention": 0.8867403314917127, "use_primary": true}
SECONDARY_EDGE_TTA_ACTIVE views= 8 weight= 0.75 mean_abs_feat_delta= 0.250851
SECONDARY_EDGE_TTA_ACTIVE views= 8 weight= 0.75 mean_abs_feat_delta= 0.250851
EDGE_TTA_ACTIVE views= 8 mean_abs_feat_delta= 0.3697
EDGE_TTA_ACTIVE views= 8 mean_abs_feat_delta= 0.3697
EDGE_TTA_ACTIVE views= 8 mean_abs_feat_delta= 0.338693
EDGE_TTA_ACTIVE views= 8 mean_abs_feat_delta= 0.338693
SECONDARY_EDGE_TTA_ACTIVE views= 8 weight= 0.75 mean_abs_feat_delta= 0.304896
SECONDARY_EDGE_TTA_ACTIVE views= 8 weight= 0.75 mean_abs_feat_delta= 0.304896
SECONDARY_EDGE_TTA_ACTIVE views= 8 weight= 0.75 mean_abs_feat_delta= 0.253217
SECONDARY_EDGE_TTA_ACTIVE views= 8 weight= 0.75 mean_abs_feat_delta= 0.253217
EDGE_TTA_ACTIVE views= 8 mean_abs_feat_delta= 0.37301
EDGE_TTA_ACTIVE views= 8 mean_abs_feat_delta= 0.37301
EDGE_TTA_ACTIVE views= 8 mean_abs_feat_delta= 0.338257
SECONDARY_EDGE_TTA_ACTIVE views= 8 weight= 0.75 mean_abs_feat_delta= 0.308335
EDGE_TTA_ACTIVE views= 8 mean_abs_feat_delta= 0.338257
SECONDARY_EDGE_TTA_ACTIVE views= 8 weight= 0.75 mean_abs_feat_delta= 0.308335
SECONDARY_EDGE_TTA_ACTIVE views= 8 weight= 0.75 mean_abs_feat_delta= 0.261342
SECONDARY_EDGE_TTA_ACTIVE views= 8 weight= 0.75 mean_abs_feat_delta= 0.261342
EDGE_TTA_ACTIVE views= 8 mean_abs_feat_delta= 0.367347
EDGE_TTA_ACTIVE views= 8 mean_abs_feat_delta= 0.367347
EDGE_TTA_ACTIVE views= 8 mean_abs_feat_delta= 0.33887
SECONDARY_EDGE_TTA_ACTIVE views= 8 weight= 0.75 mean_abs_feat_delta= 0.3079
EDGE_TTA_ACTIVE views= 8 mean_abs_feat_delta= 0.33887
SECONDARY_EDGE_TTA_ACTIVE views= 8 weight= 0.75 mean_abs_feat_delta= 0.3079
SECONDARY_EDGE_TTA_ACTIVE views= 8 weight= 0.75 mean_abs_feat_delta= 0.263655
EDGE_TTA_ACTIVE views= 8 mean_abs_feat_delta= 0.36398
SECONDARY_EDGE_TTA_ACTIVE views= 8 weight= 0.75 mean_abs_feat_delta= 0.263655
EDGE_TTA_ACTIVE views= 8 mean_abs_feat_delta= 0.36398
SECONDARY_EDGE_TTA_ACTIVE views= 8 weight= 0.75 mean_abs_feat_delta= 0.304751
BIOHUB_RETENTION_GUARD {"blended_candidates": 263, "dataset": "44b6_0b24845f", "frame": 58, "minimum_retention": 0.9, "primary_candidates": 312, "retention": 0.842948717948718, "use_primary": true}
EDGE_TTA_ACTIVE views= 8 mean_abs_feat_delta= 0.339106
SECONDARY_EDGE_TTA_ACTIVE views= 8 weight= 0.75 mean_abs_feat_delta= 0.304751
BIOHUB_RETENTION_GUARD {"blended_candidates": 263, "dataset": "44b6_0b24845f", "frame": 58, "minimum_retention": 0.9, "primary_candidates": 312, "retention": 0.842948717948718, "use_primary": true}
EDGE_TTA_ACTIVE views= 8 mean_abs_feat_delta= 0.339106
SECONDARY_EDGE_TTA_ACTIVE views= 8 weight= 0.75 mean_abs_feat_delta= 0.264049
EDGE_TTA_ACTIVE views= 8 mean_abs_feat_delta= 0.366206
SECONDARY_EDGE_TTA_ACTIVE views= 8 weight= 0.75 mean_abs_feat_delta= 0.264049
EDGE_TTA_ACTIVE views= 8 mean_abs_feat_delta= 0.366206
SECONDARY_EDGE_TTA_ACTIVE views= 8 weight= 0.75 mean_abs_feat_delta= 0.300835
BIOHUB_RETENTION_GUARD {"blended_candidates": 303, "dataset": "44b6_0b24845f", "frame": 59, "minimum_retention": 0.9, "primary_candidates": 346, "retention": 0.8757225433526011, "use_primary": true}
SECONDARY_EDGE_TTA_ACTIVE views= 8 weight= 0.75 mean_abs_feat_delta= 0.300835
BIOHUB_RETENTION_GUARD {"blended_candidates": 303, "dataset": "44b6_0b24845f", "frame": 59, "minimum_retention": 0.9, "primary_candidates": 346, "retention": 0.8757225433526011, "use_primary": true}
EDGE_TTA_ACTIVE views= 8 mean_abs_feat_delta= 0.341611
EDGE_TTA_ACTIVE views= 8 mean_abs_feat_delta= 0.341611
EDGE_TTA_ACTIVE views= 8 mean_abs_feat_delta= 0.36887
SECONDARY_EDGE_TTA_ACTIVE views= 8 weight= 0.75 mean_abs_feat_delta= 0.262185
EDGE_TTA_ACTIVE views= 8 mean_abs_feat_delta= 0.36887
SECONDARY_EDGE_TTA_ACTIVE views= 8 weight= 0.75 mean_abs_feat_delta= 0.262185
SECONDARY_EDGE_TTA_ACTIVE views= 8 weight= 0.75 mean_abs_feat_delta= 0.300158
BIOHUB_RETENTION_GUARD {"blended_candidates": 335, "dataset": "44b6_0b24845f", "frame": 60, "minimum_retention": 0.9, "primary_candidates": 393, "retention": 0.8524173027989822, "use_primary": true}
SECONDARY_EDGE_TTA_ACTIVE views= 8 weight= 0.75 mean_abs_feat_delta= 0.300158
BIOHUB_RETENTION_GUARD {"blended_candidates": 335, "dataset": "44b6_0b24845f", "frame": 60, "minimum_retention": 0.9, "primary_candidates": 393, "retention": 0.8524173027989822, "use_primary": true}
EDGE_TTA_ACTIVE views= 8 mean_abs_feat_delta= 0.346143
EDGE_TTA_ACTIVE views= 8 mean_abs_feat_delta= 0.346143
EDGE_TTA_ACTIVE views= 8 mean_abs_feat_delta= 0.365386
EDGE_TTA_ACTIVE views= 8 mean_abs_feat_delta= 0.365386
SECONDARY_EDGE_TTA_ACTIVE views= 8 weight= 0.75 mean_abs_feat_delta= 0.257653
SECONDARY_EDGE_TTA_ACTIVE views= 8 weight= 0.75 mean_abs_feat_delta= 0.257653
SECONDARY_EDGE_TTA_ACTIVE views= 8 weight= 0.75 mean_abs_feat_delta= 0.300168
BIOHUB_RETENTION_GUARD {"blended_candidates": 275, "dataset": "44b6_0b24845f", "frame": 61, "minimum_retention": 0.9, "primary_candidates": 333, "retention": 0.8258258258258259, "use_primary": true}
SECONDARY_EDGE_TTA_ACTIVE views= 8 weight= 0.75 mean_abs_feat_delta= 0.300168
BIOHUB_RETENTION_GUARD {"blended_candidates": 275, "dataset": "44b6_0b24845f", "frame": 61, "minimum_retention": 0.9, "primary_candidates": 333, "retention": 0.8258258258258259, "use_primary": true}
EDGE_TTA_ACTIVE views= 8 mean_abs_feat_delta= 0.340083
EDGE_TTA_ACTIVE views= 8 mean_abs_feat_delta= 0.340083
EDGE_TTA_ACTIVE views= 8 mean_abs_feat_delta= 0.366621
EDGE_TTA_ACTIVE views= 8 mean_abs_feat_delta= 0.366621
SECONDARY_EDGE_TTA_ACTIVE views= 8 weight= 0.75 mean_abs_feat_delta= 0.252778
SECONDARY_EDGE_TTA_ACTIVE views= 8 weight= 0.75 mean_abs_feat_delta= 0.252778
SECONDARY_EDGE_TTA_ACTIVE views= 8 weight= 0.75 mean_abs_feat_delta= 0.300845
BIOHUB_RETENTION_GUARD {"blended_candidates": 298, "dataset": "44b6_0b24845f", "frame": 62, "minimum_retention": 0.9, "primary_candidates": 345, "retention": 0.863768115942029, "use_primary": true}
SECONDARY_EDGE_TTA_ACTIVE views= 8 weight= 0.75 mean_abs_feat_delta= 0.300845
BIOHUB_RETENTION_GUARD {"blended_candidates": 298, "dataset": "44b6_0b24845f", "frame": 62, "minimum_retention": 0.9, "primary_candidates": 345, "retention": 0.863768115942029, "use_primary": true}
EDGE_TTA_ACTIVE views= 8 mean_abs_feat_delta= 0.339203
EDGE_TTA_ACTIVE views= 8 mean_abs_feat_delta= 0.339203
EDGE_TTA_ACTIVE views= 8 mean_abs_feat_delta= 0.373908
EDGE_TTA_ACTIVE views= 8 mean_abs_feat_delta= 0.373908
SECONDARY_EDGE_TTA_ACTIVE views= 8 weight= 0.75 mean_abs_feat_delta= 0.255196
SECONDARY_EDGE_TTA_ACTIVE views= 8 weight= 0.75 mean_abs_feat_delta= 0.255196
SECONDARY_EDGE_TTA_ACTIVE views= 8 weight= 0.75 mean_abs_feat_delta= 0.303221
SECONDARY_EDGE_TTA_ACTIVE views= 8 weight= 0.75 mean_abs_feat_delta= 0.303221
EDGE_TTA_ACTIVE views= 8 mean_abs_feat_delta= 0.336994
EDGE_TTA_ACTIVE views= 8 mean_abs_feat_delta= 0.336994
EDGE_TTA_ACTIVE views= 8 mean_abs_feat_delta= 0.368494
EDGE_TTA_ACTIVE views= 8 mean_abs_feat_delta= 0.368494
SECONDARY_EDGE_TTA_ACTIVE views= 8 weight= 0.75 mean_abs_feat_delta= 0.255652
SECONDARY_EDGE_TTA_ACTIVE views= 8 weight= 0.75 mean_abs_feat_delta= 0.299317
BIOHUB_RETENTION_GUARD {"blended_candidates": 295, "dataset": "44b6_0b24845f", "frame": 64, "minimum_retention": 0.9, "primary_candidates": 344, "retention": 0.8575581395348837, "use_primary": true}
SECONDARY_EDGE_TTA_ACTIVE views= 8 weight= 0.75 mean_abs_feat_delta= 0.255652
SECONDARY_EDGE_TTA_ACTIVE views= 8 weight= 0.75 mean_abs_feat_delta= 0.299317
BIOHUB_RETENTION_GUARD {"blended_candidates": 295, "dataset": "44b6_0b24845f", "frame": 64, "minimum_retention": 0.9, "primary_candidates": 344, "retention": 0.8575581395348837, "use_primary": true}
EDGE_TTA_ACTIVE views= 8 mean_abs_feat_delta= 0.370026
EDGE_TTA_ACTIVE views= 8 mean_abs_feat_delta= 0.342499
EDGE_TTA_ACTIVE views= 8 mean_abs_feat_delta= 0.370026
EDGE_TTA_ACTIVE views= 8 mean_abs_feat_delta= 0.342499
SECONDARY_EDGE_TTA_ACTIVE views= 8 weight= 0.75 mean_abs_feat_delta= 0.299955
BIOHUB_RETENTION_GUARD {"blended_candidates": 335, "dataset": "44b6_0b24845f", "frame": 65, "minimum_retention": 0.9, "primary_candidates": 378, "retention": 0.8862433862433863, "use_primary": true}
SECONDARY_EDGE_TTA_ACTIVE views= 8 weight= 0.75 mean_abs_feat_delta= 0.256616
SECONDARY_EDGE_TTA_ACTIVE views= 8 weight= 0.75 mean_abs_feat_delta= 0.299955
BIOHUB_RETENTION_GUARD {"blended_candidates": 335, "dataset": "44b6_0b24845f", "frame": 65, "minimum_retention": 0.9, "primary_candidates": 378, "retention": 0.8862433862433863, "use_primary": true}
SECONDARY_EDGE_TTA_ACTIVE views= 8 weight= 0.75 mean_abs_feat_delta= 0.256616
EDGE_TTA_ACTIVE views= 8 mean_abs_feat_delta= 0.369253
EDGE_TTA_ACTIVE views= 8 mean_abs_feat_delta= 0.346059
EDGE_TTA_ACTIVE views= 8 mean_abs_feat_delta= 0.369253
EDGE_TTA_ACTIVE views= 8 mean_abs_feat_delta= 0.346059
SECONDARY_EDGE_TTA_ACTIVE views= 8 weight= 0.75 mean_abs_feat_delta= 0.296912
BIOHUB_RETENTION_GUARD {"blended_candidates": 324, "dataset": "44b6_0b24845f", "frame": 66, "minimum_retention": 0.9, "primary_candidates": 375, "retention": 0.864, "use_primary": true}
SECONDARY_EDGE_TTA_ACTIVE views= 8 weight= 0.75 mean_abs_feat_delta= 0.257121
SECONDARY_EDGE_TTA_ACTIVE views= 8 weight= 0.75 mean_abs_feat_delta= 0.296912
BIOHUB_RETENTION_GUARD {"blended_candidates": 324, "dataset": "44b6_0b24845f", "frame": 66, "minimum_retention": 0.9, "primary_candidates": 375, "retention": 0.864, "use_primary": true}
SECONDARY_EDGE_TTA_ACTIVE views= 8 weight= 0.75 mean_abs_feat_delta= 0.257121
EDGE_TTA_ACTIVE views= 8 mean_abs_feat_delta= 0.365768
EDGE_TTA_ACTIVE views= 8 mean_abs_feat_delta= 0.365768
EDGE_TTA_ACTIVE views= 8 mean_abs_feat_delta= 0.346159
EDGE_TTA_ACTIVE views= 8 mean_abs_feat_delta= 0.346159
SECONDARY_EDGE_TTA_ACTIVE views= 8 weight= 0.75 mean_abs_feat_delta= 0.291366
SECONDARY_EDGE_TTA_ACTIVE views= 8 weight= 0.75 mean_abs_feat_delta= 0.291366
SECONDARY_EDGE_TTA_ACTIVE views= 8 weight= 0.75 mean_abs_feat_delta= 0.257896
SECONDARY_EDGE_TTA_ACTIVE views= 8 weight= 0.75 mean_abs_feat_delta= 0.257896
EDGE_TTA_ACTIVE views= 8 mean_abs_feat_delta= 0.365075
EDGE_TTA_ACTIVE views= 8 mean_abs_feat_delta= 0.365075
EDGE_TTA_ACTIVE views= 8 mean_abs_feat_delta= 0.345426
EDGE_TTA_ACTIVE views= 8 mean_abs_feat_delta= 0.345426
SECONDARY_EDGE_TTA_ACTIVE views= 8 weight= 0.75 mean_abs_feat_delta= 0.293296
SECONDARY_EDGE_TTA_ACTIVE views= 8 weight= 0.75 mean_abs_feat_delta= 0.293296
SECONDARY_EDGE_TTA_ACTIVE views= 8 weight= 0.75 mean_abs_feat_delta= 0.259858
SECONDARY_EDGE_TTA_ACTIVE views= 8 weight= 0.75 mean_abs_feat_delta= 0.259858
EDGE_TTA_ACTIVE views= 8 mean_abs_feat_delta= 0.366016
EDGE_TTA_ACTIVE views= 8 mean_abs_feat_delta= 0.366016
EDGE_TTA_ACTIVE views= 8 mean_abs_feat_delta= 0.344989
EDGE_TTA_ACTIVE views= 8 mean_abs_feat_delta= 0.344989
SECONDARY_EDGE_TTA_ACTIVE views= 8 weight= 0.75 mean_abs_feat_delta= 0.301719
SECONDARY_EDGE_TTA_ACTIVE views= 8 weight= 0.75 mean_abs_feat_delta= 0.301719
SECONDARY_EDGE_TTA_ACTIVE views= 8 weight= 0.75 mean_abs_feat_delta= 0.25507
SECONDARY_EDGE_TTA_ACTIVE views= 8 weight= 0.75 mean_abs_feat_delta= 0.25507
EDGE_TTA_ACTIVE views= 8 mean_abs_feat_delta= 0.365231
EDGE_TTA_ACTIVE views= 8 mean_abs_feat_delta= 0.365231
EDGE_TTA_ACTIVE views= 8 mean_abs_feat_delta= 0.343404
EDGE_TTA_ACTIVE views= 8 mean_abs_feat_delta= 0.343404
SECONDARY_EDGE_TTA_ACTIVE views= 8 weight= 0.75 mean_abs_feat_delta= 0.301488
BIOHUB_RETENTION_GUARD {"blended_candidates": 260, "dataset": "44b6_0b24845f", "frame": 70, "minimum_retention": 0.9, "primary_candidates": 305, "retention": 0.8524590163934426, "use_primary": true}
SECONDARY_EDGE_TTA_ACTIVE views= 8 weight= 0.75 mean_abs_feat_delta= 0.301488
BIOHUB_RETENTION_GUARD {"blended_candidates": 260, "dataset": "44b6_0b24845f", "frame": 70, "minimum_retention": 0.9, "primary_candidates": 305, "retention": 0.8524590163934426, "use_primary": true}
SECONDARY_EDGE_TTA_ACTIVE views= 8 weight= 0.75 mean_abs_feat_delta= 0.262098
SECONDARY_EDGE_TTA_ACTIVE views= 8 weight= 0.75 mean_abs_feat_delta= 0.262098
EDGE_TTA_ACTIVE views= 8 mean_abs_feat_delta= 0.36009
EDGE_TTA_ACTIVE views= 8 mean_abs_feat_delta= 0.36009
EDGE_TTA_ACTIVE views= 8 mean_abs_feat_delta= 0.341221
SECONDARY_EDGE_TTA_ACTIVE views= 8 weight= 0.75 mean_abs_feat_delta= 0.299423
EDGE_TTA_ACTIVE views= 8 mean_abs_feat_delta= 0.341221
SECONDARY_EDGE_TTA_ACTIVE views= 8 weight= 0.75 mean_abs_feat_delta= 0.299423
SECONDARY_EDGE_TTA_ACTIVE views= 8 weight= 0.75 mean_abs_feat_delta= 0.262847
SECONDARY_EDGE_TTA_ACTIVE views= 8 weight= 0.75 mean_abs_feat_delta= 0.262847
EDGE_TTA_ACTIVE views= 8 mean_abs_feat_delta= 0.360462
EDGE_TTA_ACTIVE views= 8 mean_abs_feat_delta= 0.360462
EDGE_TTA_ACTIVE views= 8 mean_abs_feat_delta= 0.343003
SECONDARY_EDGE_TTA_ACTIVE views= 8 weight= 0.75 mean_abs_feat_delta= 0.301712
EDGE_TTA_ACTIVE views= 8 mean_abs_feat_delta= 0.343003
SECONDARY_EDGE_TTA_ACTIVE views= 8 weight= 0.75 mean_abs_feat_delta= 0.301712
SECONDARY_EDGE_TTA_ACTIVE views= 8 weight= 0.75 mean_abs_feat_delta= 0.261047
EDGE_TTA_ACTIVE views= 8 mean_abs_feat_delta= 0.359757
SECONDARY_EDGE_TTA_ACTIVE views= 8 weight= 0.75 mean_abs_feat_delta= 0.261047
EDGE_TTA_ACTIVE views= 8 mean_abs_feat_delta= 0.359757
SECONDARY_EDGE_TTA_ACTIVE views= 8 weight= 0.75 mean_abs_feat_delta= 0.305584
BIOHUB_RETENTION_GUARD {"blended_candidates": 197, "dataset": "44b6_0b24845f", "frame": 73, "minimum_retention": 0.9, "primary_candidates": 262, "retention": 0.7519083969465649, "use_primary": true}
EDGE_TTA_ACTIVE views= 8 mean_abs_feat_delta= 0.343125
SECONDARY_EDGE_TTA_ACTIVE views= 8 weight= 0.75 mean_abs_feat_delta= 0.305584
BIOHUB_RETENTION_GUARD {"blended_candidates": 197, "dataset": "44b6_0b24845f", "frame": 73, "minimum_retention": 0.9, "primary_candidates": 262, "retention": 0.7519083969465649, "use_primary": true}
EDGE_TTA_ACTIVE views= 8 mean_abs_feat_delta= 0.343125
SECONDARY_EDGE_TTA_ACTIVE views= 8 weight= 0.75 mean_abs_feat_delta= 0.257455
EDGE_TTA_ACTIVE views= 8 mean_abs_feat_delta= 0.368022
SECONDARY_EDGE_TTA_ACTIVE views= 8 weight= 0.75 mean_abs_feat_delta= 0.257455
EDGE_TTA_ACTIVE views= 8 mean_abs_feat_delta= 0.368022
SECONDARY_EDGE_TTA_ACTIVE views= 8 weight= 0.75 mean_abs_feat_delta= 0.304789
BIOHUB_RETENTION_GUARD {"blended_candidates": 224, "dataset": "44b6_0b24845f", "frame": 74, "minimum_retention": 0.9, "primary_candidates": 291, "retention": 0.7697594501718213, "use_primary": true}
EDGE_TTA_ACTIVE views= 8 mean_abs_feat_delta= 0.337095
SECONDARY_EDGE_TTA_ACTIVE views= 8 weight= 0.75 mean_abs_feat_delta= 0.304789
BIOHUB_RETENTION_GUARD {"blended_candidates": 224, "dataset": "44b6_0b24845f", "frame": 74, "minimum_retention": 0.9, "primary_candidates": 291, "retention": 0.7697594501718213, "use_primary": true}
EDGE_TTA_ACTIVE views= 8 mean_abs_feat_delta= 0.337095
EDGE_TTA_ACTIVE views= 8 mean_abs_feat_delta= 0.358754
SECONDARY_EDGE_TTA_ACTIVE views= 8 weight= 0.75 mean_abs_feat_delta= 0.254838
EDGE_TTA_ACTIVE views= 8 mean_abs_feat_delta= 0.358754
SECONDARY_EDGE_TTA_ACTIVE views= 8 weight= 0.75 mean_abs_feat_delta= 0.254838
SECONDARY_EDGE_TTA_ACTIVE views= 8 weight= 0.75 mean_abs_feat_delta= 0.299735
BIOHUB_RETENTION_GUARD {"blended_candidates": 325, "dataset": "44b6_0b24845f", "frame": 75, "minimum_retention": 0.9, "primary_candidates": 374, "retention": 0.8689839572192514, "use_primary": true}
SECONDARY_EDGE_TTA_ACTIVE views= 8 weight= 0.75 mean_abs_feat_delta= 0.299735
BIOHUB_RETENTION_GUARD {"blended_candidates": 325, "dataset": "44b6_0b24845f", "frame": 75, "minimum_retention": 0.9, "primary_candidates": 374, "retention": 0.8689839572192514, "use_primary": true}
EDGE_TTA_ACTIVE views= 8 mean_abs_feat_delta= 0.337123
EDGE_TTA_ACTIVE views= 8 mean_abs_feat_delta= 0.337123
EDGE_TTA_ACTIVE views= 8 mean_abs_feat_delta= 0.358919
SECONDARY_EDGE_TTA_ACTIVE views= 8 weight= 0.75 mean_abs_feat_delta= 0.260524
EDGE_TTA_ACTIVE views= 8 mean_abs_feat_delta= 0.358919
SECONDARY_EDGE_TTA_ACTIVE views= 8 weight= 0.75 mean_abs_feat_delta= 0.260524
SECONDARY_EDGE_TTA_ACTIVE views= 8 weight= 0.75 mean_abs_feat_delta= 0.295727
BIOHUB_RETENTION_GUARD {"blended_candidates": 321, "dataset": "44b6_0b24845f", "frame": 76, "minimum_retention": 0.9, "primary_candidates": 379, "retention": 0.8469656992084432, "use_primary": true}
SECONDARY_EDGE_TTA_ACTIVE views= 8 weight= 0.75 mean_abs_feat_delta= 0.295727
BIOHUB_RETENTION_GUARD {"blended_candidates": 321, "dataset": "44b6_0b24845f", "frame": 76, "minimum_retention": 0.9, "primary_candidates": 379, "retention": 0.8469656992084432, "use_primary": true}
EDGE_TTA_ACTIVE views= 8 mean_abs_feat_delta= 0.338112
EDGE_TTA_ACTIVE views= 8 mean_abs_feat_delta= 0.338112
EDGE_TTA_ACTIVE views= 8 mean_abs_feat_delta= 0.361097
EDGE_TTA_ACTIVE views= 8 mean_abs_feat_delta= 0.361097
SECONDARY_EDGE_TTA_ACTIVE views= 8 weight= 0.75 mean_abs_feat_delta= 0.262847
SECONDARY_EDGE_TTA_ACTIVE views= 8 weight= 0.75 mean_abs_feat_delta= 0.262847
SECONDARY_EDGE_TTA_ACTIVE views= 8 weight= 0.75 mean_abs_feat_delta= 0.301815
BIOHUB_RETENTION_GUARD {"blended_candidates": 243, "dataset": "44b6_0b24845f", "frame": 77, "minimum_retention": 0.9, "primary_candidates": 331, "retention": 0.7341389728096677, "use_primary": true}
SECONDARY_EDGE_TTA_ACTIVE views= 8 weight= 0.75 mean_abs_feat_delta= 0.301815
BIOHUB_RETENTION_GUARD {"blended_candidates": 243, "dataset": "44b6_0b24845f", "frame": 77, "minimum_retention": 0.9, "primary_candidates": 331, "retention": 0.7341389728096677, "use_primary": true}
EDGE_TTA_ACTIVE views= 8 mean_abs_feat_delta= 0.338704
EDGE_TTA_ACTIVE views= 8 mean_abs_feat_delta= 0.338704
EDGE_TTA_ACTIVE views= 8 mean_abs_feat_delta= 0.36529
EDGE_TTA_ACTIVE views= 8 mean_abs_feat_delta= 0.36529
SECONDARY_EDGE_TTA_ACTIVE views= 8 weight= 0.75 mean_abs_feat_delta= 0.260131
SECONDARY_EDGE_TTA_ACTIVE views= 8 weight= 0.75 mean_abs_feat_delta= 0.260131
SECONDARY_EDGE_TTA_ACTIVE views= 8 weight= 0.75 mean_abs_feat_delta= 0.305391
BIOHUB_RETENTION_GUARD {"blended_candidates": 284, "dataset": "44b6_0b24845f", "frame": 78, "minimum_retention": 0.9, "primary_candidates": 392, "retention": 0.7244897959183674, "use_primary": true}
SECONDARY_EDGE_TTA_ACTIVE views= 8 weight= 0.75 mean_abs_feat_delta= 0.305391
BIOHUB_RETENTION_GUARD {"blended_candidates": 284, "dataset": "44b6_0b24845f", "frame": 78, "minimum_retention": 0.9, "primary_candidates": 392, "retention": 0.7244897959183674, "use_primary": true}
EDGE_TTA_ACTIVE views= 8 mean_abs_feat_delta= 0.340176
EDGE_TTA_ACTIVE views= 8 mean_abs_feat_delta= 0.340176
EDGE_TTA_ACTIVE views= 8 mean_abs_feat_delta= 0.365892
EDGE_TTA_ACTIVE views= 8 mean_abs_feat_delta= 0.365892
SECONDARY_EDGE_TTA_ACTIVE views= 8 weight= 0.75 mean_abs_feat_delta= 0.256523
SECONDARY_EDGE_TTA_ACTIVE views= 8 weight= 0.75 mean_abs_feat_delta= 0.256523
SECONDARY_EDGE_TTA_ACTIVE views= 8 weight= 0.75 mean_abs_feat_delta= 0.302826
BIOHUB_RETENTION_GUARD {"blended_candidates": 298, "dataset": "44b6_0b24845f", "frame": 79, "minimum_retention": 0.9, "primary_candidates": 424, "retention": 0.7028301886792453, "use_primary": true}
SECONDARY_EDGE_TTA_ACTIVE views= 8 weight= 0.75 mean_abs_feat_delta= 0.302826
BIOHUB_RETENTION_GUARD {"blended_candidates": 298, "dataset": "44b6_0b24845f", "frame": 79, "minimum_retention": 0.9, "primary_candidates": 424, "retention": 0.7028301886792453, "use_primary": true}
EDGE_TTA_ACTIVE views= 8 mean_abs_feat_delta= 0.346094
EDGE_TTA_ACTIVE views= 8 mean_abs_feat_delta= 0.346094
EDGE_TTA_ACTIVE views= 8 mean_abs_feat_delta= 0.365633
EDGE_TTA_ACTIVE views= 8 mean_abs_feat_delta= 0.365633
SECONDARY_EDGE_TTA_ACTIVE views= 8 weight= 0.75 mean_abs_feat_delta= 0.265074
SECONDARY_EDGE_TTA_ACTIVE views= 8 weight= 0.75 mean_abs_feat_delta= 0.265074
SECONDARY_EDGE_TTA_ACTIVE views= 8 weight= 0.75 mean_abs_feat_delta= 0.303473
BIOHUB_RETENTION_GUARD {"blended_candidates": 291, "dataset": "44b6_0b24845f", "frame": 80, "minimum_retention": 0.9, "primary_candidates": 388, "retention": 0.75, "use_primary": true}
SECONDARY_EDGE_TTA_ACTIVE views= 8 weight= 0.75 mean_abs_feat_delta= 0.303473
BIOHUB_RETENTION_GUARD {"blended_candidates": 291, "dataset": "44b6_0b24845f", "frame": 80, "minimum_retention": 0.9, "primary_candidates": 388, "retention": 0.75, "use_primary": true}
EDGE_TTA_ACTIVE views= 8 mean_abs_feat_delta= 0.348292
EDGE_TTA_ACTIVE views= 8 mean_abs_feat_delta= 0.369442
EDGE_TTA_ACTIVE views= 8 mean_abs_feat_delta= 0.348292
EDGE_TTA_ACTIVE views= 8 mean_abs_feat_delta= 0.369442
SECONDARY_EDGE_TTA_ACTIVE views= 8 weight= 0.75 mean_abs_feat_delta= 0.26712
SECONDARY_EDGE_TTA_ACTIVE views= 8 weight= 0.75 mean_abs_feat_delta= 0.308215
BIOHUB_RETENTION_GUARD {"blended_candidates": 294, "dataset": "44b6_0b24845f", "frame": 81, "minimum_retention": 0.9, "primary_candidates": 382, "retention": 0.7696335078534031, "use_primary": true}
SECONDARY_EDGE_TTA_ACTIVE views= 8 weight= 0.75 mean_abs_feat_delta= 0.26712
SECONDARY_EDGE_TTA_ACTIVE views= 8 weight= 0.75 mean_abs_feat_delta= 0.308215
BIOHUB_RETENTION_GUARD {"blended_candidates": 294, "dataset": "44b6_0b24845f", "frame": 81, "minimum_retention": 0.9, "primary_candidates": 382, "retention": 0.7696335078534031, "use_primary": true}
EDGE_TTA_ACTIVE views= 8 mean_abs_feat_delta= 0.344312
EDGE_TTA_ACTIVE views= 8 mean_abs_feat_delta= 0.373979
EDGE_TTA_ACTIVE views= 8 mean_abs_feat_delta= 0.344312
EDGE_TTA_ACTIVE views= 8 mean_abs_feat_delta= 0.373979
SECONDARY_EDGE_TTA_ACTIVE views= 8 weight= 0.75 mean_abs_feat_delta= 0.263739
SECONDARY_EDGE_TTA_ACTIVE views= 8 weight= 0.75 mean_abs_feat_delta= 0.312577
BIOHUB_RETENTION_GUARD {"blended_candidates": 277, "dataset": "44b6_0b24845f", "frame": 82, "minimum_retention": 0.9, "primary_candidates": 385, "retention": 0.7194805194805195, "use_primary": true}
SECONDARY_EDGE_TTA_ACTIVE views= 8 weight= 0.75 mean_abs_feat_delta= 0.263739
SECONDARY_EDGE_TTA_ACTIVE views= 8 weight= 0.75 mean_abs_feat_delta= 0.312577
BIOHUB_RETENTION_GUARD {"blended_candidates": 277, "dataset": "44b6_0b24845f", "frame": 82, "minimum_retention": 0.9, "primary_candidates": 385, "retention": 0.7194805194805195, "use_primary": true}
EDGE_TTA_ACTIVE views= 8 mean_abs_feat_delta= 0.341477
EDGE_TTA_ACTIVE views= 8 mean_abs_feat_delta= 0.365009
EDGE_TTA_ACTIVE views= 8 mean_abs_feat_delta= 0.341477
EDGE_TTA_ACTIVE views= 8 mean_abs_feat_delta= 0.365009
SECONDARY_EDGE_TTA_ACTIVE views= 8 weight= 0.75 mean_abs_feat_delta= 0.311063
BIOHUB_RETENTION_GUARD {"blended_candidates": 268, "dataset": "44b6_0b24845f", "frame": 83, "minimum_retention": 0.9, "primary_candidates": 379, "retention": 0.7071240105540897, "use_primary": true}
SECONDARY_EDGE_TTA_ACTIVE views= 8 weight= 0.75 mean_abs_feat_delta= 0.262727
SECONDARY_EDGE_TTA_ACTIVE views= 8 weight= 0.75 mean_abs_feat_delta= 0.311063
BIOHUB_RETENTION_GUARD {"blended_candidates": 268, "dataset": "44b6_0b24845f", "frame": 83, "minimum_retention": 0.9, "primary_candidates": 379, "retention": 0.7071240105540897, "use_primary": true}
SECONDARY_EDGE_TTA_ACTIVE views= 8 weight= 0.75 mean_abs_feat_delta= 0.262727
EDGE_TTA_ACTIVE views= 8 mean_abs_feat_delta= 0.36654
EDGE_TTA_ACTIVE views= 8 mean_abs_feat_delta= 0.34091
EDGE_TTA_ACTIVE views= 8 mean_abs_feat_delta= 0.36654
EDGE_TTA_ACTIVE views= 8 mean_abs_feat_delta= 0.34091
SECONDARY_EDGE_TTA_ACTIVE views= 8 weight= 0.75 mean_abs_feat_delta= 0.311139
BIOHUB_RETENTION_GUARD {"blended_candidates": 287, "dataset": "44b6_0b24845f", "frame": 84, "minimum_retention": 0.9, "primary_candidates": 361, "retention": 0.7950138504155124, "use_primary": true}
SECONDARY_EDGE_TTA_ACTIVE views= 8 weight= 0.75 mean_abs_feat_delta= 0.256411
SECONDARY_EDGE_TTA_ACTIVE views= 8 weight= 0.75 mean_abs_feat_delta= 0.311139
BIOHUB_RETENTION_GUARD {"blended_candidates": 287, "dataset": "44b6_0b24845f", "frame": 84, "minimum_retention": 0.9, "primary_candidates": 361, "retention": 0.7950138504155124, "use_primary": true}
SECONDARY_EDGE_TTA_ACTIVE views= 8 weight= 0.75 mean_abs_feat_delta= 0.256411
EDGE_TTA_ACTIVE views= 8 mean_abs_feat_delta= 0.364996
EDGE_TTA_ACTIVE views= 8 mean_abs_feat_delta= 0.364996
EDGE_TTA_ACTIVE views= 8 mean_abs_feat_delta= 0.337156
EDGE_TTA_ACTIVE views= 8 mean_abs_feat_delta= 0.337156
SECONDARY_EDGE_TTA_ACTIVE views= 8 weight= 0.75 mean_abs_feat_delta= 0.312248
BIOHUB_RETENTION_GUARD {"blended_candidates": 198, "dataset": "44b6_0b24845f", "frame": 85, "minimum_retention": 0.9, "primary_candidates": 294, "retention": 0.673469387755102, "use_primary": true}
SECONDARY_EDGE_TTA_ACTIVE views= 8 weight= 0.75 mean_abs_feat_delta= 0.312248
BIOHUB_RETENTION_GUARD {"blended_candidates": 198, "dataset": "44b6_0b24845f", "frame": 85, "minimum_retention": 0.9, "primary_candidates": 294, "retention": 0.673469387755102, "use_primary": true}
SECONDARY_EDGE_TTA_ACTIVE views= 8 weight= 0.75 mean_abs_feat_delta= 0.260031
SECONDARY_EDGE_TTA_ACTIVE views= 8 weight= 0.75 mean_abs_feat_delta= 0.260031
EDGE_TTA_ACTIVE views= 8 mean_abs_feat_delta= 0.364819
EDGE_TTA_ACTIVE views= 8 mean_abs_feat_delta= 0.364819
EDGE_TTA_ACTIVE views= 8 mean_abs_feat_delta= 0.339841
EDGE_TTA_ACTIVE views= 8 mean_abs_feat_delta= 0.339841
SECONDARY_EDGE_TTA_ACTIVE views= 8 weight= 0.75 mean_abs_feat_delta= 0.317294
BIOHUB_RETENTION_GUARD {"blended_candidates": 169, "dataset": "44b6_0b24845f", "frame": 86, "minimum_retention": 0.9, "primary_candidates": 282, "retention": 0.599290780141844, "use_primary": true}
SECONDARY_EDGE_TTA_ACTIVE views= 8 weight= 0.75 mean_abs_feat_delta= 0.317294
BIOHUB_RETENTION_GUARD {"blended_candidates": 169, "dataset": "44b6_0b24845f", "frame": 86, "minimum_retention": 0.9, "primary_candidates": 282, "retention": 0.599290780141844, "use_primary": true}
SECONDARY_EDGE_TTA_ACTIVE views= 8 weight= 0.75 mean_abs_feat_delta= 0.262153
SECONDARY_EDGE_TTA_ACTIVE views= 8 weight= 0.75 mean_abs_feat_delta= 0.262153
EDGE_TTA_ACTIVE views= 8 mean_abs_feat_delta= 0.360555
EDGE_TTA_ACTIVE views= 8 mean_abs_feat_delta= 0.360555
EDGE_TTA_ACTIVE views= 8 mean_abs_feat_delta= 0.34054
EDGE_TTA_ACTIVE views= 8 mean_abs_feat_delta= 0.34054
SECONDARY_EDGE_TTA_ACTIVE views= 8 weight= 0.75 mean_abs_feat_delta= 0.318325
BIOHUB_RETENTION_GUARD {"blended_candidates": 232, "dataset": "44b6_0b24845f", "frame": 87, "minimum_retention": 0.9, "primary_candidates": 323, "retention": 0.718266253869969, "use_primary": true}
SECONDARY_EDGE_TTA_ACTIVE views= 8 weight= 0.75 mean_abs_feat_delta= 0.318325
BIOHUB_RETENTION_GUARD {"blended_candidates": 232, "dataset": "44b6_0b24845f", "frame": 87, "minimum_retention": 0.9, "primary_candidates": 323, "retention": 0.718266253869969, "use_primary": true}
SECONDARY_EDGE_TTA_ACTIVE views= 8 weight= 0.75 mean_abs_feat_delta= 0.258925
SECONDARY_EDGE_TTA_ACTIVE views= 8 weight= 0.75 mean_abs_feat_delta= 0.258925
EDGE_TTA_ACTIVE views= 8 mean_abs_feat_delta= 0.367991
EDGE_TTA_ACTIVE views= 8 mean_abs_feat_delta= 0.367991
EDGE_TTA_ACTIVE views= 8 mean_abs_feat_delta= 0.345761
EDGE_TTA_ACTIVE views= 8 mean_abs_feat_delta= 0.345761
SECONDARY_EDGE_TTA_ACTIVE views= 8 weight= 0.75 mean_abs_feat_delta= 0.319785
BIOHUB_RETENTION_GUARD {"blended_candidates": 287, "dataset": "44b6_0b24845f", "frame": 88, "minimum_retention": 0.9, "primary_candidates": 363, "retention": 0.790633608815427, "use_primary": true}
SECONDARY_EDGE_TTA_ACTIVE views= 8 weight= 0.75 mean_abs_feat_delta= 0.319785
BIOHUB_RETENTION_GUARD {"blended_candidates": 287, "dataset": "44b6_0b24845f", "frame": 88, "minimum_retention": 0.9, "primary_candidates": 363, "retention": 0.790633608815427, "use_primary": true}
SECONDARY_EDGE_TTA_ACTIVE views= 8 weight= 0.75 mean_abs_feat_delta= 0.260799
SECONDARY_EDGE_TTA_ACTIVE views= 8 weight= 0.75 mean_abs_feat_delta= 0.260799
EDGE_TTA_ACTIVE views= 8 mean_abs_feat_delta= 0.374613
EDGE_TTA_ACTIVE views= 8 mean_abs_feat_delta= 0.374613
EDGE_TTA_ACTIVE views= 8 mean_abs_feat_delta= 0.34535
SECONDARY_EDGE_TTA_ACTIVE views= 8 weight= 0.75 mean_abs_feat_delta= 0.325312
BIOHUB_RETENTION_GUARD {"blended_candidates": 219, "dataset": "44b6_0b24845f", "frame": 89, "minimum_retention": 0.9, "primary_candidates": 322, "retention": 0.6801242236024845, "use_primary": true}
EDGE_TTA_ACTIVE views= 8 mean_abs_feat_delta= 0.34535
SECONDARY_EDGE_TTA_ACTIVE views= 8 weight= 0.75 mean_abs_feat_delta= 0.325312
BIOHUB_RETENTION_GUARD {"blended_candidates": 219, "dataset": "44b6_0b24845f", "frame": 89, "minimum_retention": 0.9, "primary_candidates": 322, "retention": 0.6801242236024845, "use_primary": true}
SECONDARY_EDGE_TTA_ACTIVE views= 8 weight= 0.75 mean_abs_feat_delta= 0.261693
SECONDARY_EDGE_TTA_ACTIVE views= 8 weight= 0.75 mean_abs_feat_delta= 0.261693
EDGE_TTA_ACTIVE views= 8 mean_abs_feat_delta= 0.362102
EDGE_TTA_ACTIVE views= 8 mean_abs_feat_delta= 0.362102
SECONDARY_EDGE_TTA_ACTIVE views= 8 weight= 0.75 mean_abs_feat_delta= 0.321967
BIOHUB_RETENTION_GUARD {"blended_candidates": 175, "dataset": "44b6_0b24845f", "frame": 90, "minimum_retention": 0.9, "primary_candidates": 269, "retention": 0.6505576208178439, "use_primary": true}
EDGE_TTA_ACTIVE views= 8 mean_abs_feat_delta= 0.345018
SECONDARY_EDGE_TTA_ACTIVE views= 8 weight= 0.75 mean_abs_feat_delta= 0.321967
BIOHUB_RETENTION_GUARD {"blended_candidates": 175, "dataset": "44b6_0b24845f", "frame": 90, "minimum_retention": 0.9, "primary_candidates": 269, "retention": 0.6505576208178439, "use_primary": true}
EDGE_TTA_ACTIVE views= 8 mean_abs_feat_delta= 0.345018
SECONDARY_EDGE_TTA_ACTIVE views= 8 weight= 0.75 mean_abs_feat_delta= 0.264586
EDGE_TTA_ACTIVE views= 8 mean_abs_feat_delta= 0.362535
SECONDARY_EDGE_TTA_ACTIVE views= 8 weight= 0.75 mean_abs_feat_delta= 0.264586
EDGE_TTA_ACTIVE views= 8 mean_abs_feat_delta= 0.362535
SECONDARY_EDGE_TTA_ACTIVE views= 8 weight= 0.75 mean_abs_feat_delta= 0.320952
BIOHUB_RETENTION_GUARD {"blended_candidates": 136, "dataset": "44b6_0b24845f", "frame": 91, "minimum_retention": 0.9, "primary_candidates": 237, "retention": 0.5738396624472574, "use_primary": true}
EDGE_TTA_ACTIVE views= 8 mean_abs_feat_delta= 0.339492
SECONDARY_EDGE_TTA_ACTIVE views= 8 weight= 0.75 mean_abs_feat_delta= 0.320952
BIOHUB_RETENTION_GUARD {"blended_candidates": 136, "dataset": "44b6_0b24845f", "frame": 91, "minimum_retention": 0.9, "primary_candidates": 237, "retention": 0.5738396624472574, "use_primary": true}
EDGE_TTA_ACTIVE views= 8 mean_abs_feat_delta= 0.339492
EDGE_TTA_ACTIVE views= 8 mean_abs_feat_delta= 0.36442
SECONDARY_EDGE_TTA_ACTIVE views= 8 weight= 0.75 mean_abs_feat_delta= 0.262994
EDGE_TTA_ACTIVE views= 8 mean_abs_feat_delta= 0.36442
SECONDARY_EDGE_TTA_ACTIVE views= 8 weight= 0.75 mean_abs_feat_delta= 0.262994
SECONDARY_EDGE_TTA_ACTIVE views= 8 weight= 0.75 mean_abs_feat_delta= 0.322162
BIOHUB_RETENTION_GUARD {"blended_candidates": 151, "dataset": "44b6_0b24845f", "frame": 92, "minimum_retention": 0.9, "primary_candidates": 286, "retention": 0.527972027972028, "use_primary": true}
SECONDARY_EDGE_TTA_ACTIVE views= 8 weight= 0.75 mean_abs_feat_delta= 0.322162
BIOHUB_RETENTION_GUARD {"blended_candidates": 151, "dataset": "44b6_0b24845f", "frame": 92, "minimum_retention": 0.9, "primary_candidates": 286, "retention": 0.527972027972028, "use_primary": true}
EDGE_TTA_ACTIVE views= 8 mean_abs_feat_delta= 0.333718
EDGE_TTA_ACTIVE views= 8 mean_abs_feat_delta= 0.333718
EDGE_TTA_ACTIVE views= 8 mean_abs_feat_delta= 0.357811
SECONDARY_EDGE_TTA_ACTIVE views= 8 weight= 0.75 mean_abs_feat_delta= 0.257147
EDGE_TTA_ACTIVE views= 8 mean_abs_feat_delta= 0.357811
SECONDARY_EDGE_TTA_ACTIVE views= 8 weight= 0.75 mean_abs_feat_delta= 0.257147
SECONDARY_EDGE_TTA_ACTIVE views= 8 weight= 0.75 mean_abs_feat_delta= 0.314236
BIOHUB_RETENTION_GUARD {"blended_candidates": 133, "dataset": "44b6_0b24845f", "frame": 93, "minimum_retention": 0.9, "primary_candidates": 253, "retention": 0.525691699604743, "use_primary": true}
SECONDARY_EDGE_TTA_ACTIVE views= 8 weight= 0.75 mean_abs_feat_delta= 0.314236
BIOHUB_RETENTION_GUARD {"blended_candidates": 133, "dataset": "44b6_0b24845f", "frame": 93, "minimum_retention": 0.9, "primary_candidates": 253, "retention": 0.525691699604743, "use_primary": true}
EDGE_TTA_ACTIVE views= 8 mean_abs_feat_delta= 0.334199
EDGE_TTA_ACTIVE views= 8 mean_abs_feat_delta= 0.334199
EDGE_TTA_ACTIVE views= 8 mean_abs_feat_delta= 0.3551
EDGE_TTA_ACTIVE views= 8 mean_abs_feat_delta= 0.3551
SECONDARY_EDGE_TTA_ACTIVE views= 8 weight= 0.75 mean_abs_feat_delta= 0.259374
SECONDARY_EDGE_TTA_ACTIVE views= 8 weight= 0.75 mean_abs_feat_delta= 0.259374
SECONDARY_EDGE_TTA_ACTIVE views= 8 weight= 0.75 mean_abs_feat_delta= 0.314665
BIOHUB_RETENTION_GUARD {"blended_candidates": 168, "dataset": "44b6_0b24845f", "frame": 94, "minimum_retention": 0.9, "primary_candidates": 290, "retention": 0.5793103448275863, "use_primary": true}
SECONDARY_EDGE_TTA_ACTIVE views= 8 weight= 0.75 mean_abs_feat_delta= 0.314665
BIOHUB_RETENTION_GUARD {"blended_candidates": 168, "dataset": "44b6_0b24845f", "frame": 94, "minimum_retention": 0.9, "primary_candidates": 290, "retention": 0.5793103448275863, "use_primary": true}
EDGE_TTA_ACTIVE views= 8 mean_abs_feat_delta= 0.338008
EDGE_TTA_ACTIVE views= 8 mean_abs_feat_delta= 0.338008
EDGE_TTA_ACTIVE views= 8 mean_abs_feat_delta= 0.362482
EDGE_TTA_ACTIVE views= 8 mean_abs_feat_delta= 0.362482
SECONDARY_EDGE_TTA_ACTIVE views= 8 weight= 0.75 mean_abs_feat_delta= 0.257413
SECONDARY_EDGE_TTA_ACTIVE views= 8 weight= 0.75 mean_abs_feat_delta= 0.257413
SECONDARY_EDGE_TTA_ACTIVE views= 8 weight= 0.75 mean_abs_feat_delta= 0.321701
BIOHUB_RETENTION_GUARD {"blended_candidates": 140, "dataset": "44b6_0b24845f", "frame": 95, "minimum_retention": 0.9, "primary_candidates": 309, "retention": 0.45307443365695793, "use_primary": true}
SECONDARY_EDGE_TTA_ACTIVE views= 8 weight= 0.75 mean_abs_feat_delta= 0.321701
BIOHUB_RETENTION_GUARD {"blended_candidates": 140, "dataset": "44b6_0b24845f", "frame": 95, "minimum_retention": 0.9, "primary_candidates": 309, "retention": 0.45307443365695793, "use_primary": true}
EDGE_TTA_ACTIVE views= 8 mean_abs_feat_delta= 0.338144
EDGE_TTA_ACTIVE views= 8 mean_abs_feat_delta= 0.338144
EDGE_TTA_ACTIVE views= 8 mean_abs_feat_delta= 0.358614
EDGE_TTA_ACTIVE views= 8 mean_abs_feat_delta= 0.358614
SECONDARY_EDGE_TTA_ACTIVE views= 8 weight= 0.75 mean_abs_feat_delta= 0.257555
SECONDARY_EDGE_TTA_ACTIVE views= 8 weight= 0.75 mean_abs_feat_delta= 0.257555
SECONDARY_EDGE_TTA_ACTIVE views= 8 weight= 0.75 mean_abs_feat_delta= 0.325788
BIOHUB_RETENTION_GUARD {"blended_candidates": 124, "dataset": "44b6_0b24845f", "frame": 96, "minimum_retention": 0.9, "primary_candidates": 273, "retention": 0.4542124542124542, "use_primary": true}
SECONDARY_EDGE_TTA_ACTIVE views= 8 weight= 0.75 mean_abs_feat_delta= 0.325788
BIOHUB_RETENTION_GUARD {"blended_candidates": 124, "dataset": "44b6_0b24845f", "frame": 96, "minimum_retention": 0.9, "primary_candidates": 273, "retention": 0.4542124542124542, "use_primary": true}
EDGE_TTA_ACTIVE views= 8 mean_abs_feat_delta= 0.336404
EDGE_TTA_ACTIVE views= 8 mean_abs_feat_delta= 0.354717
EDGE_TTA_ACTIVE views= 8 mean_abs_feat_delta= 0.336404
EDGE_TTA_ACTIVE views= 8 mean_abs_feat_delta= 0.354717
SECONDARY_EDGE_TTA_ACTIVE views= 8 weight= 0.75 mean_abs_feat_delta= 0.253368
SECONDARY_EDGE_TTA_ACTIVE views= 8 weight= 0.75 mean_abs_feat_delta= 0.328691
BIOHUB_RETENTION_GUARD {"blended_candidates": 181, "dataset": "44b6_0b24845f", "frame": 97, "minimum_retention": 0.9, "primary_candidates": 328, "retention": 0.551829268292683, "use_primary": true}
SECONDARY_EDGE_TTA_ACTIVE views= 8 weight= 0.75 mean_abs_feat_delta= 0.253368
SECONDARY_EDGE_TTA_ACTIVE views= 8 weight= 0.75 mean_abs_feat_delta= 0.328691
BIOHUB_RETENTION_GUARD {"blended_candidates": 181, "dataset": "44b6_0b24845f", "frame": 97, "minimum_retention": 0.9, "primary_candidates": 328, "retention": 0.551829268292683, "use_primary": true}
EDGE_TTA_ACTIVE views= 8 mean_abs_feat_delta= 0.362901
EDGE_TTA_ACTIVE views= 8 mean_abs_feat_delta= 0.336923
EDGE_TTA_ACTIVE views= 8 mean_abs_feat_delta= 0.362901
EDGE_TTA_ACTIVE views= 8 mean_abs_feat_delta= 0.336923
SECONDARY_EDGE_TTA_ACTIVE views= 8 weight= 0.75 mean_abs_feat_delta= 0.327921
BIOHUB_RETENTION_GUARD {"blended_candidates": 153, "dataset": "44b6_0b24845f", "frame": 98, "minimum_retention": 0.9, "primary_candidates": 295, "retention": 0.5186440677966102, "use_primary": true}
SECONDARY_EDGE_TTA_ACTIVE views= 8 weight= 0.75 mean_abs_feat_delta= 0.253968
SECONDARY_EDGE_TTA_ACTIVE views= 8 weight= 0.75 mean_abs_feat_delta= 0.327921
BIOHUB_RETENTION_GUARD {"blended_candidates": 153, "dataset": "44b6_0b24845f", "frame": 98, "minimum_retention": 0.9, "primary_candidates": 295, "retention": 0.5186440677966102, "use_primary": true}
SECONDARY_EDGE_TTA_ACTIVE views= 8 weight= 0.75 mean_abs_feat_delta= 0.253968
EDGE_TTA_ACTIVE views= 8 mean_abs_feat_delta= 0.362405
EDGE_TTA_ACTIVE views= 8 mean_abs_feat_delta= 0.362405
EDGE_TTA_ACTIVE views= 8 mean_abs_feat_delta= 0.340204
EDGE_TTA_ACTIVE views= 8 mean_abs_feat_delta= 0.340204
SECONDARY_EDGE_TTA_ACTIVE views= 8 weight= 0.75 mean_abs_feat_delta= 0.328126
BIOHUB_RETENTION_GUARD {"blended_candidates": 111, "dataset": "44b6_0b24845f", "frame": 99, "minimum_retention": 0.9, "primary_candidates": 224, "retention": 0.4955357142857143, "use_primary": true}
LOWDET 44b6_0b24845f: 51793 peaks above 0.3
SECONDARY_EDGE_TTA_ACTIVE views= 8 weight= 0.75 mean_abs_feat_delta= 0.328126
BIOHUB_RETENTION_GUARD {"blended_candidates": 111, "dataset": "44b6_0b24845f", "frame": 99, "minimum_retention": 0.9, "primary_candidates": 224, "retention": 0.4955357142857143, "use_primary": true}
LOWDET 44b6_0b24845f: 51793 peaks above 0.3
CACHE 44b6_0b24845f: 33336 nodes, 0 edges
SECONDARY_EDGE_TTA_ACTIVE views= 8 weight= 0.75 mean_abs_feat_delta= 0.25869
[44b6_0b24845f] detection+edges 213.4s | detections=33336
CACHE 44b6_0b24845f: 33336 nodes, 0 edges
SECONDARY_EDGE_TTA_ACTIVE views= 8 weight= 0.75 mean_abs_feat_delta= 0.25869
[44b6_0b24845f] detection+edges 213.4s | detections=33336
EDGE_TTA_ACTIVE views= 8 mean_abs_feat_delta= 0.343273
EDGE_TTA_ACTIVE views= 8 mean_abs_feat_delta= 0.343273
SECONDARY_EDGE_TTA_ACTIVE views= 8 weight= 0.75 mean_abs_feat_delta= 0.249107
SECONDARY_EDGE_TTA_ACTIVE views= 8 weight= 0.75 mean_abs_feat_delta= 0.249107
EDGE_TTA_ACTIVE views= 8 mean_abs_feat_delta= 0.340039
EDGE_TTA_ACTIVE views= 8 mean_abs_feat_delta= 0.340039
SECONDARY_EDGE_TTA_ACTIVE views= 8 weight= 0.75 mean_abs_feat_delta= 0.250998
SECONDARY_EDGE_TTA_ACTIVE views= 8 weight= 0.75 mean_abs_feat_delta= 0.250998
EDGE_TTA_ACTIVE views= 8 mean_abs_feat_delta= 0.338922
EDGE_TTA_ACTIVE views= 8 mean_abs_feat_delta= 0.338922
SECONDARY_EDGE_TTA_ACTIVE views= 8 weight= 0.75 mean_abs_feat_delta= 0.249091
SECONDARY_EDGE_TTA_ACTIVE views= 8 weight= 0.75 mean_abs_feat_delta= 0.249091
EDGE_TTA_ACTIVE views= 8 mean_abs_feat_delta= 0.342488
EDGE_TTA_ACTIVE views= 8 mean_abs_feat_delta= 0.342488
SECONDARY_EDGE_TTA_ACTIVE views= 8 weight= 0.75 mean_abs_feat_delta= 0.25058
SECONDARY_EDGE_TTA_ACTIVE views= 8 weight= 0.75 mean_abs_feat_delta= 0.25058
EDGE_TTA_ACTIVE views= 8 mean_abs_feat_delta= 0.341683
EDGE_TTA_ACTIVE views= 8 mean_abs_feat_delta= 0.341683
SECONDARY_EDGE_TTA_ACTIVE views= 8 weight= 0.75 mean_abs_feat_delta= 0.25428
LOWDET 44b6_0113de3b: 27877 peaks above 0.3
SECONDARY_EDGE_TTA_ACTIVE views= 8 weight= 0.75 mean_abs_feat_delta= 0.25428
LOWDET 44b6_0113de3b: 27877 peaks above 0.3
CACHE 44b6_0113de3b: 26532 nodes, 0 edges
[44b6_0113de3b] detection+edges 225.2s | detections=26532
CACHE 44b6_0113de3b: 26532 nodes, 0 edges
[44b6_0113de3b] detection+edges 225.2s | detections=26532
[44b6_0b24845f] ILP 20.8s | candidate nodes=33336 edges=23370 | timeout=1200.0
[44b6_0b24845f] ILP 20.8s | candidate nodes=33336 edges=23370 | timeout=1200.0
EDGE_TTA_ACTIVE views= 8 mean_abs_feat_delta= 0.336457
EDGE_TTA_ACTIVE views= 8 mean_abs_feat_delta= 0.336457
SECONDARY_EDGE_TTA_ACTIVE views= 8 weight= 0.75 mean_abs_feat_delta= 0.229228
SECONDARY_EDGE_TTA_ACTIVE views= 8 weight= 0.75 mean_abs_feat_delta= 0.229228
EDGE_TTA_ACTIVE views= 8 mean_abs_feat_delta= 0.33652
EDGE_TTA_ACTIVE views= 8 mean_abs_feat_delta= 0.33652
SECONDARY_EDGE_TTA_ACTIVE views= 8 weight= 0.75 mean_abs_feat_delta= 0.231364
SECONDARY_EDGE_TTA_ACTIVE views= 8 weight= 0.75 mean_abs_feat_delta= 0.231364
EDGE_TTA_ACTIVE views= 8 mean_abs_feat_delta= 0.334504
EDGE_TTA_ACTIVE views= 8 mean_abs_feat_delta= 0.334504
SECONDARY_EDGE_TTA_ACTIVE views= 8 weight= 0.75 mean_abs_feat_delta= 0.231505
SECONDARY_EDGE_TTA_ACTIVE views= 8 weight= 0.75 mean_abs_feat_delta= 0.231505
EDGE_TTA_ACTIVE views= 8 mean_abs_feat_delta= 0.331503
EDGE_TTA_ACTIVE views= 8 mean_abs_feat_delta= 0.331503
SECONDARY_EDGE_TTA_ACTIVE views= 8 weight= 0.75 mean_abs_feat_delta= 0.233103
SECONDARY_EDGE_TTA_ACTIVE views= 8 weight= 0.75 mean_abs_feat_delta= 0.233103
EDGE_TTA_ACTIVE views= 8 mean_abs_feat_delta= 0.334571
EDGE_TTA_ACTIVE views= 8 mean_abs_feat_delta= 0.334571
SECONDARY_EDGE_TTA_ACTIVE views= 8 weight= 0.75 mean_abs_feat_delta= 0.230713
SECONDARY_EDGE_TTA_ACTIVE views= 8 weight= 0.75 mean_abs_feat_delta= 0.230713
EDGE_TTA_ACTIVE views= 8 mean_abs_feat_delta= 0.333844
EDGE_TTA_ACTIVE views= 8 mean_abs_feat_delta= 0.333844
SECONDARY_EDGE_TTA_ACTIVE views= 8 weight= 0.75 mean_abs_feat_delta= 0.228063
SECONDARY_EDGE_TTA_ACTIVE views= 8 weight= 0.75 mean_abs_feat_delta= 0.228063
[44b6_0113de3b] ILP 24.1s | candidate nodes=26532 edges=25505 | timeout=1200.0
EDGE_TTA_ACTIVE views= 8 mean_abs_feat_delta= 0.333957
[44b6_0113de3b] ILP 24.1s | candidate nodes=26532 edges=25505 | timeout=1200.0
EDGE_TTA_ACTIVE views= 8 mean_abs_feat_delta= 0.333957
SECONDARY_EDGE_TTA_ACTIVE views= 8 weight= 0.75 mean_abs_feat_delta= 0.23148
SECONDARY_EDGE_TTA_ACTIVE views= 8 weight= 0.75 mean_abs_feat_delta= 0.23148
EDGE_TTA_ACTIVE views= 8 mean_abs_feat_delta= 0.353265
EDGE_TTA_ACTIVE views= 8 mean_abs_feat_delta= 0.353265
EDGE_TTA_ACTIVE views= 8 mean_abs_feat_delta= 0.333005
SECONDARY_EDGE_TTA_ACTIVE views= 8 weight= 0.75 mean_abs_feat_delta= 0.229197
EDGE_TTA_ACTIVE views= 8 mean_abs_feat_delta= 0.333005
SECONDARY_EDGE_TTA_ACTIVE views= 8 weight= 0.75 mean_abs_feat_delta= 0.229197
SECONDARY_EDGE_TTA_ACTIVE views= 8 weight= 0.75 mean_abs_feat_delta= 0.226861
SECONDARY_EDGE_TTA_ACTIVE views= 8 weight= 0.75 mean_abs_feat_delta= 0.226861
EDGE_TTA_ACTIVE views= 8 mean_abs_feat_delta= 0.356556
EDGE_TTA_ACTIVE views= 8 mean_abs_feat_delta= 0.356556
SECONDARY_EDGE_TTA_ACTIVE views= 8 weight= 0.75 mean_abs_feat_delta= 0.228531
EDGE_TTA_ACTIVE views= 8 mean_abs_feat_delta= 0.335609
SECONDARY_EDGE_TTA_ACTIVE views= 8 weight= 0.75 mean_abs_feat_delta= 0.228531
EDGE_TTA_ACTIVE views= 8 mean_abs_feat_delta= 0.335609
SECONDARY_EDGE_TTA_ACTIVE views= 8 weight= 0.75 mean_abs_feat_delta= 0.226753
EDGE_TTA_ACTIVE views= 8 mean_abs_feat_delta= 0.359353
SECONDARY_EDGE_TTA_ACTIVE views= 8 weight= 0.75 mean_abs_feat_delta= 0.226753
EDGE_TTA_ACTIVE views= 8 mean_abs_feat_delta= 0.359353
SECONDARY_EDGE_TTA_ACTIVE views= 8 weight= 0.75 mean_abs_feat_delta= 0.232233
SECONDARY_EDGE_TTA_ACTIVE views= 8 weight= 0.75 mean_abs_feat_delta= 0.232233
EDGE_TTA_ACTIVE views= 8 mean_abs_feat_delta= 0.338411
EDGE_TTA_ACTIVE views= 8 mean_abs_feat_delta= 0.338411
EDGE_TTA_ACTIVE views= 8 mean_abs_feat_delta= 0.361838
SECONDARY_EDGE_TTA_ACTIVE views= 8 weight= 0.75 mean_abs_feat_delta= 0.229067
EDGE_TTA_ACTIVE views= 8 mean_abs_feat_delta= 0.361838
SECONDARY_EDGE_TTA_ACTIVE views= 8 weight= 0.75 mean_abs_feat_delta= 0.229067
SECONDARY_EDGE_TTA_ACTIVE views= 8 weight= 0.75 mean_abs_feat_delta= 0.231136
SECONDARY_EDGE_TTA_ACTIVE views= 8 weight= 0.75 mean_abs_feat_delta= 0.231136
EDGE_TTA_ACTIVE views= 8 mean_abs_feat_delta= 0.33357
EDGE_TTA_ACTIVE views= 8 mean_abs_feat_delta= 0.33357
EDGE_TTA_ACTIVE views= 8 mean_abs_feat_delta= 0.349332
EDGE_TTA_ACTIVE views= 8 mean_abs_feat_delta= 0.349332
SECONDARY_EDGE_TTA_ACTIVE views= 8 weight= 0.75 mean_abs_feat_delta= 0.224805
SECONDARY_EDGE_TTA_ACTIVE views= 8 weight= 0.75 mean_abs_feat_delta= 0.224805
SECONDARY_EDGE_TTA_ACTIVE views= 8 weight= 0.75 mean_abs_feat_delta= 0.237962
SECONDARY_EDGE_TTA_ACTIVE views= 8 weight= 0.75 mean_abs_feat_delta= 0.237962
EDGE_TTA_ACTIVE views= 8 mean_abs_feat_delta= 0.328392
EDGE_TTA_ACTIVE views= 8 mean_abs_feat_delta= 0.328392
EDGE_TTA_ACTIVE views= 8 mean_abs_feat_delta= 0.36765
EDGE_TTA_ACTIVE views= 8 mean_abs_feat_delta= 0.36765
SECONDARY_EDGE_TTA_ACTIVE views= 8 weight= 0.75 mean_abs_feat_delta= 0.22475
SECONDARY_EDGE_TTA_ACTIVE views= 8 weight= 0.75 mean_abs_feat_delta= 0.22475
SECONDARY_EDGE_TTA_ACTIVE views= 8 weight= 0.75 mean_abs_feat_delta= 0.23324
SECONDARY_EDGE_TTA_ACTIVE views= 8 weight= 0.75 mean_abs_feat_delta= 0.23324
EDGE_TTA_ACTIVE views= 8 mean_abs_feat_delta= 0.329088
EDGE_TTA_ACTIVE views= 8 mean_abs_feat_delta= 0.329088
EDGE_TTA_ACTIVE views= 8 mean_abs_feat_delta= 0.37095
EDGE_TTA_ACTIVE views= 8 mean_abs_feat_delta= 0.37095
SECONDARY_EDGE_TTA_ACTIVE views= 8 weight= 0.75 mean_abs_feat_delta= 0.223629
SECONDARY_EDGE_TTA_ACTIVE views= 8 weight= 0.75 mean_abs_feat_delta= 0.223629
SECONDARY_EDGE_TTA_ACTIVE views= 8 weight= 0.75 mean_abs_feat_delta= 0.233703
SECONDARY_EDGE_TTA_ACTIVE views= 8 weight= 0.75 mean_abs_feat_delta= 0.233703
EDGE_TTA_ACTIVE views= 8 mean_abs_feat_delta= 0.331454
EDGE_TTA_ACTIVE views= 8 mean_abs_feat_delta= 0.331454
EDGE_TTA_ACTIVE views= 8 mean_abs_feat_delta= 0.362298
EDGE_TTA_ACTIVE views= 8 mean_abs_feat_delta= 0.362298
SECONDARY_EDGE_TTA_ACTIVE views= 8 weight= 0.75 mean_abs_feat_delta= 0.221381
SECONDARY_EDGE_TTA_ACTIVE views= 8 weight= 0.75 mean_abs_feat_delta= 0.221381
SECONDARY_EDGE_TTA_ACTIVE views= 8 weight= 0.75 mean_abs_feat_delta= 0.23047
SECONDARY_EDGE_TTA_ACTIVE views= 8 weight= 0.75 mean_abs_feat_delta= 0.23047
EDGE_TTA_ACTIVE views= 8 mean_abs_feat_delta= 0.332081
EDGE_TTA_ACTIVE views= 8 mean_abs_feat_delta= 0.332081
EDGE_TTA_ACTIVE views= 8 mean_abs_feat_delta= 0.357762
EDGE_TTA_ACTIVE views= 8 mean_abs_feat_delta= 0.357762
SECONDARY_EDGE_TTA_ACTIVE views= 8 weight= 0.75 mean_abs_feat_delta= 0.220825
SECONDARY_EDGE_TTA_ACTIVE views= 8 weight= 0.75 mean_abs_feat_delta= 0.220825
SECONDARY_EDGE_TTA_ACTIVE views= 8 weight= 0.75 mean_abs_feat_delta= 0.222866
SECONDARY_EDGE_TTA_ACTIVE views= 8 weight= 0.75 mean_abs_feat_delta= 0.222866
EDGE_TTA_ACTIVE views= 8 mean_abs_feat_delta= 0.331331
EDGE_TTA_ACTIVE views= 8 mean_abs_feat_delta= 0.331331
EDGE_TTA_ACTIVE views= 8 mean_abs_feat_delta= 0.360193
EDGE_TTA_ACTIVE views= 8 mean_abs_feat_delta= 0.360193
SECONDARY_EDGE_TTA_ACTIVE views= 8 weight= 0.75 mean_abs_feat_delta= 0.220942
SECONDARY_EDGE_TTA_ACTIVE views= 8 weight= 0.75 mean_abs_feat_delta= 0.220942
SECONDARY_EDGE_TTA_ACTIVE views= 8 weight= 0.75 mean_abs_feat_delta= 0.223297
SECONDARY_EDGE_TTA_ACTIVE views= 8 weight= 0.75 mean_abs_feat_delta= 0.223297
EDGE_TTA_ACTIVE views= 8 mean_abs_feat_delta= 0.331316
EDGE_TTA_ACTIVE views= 8 mean_abs_feat_delta= 0.331316
EDGE_TTA_ACTIVE views= 8 mean_abs_feat_delta= 0.35856
EDGE_TTA_ACTIVE views= 8 mean_abs_feat_delta= 0.35856
SECONDARY_EDGE_TTA_ACTIVE views= 8 weight= 0.75 mean_abs_feat_delta= 0.220064
SECONDARY_EDGE_TTA_ACTIVE views= 8 weight= 0.75 mean_abs_feat_delta= 0.220064
SECONDARY_EDGE_TTA_ACTIVE views= 8 weight= 0.75 mean_abs_feat_delta= 0.226482
SECONDARY_EDGE_TTA_ACTIVE views= 8 weight= 0.75 mean_abs_feat_delta= 0.226482
EDGE_TTA_ACTIVE views= 8 mean_abs_feat_delta= 0.331281
EDGE_TTA_ACTIVE views= 8 mean_abs_feat_delta= 0.331281
EDGE_TTA_ACTIVE views= 8 mean_abs_feat_delta= 0.365065
EDGE_TTA_ACTIVE views= 8 mean_abs_feat_delta= 0.365065
SECONDARY_EDGE_TTA_ACTIVE views= 8 weight= 0.75 mean_abs_feat_delta= 0.219385
SECONDARY_EDGE_TTA_ACTIVE views= 8 weight= 0.75 mean_abs_feat_delta= 0.219385
SECONDARY_EDGE_TTA_ACTIVE views= 8 weight= 0.75 mean_abs_feat_delta= 0.229453
SECONDARY_EDGE_TTA_ACTIVE views= 8 weight= 0.75 mean_abs_feat_delta= 0.229453
EDGE_TTA_ACTIVE views= 8 mean_abs_feat_delta= 0.332495
EDGE_TTA_ACTIVE views= 8 mean_abs_feat_delta= 0.332495
EDGE_TTA_ACTIVE views= 8 mean_abs_feat_delta= 0.353373
EDGE_TTA_ACTIVE views= 8 mean_abs_feat_delta= 0.353373
SECONDARY_EDGE_TTA_ACTIVE views= 8 weight= 0.75 mean_abs_feat_delta= 0.221891
SECONDARY_EDGE_TTA_ACTIVE views= 8 weight= 0.75 mean_abs_feat_delta= 0.221891
SECONDARY_EDGE_TTA_ACTIVE views= 8 weight= 0.75 mean_abs_feat_delta= 0.233899
SECONDARY_EDGE_TTA_ACTIVE views= 8 weight= 0.75 mean_abs_feat_delta= 0.233899
EDGE_TTA_ACTIVE views= 8 mean_abs_feat_delta= 0.326164
EDGE_TTA_ACTIVE views= 8 mean_abs_feat_delta= 0.326164
EDGE_TTA_ACTIVE views= 8 mean_abs_feat_delta= 0.366767
EDGE_TTA_ACTIVE views= 8 mean_abs_feat_delta= 0.366767
SECONDARY_EDGE_TTA_ACTIVE views= 8 weight= 0.75 mean_abs_feat_delta= 0.22287
SECONDARY_EDGE_TTA_ACTIVE views= 8 weight= 0.75 mean_abs_feat_delta= 0.22287
SECONDARY_EDGE_TTA_ACTIVE views= 8 weight= 0.75 mean_abs_feat_delta= 0.228562
SECONDARY_EDGE_TTA_ACTIVE views= 8 weight= 0.75 mean_abs_feat_delta= 0.228562
EDGE_TTA_ACTIVE views= 8 mean_abs_feat_delta= 0.3318
EDGE_TTA_ACTIVE views= 8 mean_abs_feat_delta= 0.3318
EDGE_TTA_ACTIVE views= 8 mean_abs_feat_delta= 0.360859
EDGE_TTA_ACTIVE views= 8 mean_abs_feat_delta= 0.360859
SECONDARY_EDGE_TTA_ACTIVE views= 8 weight= 0.75 mean_abs_feat_delta= 0.226905
SECONDARY_EDGE_TTA_ACTIVE views= 8 weight= 0.75 mean_abs_feat_delta= 0.226905
SECONDARY_EDGE_TTA_ACTIVE views= 8 weight= 0.75 mean_abs_feat_delta= 0.229373
SECONDARY_EDGE_TTA_ACTIVE views= 8 weight= 0.75 mean_abs_feat_delta= 0.229373
EDGE_TTA_ACTIVE views= 8 mean_abs_feat_delta= 0.332454
EDGE_TTA_ACTIVE views= 8 mean_abs_feat_delta= 0.332454
EDGE_TTA_ACTIVE views= 8 mean_abs_feat_delta= 0.358711
EDGE_TTA_ACTIVE views= 8 mean_abs_feat_delta= 0.358711
SECONDARY_EDGE_TTA_ACTIVE views= 8 weight= 0.75 mean_abs_feat_delta= 0.227329
SECONDARY_EDGE_TTA_ACTIVE views= 8 weight= 0.75 mean_abs_feat_delta= 0.227329
SECONDARY_EDGE_TTA_ACTIVE views= 8 weight= 0.75 mean_abs_feat_delta= 0.228983
SECONDARY_EDGE_TTA_ACTIVE views= 8 weight= 0.75 mean_abs_feat_delta= 0.228983
EDGE_TTA_ACTIVE views= 8 mean_abs_feat_delta= 0.329795
EDGE_TTA_ACTIVE views= 8 mean_abs_feat_delta= 0.357908
EDGE_TTA_ACTIVE views= 8 mean_abs_feat_delta= 0.329795
EDGE_TTA_ACTIVE views= 8 mean_abs_feat_delta= 0.357908
SECONDARY_EDGE_TTA_ACTIVE views= 8 weight= 0.75 mean_abs_feat_delta= 0.227094
SECONDARY_EDGE_TTA_ACTIVE views= 8 weight= 0.75 mean_abs_feat_delta= 0.227094
SECONDARY_EDGE_TTA_ACTIVE views= 8 weight= 0.75 mean_abs_feat_delta= 0.22723
SECONDARY_EDGE_TTA_ACTIVE views= 8 weight= 0.75 mean_abs_feat_delta= 0.22723
EDGE_TTA_ACTIVE views= 8 mean_abs_feat_delta= 0.330008
EDGE_TTA_ACTIVE views= 8 mean_abs_feat_delta= 0.36076
EDGE_TTA_ACTIVE views= 8 mean_abs_feat_delta= 0.330008
EDGE_TTA_ACTIVE views= 8 mean_abs_feat_delta= 0.36076
SECONDARY_EDGE_TTA_ACTIVE views= 8 weight= 0.75 mean_abs_feat_delta= 0.228038
SECONDARY_EDGE_TTA_ACTIVE views= 8 weight= 0.75 mean_abs_feat_delta= 0.228038
SECONDARY_EDGE_TTA_ACTIVE views= 8 weight= 0.75 mean_abs_feat_delta= 0.227184
SECONDARY_EDGE_TTA_ACTIVE views= 8 weight= 0.75 mean_abs_feat_delta= 0.227184
EDGE_TTA_ACTIVE views= 8 mean_abs_feat_delta= 0.327924
EDGE_TTA_ACTIVE views= 8 mean_abs_feat_delta= 0.363026
EDGE_TTA_ACTIVE views= 8 mean_abs_feat_delta= 0.327924
EDGE_TTA_ACTIVE views= 8 mean_abs_feat_delta= 0.363026
SECONDARY_EDGE_TTA_ACTIVE views= 8 weight= 0.75 mean_abs_feat_delta= 0.226869
SECONDARY_EDGE_TTA_ACTIVE views= 8 weight= 0.75 mean_abs_feat_delta= 0.228674
SECONDARY_EDGE_TTA_ACTIVE views= 8 weight= 0.75 mean_abs_feat_delta= 0.226869
SECONDARY_EDGE_TTA_ACTIVE views= 8 weight= 0.75 mean_abs_feat_delta= 0.228674
EDGE_TTA_ACTIVE views= 8 mean_abs_feat_delta= 0.324294
EDGE_TTA_ACTIVE views= 8 mean_abs_feat_delta= 0.36528
EDGE_TTA_ACTIVE views= 8 mean_abs_feat_delta= 0.324294
EDGE_TTA_ACTIVE views= 8 mean_abs_feat_delta= 0.36528
SECONDARY_EDGE_TTA_ACTIVE views= 8 weight= 0.75 mean_abs_feat_delta= 0.219975
SECONDARY_EDGE_TTA_ACTIVE views= 8 weight= 0.75 mean_abs_feat_delta= 0.22969
SECONDARY_EDGE_TTA_ACTIVE views= 8 weight= 0.75 mean_abs_feat_delta= 0.219975
SECONDARY_EDGE_TTA_ACTIVE views= 8 weight= 0.75 mean_abs_feat_delta= 0.22969
EDGE_TTA_ACTIVE views= 8 mean_abs_feat_delta= 0.365255
EDGE_TTA_ACTIVE views= 8 mean_abs_feat_delta= 0.329966
EDGE_TTA_ACTIVE views= 8 mean_abs_feat_delta= 0.365255
EDGE_TTA_ACTIVE views= 8 mean_abs_feat_delta= 0.329966
SECONDARY_EDGE_TTA_ACTIVE views= 8 weight= 0.75 mean_abs_feat_delta= 0.22725
SECONDARY_EDGE_TTA_ACTIVE views= 8 weight= 0.75 mean_abs_feat_delta= 0.227887
SECONDARY_EDGE_TTA_ACTIVE views= 8 weight= 0.75 mean_abs_feat_delta= 0.22725
SECONDARY_EDGE_TTA_ACTIVE views= 8 weight= 0.75 mean_abs_feat_delta= 0.227887
EDGE_TTA_ACTIVE views= 8 mean_abs_feat_delta= 0.364292
EDGE_TTA_ACTIVE views= 8 mean_abs_feat_delta= 0.322964
EDGE_TTA_ACTIVE views= 8 mean_abs_feat_delta= 0.364292
EDGE_TTA_ACTIVE views= 8 mean_abs_feat_delta= 0.322964
SECONDARY_EDGE_TTA_ACTIVE views= 8 weight= 0.75 mean_abs_feat_delta= 0.229597
SECONDARY_EDGE_TTA_ACTIVE views= 8 weight= 0.75 mean_abs_feat_delta= 0.225732
SECONDARY_EDGE_TTA_ACTIVE views= 8 weight= 0.75 mean_abs_feat_delta= 0.229597
SECONDARY_EDGE_TTA_ACTIVE views= 8 weight= 0.75 mean_abs_feat_delta= 0.225732
EDGE_TTA_ACTIVE views= 8 mean_abs_feat_delta= 0.369457
EDGE_TTA_ACTIVE views= 8 mean_abs_feat_delta= 0.369457
EDGE_TTA_ACTIVE views= 8 mean_abs_feat_delta= 0.329623
EDGE_TTA_ACTIVE views= 8 mean_abs_feat_delta= 0.329623
SECONDARY_EDGE_TTA_ACTIVE views= 8 weight= 0.75 mean_abs_feat_delta= 0.229355
SECONDARY_EDGE_TTA_ACTIVE views= 8 weight= 0.75 mean_abs_feat_delta= 0.229625
SECONDARY_EDGE_TTA_ACTIVE views= 8 weight= 0.75 mean_abs_feat_delta= 0.229355
SECONDARY_EDGE_TTA_ACTIVE views= 8 weight= 0.75 mean_abs_feat_delta= 0.229625
EDGE_TTA_ACTIVE views= 8 mean_abs_feat_delta= 0.366989
EDGE_TTA_ACTIVE views= 8 mean_abs_feat_delta= 0.366989
EDGE_TTA_ACTIVE views= 8 mean_abs_feat_delta= 0.33189
EDGE_TTA_ACTIVE views= 8 mean_abs_feat_delta= 0.33189
SECONDARY_EDGE_TTA_ACTIVE views= 8 weight= 0.75 mean_abs_feat_delta= 0.228164
SECONDARY_EDGE_TTA_ACTIVE views= 8 weight= 0.75 mean_abs_feat_delta= 0.228164
SECONDARY_EDGE_TTA_ACTIVE views= 8 weight= 0.75 mean_abs_feat_delta= 0.229021
SECONDARY_EDGE_TTA_ACTIVE views= 8 weight= 0.75 mean_abs_feat_delta= 0.229021
EDGE_TTA_ACTIVE views= 8 mean_abs_feat_delta= 0.364738
EDGE_TTA_ACTIVE views= 8 mean_abs_feat_delta= 0.364738
EDGE_TTA_ACTIVE views= 8 mean_abs_feat_delta= 0.328077
EDGE_TTA_ACTIVE views= 8 mean_abs_feat_delta= 0.328077
SECONDARY_EDGE_TTA_ACTIVE views= 8 weight= 0.75 mean_abs_feat_delta= 0.230204
SECONDARY_EDGE_TTA_ACTIVE views= 8 weight= 0.75 mean_abs_feat_delta= 0.230204
SECONDARY_EDGE_TTA_ACTIVE views= 8 weight= 0.75 mean_abs_feat_delta= 0.229917
SECONDARY_EDGE_TTA_ACTIVE views= 8 weight= 0.75 mean_abs_feat_delta= 0.229917
EDGE_TTA_ACTIVE views= 8 mean_abs_feat_delta= 0.368159
EDGE_TTA_ACTIVE views= 8 mean_abs_feat_delta= 0.368159
EDGE_TTA_ACTIVE views= 8 mean_abs_feat_delta= 0.330658
EDGE_TTA_ACTIVE views= 8 mean_abs_feat_delta= 0.330658
SECONDARY_EDGE_TTA_ACTIVE views= 8 weight= 0.75 mean_abs_feat_delta= 0.229792
SECONDARY_EDGE_TTA_ACTIVE views= 8 weight= 0.75 mean_abs_feat_delta= 0.229792
SECONDARY_EDGE_TTA_ACTIVE views= 8 weight= 0.75 mean_abs_feat_delta= 0.232737
SECONDARY_EDGE_TTA_ACTIVE views= 8 weight= 0.75 mean_abs_feat_delta= 0.232737
EDGE_TTA_ACTIVE views= 8 mean_abs_feat_delta= 0.370711
EDGE_TTA_ACTIVE views= 8 mean_abs_feat_delta= 0.370711
EDGE_TTA_ACTIVE views= 8 mean_abs_feat_delta= 0.330195
EDGE_TTA_ACTIVE views= 8 mean_abs_feat_delta= 0.330195
SECONDARY_EDGE_TTA_ACTIVE views= 8 weight= 0.75 mean_abs_feat_delta= 0.231598
SECONDARY_EDGE_TTA_ACTIVE views= 8 weight= 0.75 mean_abs_feat_delta= 0.231598
SECONDARY_EDGE_TTA_ACTIVE views= 8 weight= 0.75 mean_abs_feat_delta= 0.227525
SECONDARY_EDGE_TTA_ACTIVE views= 8 weight= 0.75 mean_abs_feat_delta= 0.227525
EDGE_TTA_ACTIVE views= 8 mean_abs_feat_delta= 0.360618
EDGE_TTA_ACTIVE views= 8 mean_abs_feat_delta= 0.360618
EDGE_TTA_ACTIVE views= 8 mean_abs_feat_delta= 0.332086
SECONDARY_EDGE_TTA_ACTIVE views= 8 weight= 0.75 mean_abs_feat_delta= 0.237748
EDGE_TTA_ACTIVE views= 8 mean_abs_feat_delta= 0.332086
SECONDARY_EDGE_TTA_ACTIVE views= 8 weight= 0.75 mean_abs_feat_delta= 0.237748
SECONDARY_EDGE_TTA_ACTIVE views= 8 weight= 0.75 mean_abs_feat_delta= 0.228923
SECONDARY_EDGE_TTA_ACTIVE views= 8 weight= 0.75 mean_abs_feat_delta= 0.228923
EDGE_TTA_ACTIVE views= 8 mean_abs_feat_delta= 0.372812
EDGE_TTA_ACTIVE views= 8 mean_abs_feat_delta= 0.372812
EDGE_TTA_ACTIVE views= 8 mean_abs_feat_delta= 0.334902
SECONDARY_EDGE_TTA_ACTIVE views= 8 weight= 0.75 mean_abs_feat_delta= 0.229174
EDGE_TTA_ACTIVE views= 8 mean_abs_feat_delta= 0.334902
SECONDARY_EDGE_TTA_ACTIVE views= 8 weight= 0.75 mean_abs_feat_delta= 0.229174
SECONDARY_EDGE_TTA_ACTIVE views= 8 weight= 0.75 mean_abs_feat_delta= 0.234703
SECONDARY_EDGE_TTA_ACTIVE views= 8 weight= 0.75 mean_abs_feat_delta= 0.234703
EDGE_TTA_ACTIVE views= 8 mean_abs_feat_delta= 0.374406
EDGE_TTA_ACTIVE views= 8 mean_abs_feat_delta= 0.374406
SECONDARY_EDGE_TTA_ACTIVE views= 8 weight= 0.75 mean_abs_feat_delta= 0.23239
EDGE_TTA_ACTIVE views= 8 mean_abs_feat_delta= 0.331026
SECONDARY_EDGE_TTA_ACTIVE views= 8 weight= 0.75 mean_abs_feat_delta= 0.23239
EDGE_TTA_ACTIVE views= 8 mean_abs_feat_delta= 0.331026
SECONDARY_EDGE_TTA_ACTIVE views= 8 weight= 0.75 mean_abs_feat_delta= 0.228868
EDGE_TTA_ACTIVE views= 8 mean_abs_feat_delta= 0.3777
SECONDARY_EDGE_TTA_ACTIVE views= 8 weight= 0.75 mean_abs_feat_delta= 0.228868
EDGE_TTA_ACTIVE views= 8 mean_abs_feat_delta= 0.3777
SECONDARY_EDGE_TTA_ACTIVE views= 8 weight= 0.75 mean_abs_feat_delta= 0.233543
EDGE_TTA_ACTIVE views= 8 mean_abs_feat_delta= 0.33352
SECONDARY_EDGE_TTA_ACTIVE views= 8 weight= 0.75 mean_abs_feat_delta= 0.233543
EDGE_TTA_ACTIVE views= 8 mean_abs_feat_delta= 0.33352
SECONDARY_EDGE_TTA_ACTIVE views= 8 weight= 0.75 mean_abs_feat_delta= 0.229406
EDGE_TTA_ACTIVE views= 8 mean_abs_feat_delta= 0.376339
SECONDARY_EDGE_TTA_ACTIVE views= 8 weight= 0.75 mean_abs_feat_delta= 0.229406
EDGE_TTA_ACTIVE views= 8 mean_abs_feat_delta= 0.376339
SECONDARY_EDGE_TTA_ACTIVE views= 8 weight= 0.75 mean_abs_feat_delta= 0.230711
SECONDARY_EDGE_TTA_ACTIVE views= 8 weight= 0.75 mean_abs_feat_delta= 0.230711
EDGE_TTA_ACTIVE views= 8 mean_abs_feat_delta= 0.333668
EDGE_TTA_ACTIVE views= 8 mean_abs_feat_delta= 0.333668
EDGE_TTA_ACTIVE views= 8 mean_abs_feat_delta= 0.369146
SECONDARY_EDGE_TTA_ACTIVE views= 8 weight= 0.75 mean_abs_feat_delta= 0.228734
EDGE_TTA_ACTIVE views= 8 mean_abs_feat_delta= 0.369146
SECONDARY_EDGE_TTA_ACTIVE views= 8 weight= 0.75 mean_abs_feat_delta= 0.228734
SECONDARY_EDGE_TTA_ACTIVE views= 8 weight= 0.75 mean_abs_feat_delta= 0.230076
SECONDARY_EDGE_TTA_ACTIVE views= 8 weight= 0.75 mean_abs_feat_delta= 0.230076
EDGE_TTA_ACTIVE views= 8 mean_abs_feat_delta= 0.326117
EDGE_TTA_ACTIVE views= 8 mean_abs_feat_delta= 0.326117
EDGE_TTA_ACTIVE views= 8 mean_abs_feat_delta= 0.367025
EDGE_TTA_ACTIVE views= 8 mean_abs_feat_delta= 0.367025
SECONDARY_EDGE_TTA_ACTIVE views= 8 weight= 0.75 mean_abs_feat_delta= 0.227258
SECONDARY_EDGE_TTA_ACTIVE views= 8 weight= 0.75 mean_abs_feat_delta= 0.227258
SECONDARY_EDGE_TTA_ACTIVE views= 8 weight= 0.75 mean_abs_feat_delta= 0.23
SECONDARY_EDGE_TTA_ACTIVE views= 8 weight= 0.75 mean_abs_feat_delta= 0.23
EDGE_TTA_ACTIVE views= 8 mean_abs_feat_delta= 0.327201
EDGE_TTA_ACTIVE views= 8 mean_abs_feat_delta= 0.327201
EDGE_TTA_ACTIVE views= 8 mean_abs_feat_delta= 0.371094
EDGE_TTA_ACTIVE views= 8 mean_abs_feat_delta= 0.371094
SECONDARY_EDGE_TTA_ACTIVE views= 8 weight= 0.75 mean_abs_feat_delta= 0.232919
SECONDARY_EDGE_TTA_ACTIVE views= 8 weight= 0.75 mean_abs_feat_delta= 0.232919
SECONDARY_EDGE_TTA_ACTIVE views= 8 weight= 0.75 mean_abs_feat_delta= 0.231427
SECONDARY_EDGE_TTA_ACTIVE views= 8 weight= 0.75 mean_abs_feat_delta= 0.231427
EDGE_TTA_ACTIVE views= 8 mean_abs_feat_delta= 0.330095
EDGE_TTA_ACTIVE views= 8 mean_abs_feat_delta= 0.330095
EDGE_TTA_ACTIVE views= 8 mean_abs_feat_delta= 0.375255
EDGE_TTA_ACTIVE views= 8 mean_abs_feat_delta= 0.375255
SECONDARY_EDGE_TTA_ACTIVE views= 8 weight= 0.75 mean_abs_feat_delta= 0.237762
SECONDARY_EDGE_TTA_ACTIVE views= 8 weight= 0.75 mean_abs_feat_delta= 0.237762
SECONDARY_EDGE_TTA_ACTIVE views= 8 weight= 0.75 mean_abs_feat_delta= 0.229981
SECONDARY_EDGE_TTA_ACTIVE views= 8 weight= 0.75 mean_abs_feat_delta= 0.229981
EDGE_TTA_ACTIVE views= 8 mean_abs_feat_delta= 0.333419
EDGE_TTA_ACTIVE views= 8 mean_abs_feat_delta= 0.333419
EDGE_TTA_ACTIVE views= 8 mean_abs_feat_delta= 0.373994
EDGE_TTA_ACTIVE views= 8 mean_abs_feat_delta= 0.373994
SECONDARY_EDGE_TTA_ACTIVE views= 8 weight= 0.75 mean_abs_feat_delta= 0.238631
SECONDARY_EDGE_TTA_ACTIVE views= 8 weight= 0.75 mean_abs_feat_delta= 0.238631
SECONDARY_EDGE_TTA_ACTIVE views= 8 weight= 0.75 mean_abs_feat_delta= 0.229437
SECONDARY_EDGE_TTA_ACTIVE views= 8 weight= 0.75 mean_abs_feat_delta= 0.229437
EDGE_TTA_ACTIVE views= 8 mean_abs_feat_delta= 0.338616
EDGE_TTA_ACTIVE views= 8 mean_abs_feat_delta= 0.366011
EDGE_TTA_ACTIVE views= 8 mean_abs_feat_delta= 0.338616
EDGE_TTA_ACTIVE views= 8 mean_abs_feat_delta= 0.366011
SECONDARY_EDGE_TTA_ACTIVE views= 8 weight= 0.75 mean_abs_feat_delta= 0.236776
SECONDARY_EDGE_TTA_ACTIVE views= 8 weight= 0.75 mean_abs_feat_delta= 0.229485
SECONDARY_EDGE_TTA_ACTIVE views= 8 weight= 0.75 mean_abs_feat_delta= 0.236776
SECONDARY_EDGE_TTA_ACTIVE views= 8 weight= 0.75 mean_abs_feat_delta= 0.229485
EDGE_TTA_ACTIVE views= 8 mean_abs_feat_delta= 0.364698
EDGE_TTA_ACTIVE views= 8 mean_abs_feat_delta= 0.335349
EDGE_TTA_ACTIVE views= 8 mean_abs_feat_delta= 0.364698
EDGE_TTA_ACTIVE views= 8 mean_abs_feat_delta= 0.335349
SECONDARY_EDGE_TTA_ACTIVE views= 8 weight= 0.75 mean_abs_feat_delta= 0.233805
SECONDARY_EDGE_TTA_ACTIVE views= 8 weight= 0.75 mean_abs_feat_delta= 0.234306
SECONDARY_EDGE_TTA_ACTIVE views= 8 weight= 0.75 mean_abs_feat_delta= 0.233805
SECONDARY_EDGE_TTA_ACTIVE views= 8 weight= 0.75 mean_abs_feat_delta= 0.234306
EDGE_TTA_ACTIVE views= 8 mean_abs_feat_delta= 0.366732
EDGE_TTA_ACTIVE views= 8 mean_abs_feat_delta= 0.337635
EDGE_TTA_ACTIVE views= 8 mean_abs_feat_delta= 0.366732
EDGE_TTA_ACTIVE views= 8 mean_abs_feat_delta= 0.337635
SECONDARY_EDGE_TTA_ACTIVE views= 8 weight= 0.75 mean_abs_feat_delta= 0.235733
SECONDARY_EDGE_TTA_ACTIVE views= 8 weight= 0.75 mean_abs_feat_delta= 0.2393
SECONDARY_EDGE_TTA_ACTIVE views= 8 weight= 0.75 mean_abs_feat_delta= 0.235733
SECONDARY_EDGE_TTA_ACTIVE views= 8 weight= 0.75 mean_abs_feat_delta= 0.2393
EDGE_TTA_ACTIVE views= 8 mean_abs_feat_delta= 0.370041
EDGE_TTA_ACTIVE views= 8 mean_abs_feat_delta= 0.370041
EDGE_TTA_ACTIVE views= 8 mean_abs_feat_delta= 0.336677
EDGE_TTA_ACTIVE views= 8 mean_abs_feat_delta= 0.336677
SECONDARY_EDGE_TTA_ACTIVE views= 8 weight= 0.75 mean_abs_feat_delta= 0.231775
SECONDARY_EDGE_TTA_ACTIVE views= 8 weight= 0.75 mean_abs_feat_delta= 0.241418
SECONDARY_EDGE_TTA_ACTIVE views= 8 weight= 0.75 mean_abs_feat_delta= 0.231775
SECONDARY_EDGE_TTA_ACTIVE views= 8 weight= 0.75 mean_abs_feat_delta= 0.241418
EDGE_TTA_ACTIVE views= 8 mean_abs_feat_delta= 0.367914
EDGE_TTA_ACTIVE views= 8 mean_abs_feat_delta= 0.367914
EDGE_TTA_ACTIVE views= 8 mean_abs_feat_delta= 0.334169
EDGE_TTA_ACTIVE views= 8 mean_abs_feat_delta= 0.334169
SECONDARY_EDGE_TTA_ACTIVE views= 8 weight= 0.75 mean_abs_feat_delta= 0.227854
SECONDARY_EDGE_TTA_ACTIVE views= 8 weight= 0.75 mean_abs_feat_delta= 0.227854
SECONDARY_EDGE_TTA_ACTIVE views= 8 weight= 0.75 mean_abs_feat_delta= 0.240548
SECONDARY_EDGE_TTA_ACTIVE views= 8 weight= 0.75 mean_abs_feat_delta= 0.240548
EDGE_TTA_ACTIVE views= 8 mean_abs_feat_delta= 0.352519
EDGE_TTA_ACTIVE views= 8 mean_abs_feat_delta= 0.352519
EDGE_TTA_ACTIVE views= 8 mean_abs_feat_delta= 0.334586
EDGE_TTA_ACTIVE views= 8 mean_abs_feat_delta= 0.334586
SECONDARY_EDGE_TTA_ACTIVE views= 8 weight= 0.75 mean_abs_feat_delta= 0.232249
BIOHUB_RETENTION_GUARD {"blended_candidates": 66, "dataset": "6bba_05b6850b", "frame": 43, "minimum_retention": 0.9, "primary_candidates": 74, "retention": 0.8918918918918919, "use_primary": true}
SECONDARY_EDGE_TTA_ACTIVE views= 8 weight= 0.75 mean_abs_feat_delta= 0.232249
BIOHUB_RETENTION_GUARD {"blended_candidates": 66, "dataset": "6bba_05b6850b", "frame": 43, "minimum_retention": 0.9, "primary_candidates": 74, "retention": 0.8918918918918919, "use_primary": true}
SECONDARY_EDGE_TTA_ACTIVE views= 8 weight= 0.75 mean_abs_feat_delta= 0.239217
SECONDARY_EDGE_TTA_ACTIVE views= 8 weight= 0.75 mean_abs_feat_delta= 0.239217
EDGE_TTA_ACTIVE views= 8 mean_abs_feat_delta= 0.36891
EDGE_TTA_ACTIVE views= 8 mean_abs_feat_delta= 0.36891
EDGE_TTA_ACTIVE views= 8 mean_abs_feat_delta= 0.333591
EDGE_TTA_ACTIVE views= 8 mean_abs_feat_delta= 0.333591
SECONDARY_EDGE_TTA_ACTIVE views= 8 weight= 0.75 mean_abs_feat_delta= 0.226463
SECONDARY_EDGE_TTA_ACTIVE views= 8 weight= 0.75 mean_abs_feat_delta= 0.226463
SECONDARY_EDGE_TTA_ACTIVE views= 8 weight= 0.75 mean_abs_feat_delta= 0.238117
SECONDARY_EDGE_TTA_ACTIVE views= 8 weight= 0.75 mean_abs_feat_delta= 0.238117
EDGE_TTA_ACTIVE views= 8 mean_abs_feat_delta= 0.372785
EDGE_TTA_ACTIVE views= 8 mean_abs_feat_delta= 0.372785
EDGE_TTA_ACTIVE views= 8 mean_abs_feat_delta= 0.333424
EDGE_TTA_ACTIVE views= 8 mean_abs_feat_delta= 0.333424
SECONDARY_EDGE_TTA_ACTIVE views= 8 weight= 0.75 mean_abs_feat_delta= 0.232529
SECONDARY_EDGE_TTA_ACTIVE views= 8 weight= 0.75 mean_abs_feat_delta= 0.232529
SECONDARY_EDGE_TTA_ACTIVE views= 8 weight= 0.75 mean_abs_feat_delta= 0.241111
SECONDARY_EDGE_TTA_ACTIVE views= 8 weight= 0.75 mean_abs_feat_delta= 0.241111
EDGE_TTA_ACTIVE views= 8 mean_abs_feat_delta= 0.372432
EDGE_TTA_ACTIVE views= 8 mean_abs_feat_delta= 0.372432
EDGE_TTA_ACTIVE views= 8 mean_abs_feat_delta= 0.329672
SECONDARY_EDGE_TTA_ACTIVE views= 8 weight= 0.75 mean_abs_feat_delta= 0.234792
EDGE_TTA_ACTIVE views= 8 mean_abs_feat_delta= 0.329672
SECONDARY_EDGE_TTA_ACTIVE views= 8 weight= 0.75 mean_abs_feat_delta= 0.234792
SECONDARY_EDGE_TTA_ACTIVE views= 8 weight= 0.75 mean_abs_feat_delta= 0.233408
SECONDARY_EDGE_TTA_ACTIVE views= 8 weight= 0.75 mean_abs_feat_delta= 0.233408
EDGE_TTA_ACTIVE views= 8 mean_abs_feat_delta= 0.371331
EDGE_TTA_ACTIVE views= 8 mean_abs_feat_delta= 0.371331
EDGE_TTA_ACTIVE views= 8 mean_abs_feat_delta= 0.330847
SECONDARY_EDGE_TTA_ACTIVE views= 8 weight= 0.75 mean_abs_feat_delta= 0.233309
EDGE_TTA_ACTIVE views= 8 mean_abs_feat_delta= 0.330847
SECONDARY_EDGE_TTA_ACTIVE views= 8 weight= 0.75 mean_abs_feat_delta= 0.233309
SECONDARY_EDGE_TTA_ACTIVE views= 8 weight= 0.75 mean_abs_feat_delta= 0.236893
SECONDARY_EDGE_TTA_ACTIVE views= 8 weight= 0.75 mean_abs_feat_delta= 0.236893
EDGE_TTA_ACTIVE views= 8 mean_abs_feat_delta= 0.369641
EDGE_TTA_ACTIVE views= 8 mean_abs_feat_delta= 0.369641
SECONDARY_EDGE_TTA_ACTIVE views= 8 weight= 0.75 mean_abs_feat_delta= 0.231091
EDGE_TTA_ACTIVE views= 8 mean_abs_feat_delta= 0.332545
SECONDARY_EDGE_TTA_ACTIVE views= 8 weight= 0.75 mean_abs_feat_delta= 0.231091
EDGE_TTA_ACTIVE views= 8 mean_abs_feat_delta= 0.332545
SECONDARY_EDGE_TTA_ACTIVE views= 8 weight= 0.75 mean_abs_feat_delta= 0.244446
EDGE_TTA_ACTIVE views= 8 mean_abs_feat_delta= 0.371647
SECONDARY_EDGE_TTA_ACTIVE views= 8 weight= 0.75 mean_abs_feat_delta= 0.244446
EDGE_TTA_ACTIVE views= 8 mean_abs_feat_delta= 0.371647
SECONDARY_EDGE_TTA_ACTIVE views= 8 weight= 0.75 mean_abs_feat_delta= 0.231415
EDGE_TTA_ACTIVE views= 8 mean_abs_feat_delta= 0.333406
SECONDARY_EDGE_TTA_ACTIVE views= 8 weight= 0.75 mean_abs_feat_delta= 0.231415
EDGE_TTA_ACTIVE views= 8 mean_abs_feat_delta= 0.333406
SECONDARY_EDGE_TTA_ACTIVE views= 8 weight= 0.75 mean_abs_feat_delta= 0.249633
EDGE_TTA_ACTIVE views= 8 mean_abs_feat_delta= 0.368025
SECONDARY_EDGE_TTA_ACTIVE views= 8 weight= 0.75 mean_abs_feat_delta= 0.249633
EDGE_TTA_ACTIVE views= 8 mean_abs_feat_delta= 0.368025
SECONDARY_EDGE_TTA_ACTIVE views= 8 weight= 0.75 mean_abs_feat_delta= 0.232042
SECONDARY_EDGE_TTA_ACTIVE views= 8 weight= 0.75 mean_abs_feat_delta= 0.232042
EDGE_TTA_ACTIVE views= 8 mean_abs_feat_delta= 0.33416
EDGE_TTA_ACTIVE views= 8 mean_abs_feat_delta= 0.33416
SECONDARY_EDGE_TTA_ACTIVE views= 8 weight= 0.75 mean_abs_feat_delta= 0.246702
EDGE_TTA_ACTIVE views= 8 mean_abs_feat_delta= 0.362922
SECONDARY_EDGE_TTA_ACTIVE views= 8 weight= 0.75 mean_abs_feat_delta= 0.246702
EDGE_TTA_ACTIVE views= 8 mean_abs_feat_delta= 0.362922
SECONDARY_EDGE_TTA_ACTIVE views= 8 weight= 0.75 mean_abs_feat_delta= 0.232766
SECONDARY_EDGE_TTA_ACTIVE views= 8 weight= 0.75 mean_abs_feat_delta= 0.232766
EDGE_TTA_ACTIVE views= 8 mean_abs_feat_delta= 0.335015
EDGE_TTA_ACTIVE views= 8 mean_abs_feat_delta= 0.335015
EDGE_TTA_ACTIVE views= 8 mean_abs_feat_delta= 0.352705
SECONDARY_EDGE_TTA_ACTIVE views= 8 weight= 0.75 mean_abs_feat_delta= 0.239557
EDGE_TTA_ACTIVE views= 8 mean_abs_feat_delta= 0.352705
SECONDARY_EDGE_TTA_ACTIVE views= 8 weight= 0.75 mean_abs_feat_delta= 0.239557
SECONDARY_EDGE_TTA_ACTIVE views= 8 weight= 0.75 mean_abs_feat_delta= 0.235979
SECONDARY_EDGE_TTA_ACTIVE views= 8 weight= 0.75 mean_abs_feat_delta= 0.235979
EDGE_TTA_ACTIVE views= 8 mean_abs_feat_delta= 0.342511
EDGE_TTA_ACTIVE views= 8 mean_abs_feat_delta= 0.342511
EDGE_TTA_ACTIVE views= 8 mean_abs_feat_delta= 0.336896
SECONDARY_EDGE_TTA_ACTIVE views= 8 weight= 0.75 mean_abs_feat_delta= 0.238104
EDGE_TTA_ACTIVE views= 8 mean_abs_feat_delta= 0.336896
SECONDARY_EDGE_TTA_ACTIVE views= 8 weight= 0.75 mean_abs_feat_delta= 0.238104
SECONDARY_EDGE_TTA_ACTIVE views= 8 weight= 0.75 mean_abs_feat_delta= 0.241376
SECONDARY_EDGE_TTA_ACTIVE views= 8 weight= 0.75 mean_abs_feat_delta= 0.241376
EDGE_TTA_ACTIVE views= 8 mean_abs_feat_delta= 0.342159
EDGE_TTA_ACTIVE views= 8 mean_abs_feat_delta= 0.342159
EDGE_TTA_ACTIVE views= 8 mean_abs_feat_delta= 0.34476
EDGE_TTA_ACTIVE views= 8 mean_abs_feat_delta= 0.34476
SECONDARY_EDGE_TTA_ACTIVE views= 8 weight= 0.75 mean_abs_feat_delta= 0.239919
SECONDARY_EDGE_TTA_ACTIVE views= 8 weight= 0.75 mean_abs_feat_delta= 0.239919
SECONDARY_EDGE_TTA_ACTIVE views= 8 weight= 0.75 mean_abs_feat_delta= 0.233304
SECONDARY_EDGE_TTA_ACTIVE views= 8 weight= 0.75 mean_abs_feat_delta= 0.233304
EDGE_TTA_ACTIVE views= 8 mean_abs_feat_delta= 0.340811
EDGE_TTA_ACTIVE views= 8 mean_abs_feat_delta= 0.340811
EDGE_TTA_ACTIVE views= 8 mean_abs_feat_delta= 0.351291
SECONDARY_EDGE_TTA_ACTIVE views= 8 weight= 0.75 mean_abs_feat_delta= 0.238456
EDGE_TTA_ACTIVE views= 8 mean_abs_feat_delta= 0.351291
SECONDARY_EDGE_TTA_ACTIVE views= 8 weight= 0.75 mean_abs_feat_delta= 0.238456
SECONDARY_EDGE_TTA_ACTIVE views= 8 weight= 0.75 mean_abs_feat_delta= 0.237349
SECONDARY_EDGE_TTA_ACTIVE views= 8 weight= 0.75 mean_abs_feat_delta= 0.237349
EDGE_TTA_ACTIVE views= 8 mean_abs_feat_delta= 0.349582
EDGE_TTA_ACTIVE views= 8 mean_abs_feat_delta= 0.349582
EDGE_TTA_ACTIVE views= 8 mean_abs_feat_delta= 0.350787
EDGE_TTA_ACTIVE views= 8 mean_abs_feat_delta= 0.350787
SECONDARY_EDGE_TTA_ACTIVE views= 8 weight= 0.75 mean_abs_feat_delta= 0.237938
SECONDARY_EDGE_TTA_ACTIVE views= 8 weight= 0.75 mean_abs_feat_delta= 0.237938
SECONDARY_EDGE_TTA_ACTIVE views= 8 weight= 0.75 mean_abs_feat_delta= 0.237192
SECONDARY_EDGE_TTA_ACTIVE views= 8 weight= 0.75 mean_abs_feat_delta= 0.237192
EDGE_TTA_ACTIVE views= 8 mean_abs_feat_delta= 0.350508
EDGE_TTA_ACTIVE views= 8 mean_abs_feat_delta= 0.350508
EDGE_TTA_ACTIVE views= 8 mean_abs_feat_delta= 0.352459
EDGE_TTA_ACTIVE views= 8 mean_abs_feat_delta= 0.352459
SECONDARY_EDGE_TTA_ACTIVE views= 8 weight= 0.75 mean_abs_feat_delta= 0.242027
SECONDARY_EDGE_TTA_ACTIVE views= 8 weight= 0.75 mean_abs_feat_delta= 0.242027
SECONDARY_EDGE_TTA_ACTIVE views= 8 weight= 0.75 mean_abs_feat_delta= 0.23579
SECONDARY_EDGE_TTA_ACTIVE views= 8 weight= 0.75 mean_abs_feat_delta= 0.23579
EDGE_TTA_ACTIVE views= 8 mean_abs_feat_delta= 0.347721
EDGE_TTA_ACTIVE views= 8 mean_abs_feat_delta= 0.347721
EDGE_TTA_ACTIVE views= 8 mean_abs_feat_delta= 0.343926
EDGE_TTA_ACTIVE views= 8 mean_abs_feat_delta= 0.343926
SECONDARY_EDGE_TTA_ACTIVE views= 8 weight= 0.75 mean_abs_feat_delta= 0.244117
SECONDARY_EDGE_TTA_ACTIVE views= 8 weight= 0.75 mean_abs_feat_delta= 0.244117
SECONDARY_EDGE_TTA_ACTIVE views= 8 weight= 0.75 mean_abs_feat_delta= 0.245733
SECONDARY_EDGE_TTA_ACTIVE views= 8 weight= 0.75 mean_abs_feat_delta= 0.245733
EDGE_TTA_ACTIVE views= 8 mean_abs_feat_delta= 0.347752
EDGE_TTA_ACTIVE views= 8 mean_abs_feat_delta= 0.347752
EDGE_TTA_ACTIVE views= 8 mean_abs_feat_delta= 0.361961
EDGE_TTA_ACTIVE views= 8 mean_abs_feat_delta= 0.361961
SECONDARY_EDGE_TTA_ACTIVE views= 8 weight= 0.75 mean_abs_feat_delta= 0.243325
SECONDARY_EDGE_TTA_ACTIVE views= 8 weight= 0.75 mean_abs_feat_delta= 0.243325
SECONDARY_EDGE_TTA_ACTIVE views= 8 weight= 0.75 mean_abs_feat_delta= 0.237609
SECONDARY_EDGE_TTA_ACTIVE views= 8 weight= 0.75 mean_abs_feat_delta= 0.237609
EDGE_TTA_ACTIVE views= 8 mean_abs_feat_delta= 0.347648
EDGE_TTA_ACTIVE views= 8 mean_abs_feat_delta= 0.347648
EDGE_TTA_ACTIVE views= 8 mean_abs_feat_delta= 0.359198
EDGE_TTA_ACTIVE views= 8 mean_abs_feat_delta= 0.359198
SECONDARY_EDGE_TTA_ACTIVE views= 8 weight= 0.75 mean_abs_feat_delta= 0.244042
SECONDARY_EDGE_TTA_ACTIVE views= 8 weight= 0.75 mean_abs_feat_delta= 0.244042
SECONDARY_EDGE_TTA_ACTIVE views= 8 weight= 0.75 mean_abs_feat_delta= 0.24975
SECONDARY_EDGE_TTA_ACTIVE views= 8 weight= 0.75 mean_abs_feat_delta= 0.24975
EDGE_TTA_ACTIVE views= 8 mean_abs_feat_delta= 0.350568
EDGE_TTA_ACTIVE views= 8 mean_abs_feat_delta= 0.350568
EDGE_TTA_ACTIVE views= 8 mean_abs_feat_delta= 0.364122
EDGE_TTA_ACTIVE views= 8 mean_abs_feat_delta= 0.364122
SECONDARY_EDGE_TTA_ACTIVE views= 8 weight= 0.75 mean_abs_feat_delta= 0.24973
SECONDARY_EDGE_TTA_ACTIVE views= 8 weight= 0.75 mean_abs_feat_delta= 0.24973
SECONDARY_EDGE_TTA_ACTIVE views= 8 weight= 0.75 mean_abs_feat_delta= 0.23735
SECONDARY_EDGE_TTA_ACTIVE views= 8 weight= 0.75 mean_abs_feat_delta= 0.23735
EDGE_TTA_ACTIVE views= 8 mean_abs_feat_delta= 0.339277
EDGE_TTA_ACTIVE views= 8 mean_abs_feat_delta= 0.339277
EDGE_TTA_ACTIVE views= 8 mean_abs_feat_delta= 0.357428
EDGE_TTA_ACTIVE views= 8 mean_abs_feat_delta= 0.357428
SECONDARY_EDGE_TTA_ACTIVE views= 8 weight= 0.75 mean_abs_feat_delta= 0.239339
SECONDARY_EDGE_TTA_ACTIVE views= 8 weight= 0.75 mean_abs_feat_delta= 0.239339
SECONDARY_EDGE_TTA_ACTIVE views= 8 weight= 0.75 mean_abs_feat_delta= 0.239857
SECONDARY_EDGE_TTA_ACTIVE views= 8 weight= 0.75 mean_abs_feat_delta= 0.239857
EDGE_TTA_ACTIVE views= 8 mean_abs_feat_delta= 0.341866
EDGE_TTA_ACTIVE views= 8 mean_abs_feat_delta= 0.341866
EDGE_TTA_ACTIVE views= 8 mean_abs_feat_delta= 0.343652
EDGE_TTA_ACTIVE views= 8 mean_abs_feat_delta= 0.343652
SECONDARY_EDGE_TTA_ACTIVE views= 8 weight= 0.75 mean_abs_feat_delta= 0.244666
SECONDARY_EDGE_TTA_ACTIVE views= 8 weight= 0.75 mean_abs_feat_delta= 0.244666
SECONDARY_EDGE_TTA_ACTIVE views= 8 weight= 0.75 mean_abs_feat_delta= 0.246472
SECONDARY_EDGE_TTA_ACTIVE views= 8 weight= 0.75 mean_abs_feat_delta= 0.246472
EDGE_TTA_ACTIVE views= 8 mean_abs_feat_delta= 0.344401
EDGE_TTA_ACTIVE views= 8 mean_abs_feat_delta= 0.344401
EDGE_TTA_ACTIVE views= 8 mean_abs_feat_delta= 0.355033
EDGE_TTA_ACTIVE views= 8 mean_abs_feat_delta= 0.355033
SECONDARY_EDGE_TTA_ACTIVE views= 8 weight= 0.75 mean_abs_feat_delta= 0.244039
SECONDARY_EDGE_TTA_ACTIVE views= 8 weight= 0.75 mean_abs_feat_delta= 0.244039
SECONDARY_EDGE_TTA_ACTIVE views= 8 weight= 0.75 mean_abs_feat_delta= 0.23837
SECONDARY_EDGE_TTA_ACTIVE views= 8 weight= 0.75 mean_abs_feat_delta= 0.23837
EDGE_TTA_ACTIVE views= 8 mean_abs_feat_delta= 0.341738
EDGE_TTA_ACTIVE views= 8 mean_abs_feat_delta= 0.341738
EDGE_TTA_ACTIVE views= 8 mean_abs_feat_delta= 0.351347
EDGE_TTA_ACTIVE views= 8 mean_abs_feat_delta= 0.351347
SECONDARY_EDGE_TTA_ACTIVE views= 8 weight= 0.75 mean_abs_feat_delta= 0.245322
SECONDARY_EDGE_TTA_ACTIVE views= 8 weight= 0.75 mean_abs_feat_delta= 0.245322
SECONDARY_EDGE_TTA_ACTIVE views= 8 weight= 0.75 mean_abs_feat_delta= 0.23794
SECONDARY_EDGE_TTA_ACTIVE views= 8 weight= 0.75 mean_abs_feat_delta= 0.23794
EDGE_TTA_ACTIVE views= 8 mean_abs_feat_delta= 0.339738
EDGE_TTA_ACTIVE views= 8 mean_abs_feat_delta= 0.339738
EDGE_TTA_ACTIVE views= 8 mean_abs_feat_delta= 0.353252
EDGE_TTA_ACTIVE views= 8 mean_abs_feat_delta= 0.353252
SECONDARY_EDGE_TTA_ACTIVE views= 8 weight= 0.75 mean_abs_feat_delta= 0.2464
SECONDARY_EDGE_TTA_ACTIVE views= 8 weight= 0.75 mean_abs_feat_delta= 0.2464
SECONDARY_EDGE_TTA_ACTIVE views= 8 weight= 0.75 mean_abs_feat_delta= 0.237401
SECONDARY_EDGE_TTA_ACTIVE views= 8 weight= 0.75 mean_abs_feat_delta= 0.237401
EDGE_TTA_ACTIVE views= 8 mean_abs_feat_delta= 0.336334
EDGE_TTA_ACTIVE views= 8 mean_abs_feat_delta= 0.336334
EDGE_TTA_ACTIVE views= 8 mean_abs_feat_delta= 0.33905
EDGE_TTA_ACTIVE views= 8 mean_abs_feat_delta= 0.33905
SECONDARY_EDGE_TTA_ACTIVE views= 8 weight= 0.75 mean_abs_feat_delta= 0.244837
SECONDARY_EDGE_TTA_ACTIVE views= 8 weight= 0.75 mean_abs_feat_delta= 0.244837
SECONDARY_EDGE_TTA_ACTIVE views= 8 weight= 0.75 mean_abs_feat_delta= 0.245673
SECONDARY_EDGE_TTA_ACTIVE views= 8 weight= 0.75 mean_abs_feat_delta= 0.245673
EDGE_TTA_ACTIVE views= 8 mean_abs_feat_delta= 0.336552
EDGE_TTA_ACTIVE views= 8 mean_abs_feat_delta= 0.336552
EDGE_TTA_ACTIVE views= 8 mean_abs_feat_delta= 0.354422
EDGE_TTA_ACTIVE views= 8 mean_abs_feat_delta= 0.354422
SECONDARY_EDGE_TTA_ACTIVE views= 8 weight= 0.75 mean_abs_feat_delta= 0.249715
SECONDARY_EDGE_TTA_ACTIVE views= 8 weight= 0.75 mean_abs_feat_delta= 0.249715
SECONDARY_EDGE_TTA_ACTIVE views= 8 weight= 0.75 mean_abs_feat_delta= 0.235875
SECONDARY_EDGE_TTA_ACTIVE views= 8 weight= 0.75 mean_abs_feat_delta= 0.235875
EDGE_TTA_ACTIVE views= 8 mean_abs_feat_delta= 0.336751
EDGE_TTA_ACTIVE views= 8 mean_abs_feat_delta= 0.336751
EDGE_TTA_ACTIVE views= 8 mean_abs_feat_delta= 0.359708
EDGE_TTA_ACTIVE views= 8 mean_abs_feat_delta= 0.359708
SECONDARY_EDGE_TTA_ACTIVE views= 8 weight= 0.75 mean_abs_feat_delta= 0.246366
SECONDARY_EDGE_TTA_ACTIVE views= 8 weight= 0.75 mean_abs_feat_delta= 0.246366
SECONDARY_EDGE_TTA_ACTIVE views= 8 weight= 0.75 mean_abs_feat_delta= 0.241531
SECONDARY_EDGE_TTA_ACTIVE views= 8 weight= 0.75 mean_abs_feat_delta= 0.241531
EDGE_TTA_ACTIVE views= 8 mean_abs_feat_delta= 0.342229
EDGE_TTA_ACTIVE views= 8 mean_abs_feat_delta= 0.342229
EDGE_TTA_ACTIVE views= 8 mean_abs_feat_delta= 0.359515
EDGE_TTA_ACTIVE views= 8 mean_abs_feat_delta= 0.359515
SECONDARY_EDGE_TTA_ACTIVE views= 8 weight= 0.75 mean_abs_feat_delta= 0.250553
SECONDARY_EDGE_TTA_ACTIVE views= 8 weight= 0.75 mean_abs_feat_delta= 0.250553
SECONDARY_EDGE_TTA_ACTIVE views= 8 weight= 0.75 mean_abs_feat_delta= 0.238654
SECONDARY_EDGE_TTA_ACTIVE views= 8 weight= 0.75 mean_abs_feat_delta= 0.238654
EDGE_TTA_ACTIVE views= 8 mean_abs_feat_delta= 0.34433
EDGE_TTA_ACTIVE views= 8 mean_abs_feat_delta= 0.356987
EDGE_TTA_ACTIVE views= 8 mean_abs_feat_delta= 0.34433
EDGE_TTA_ACTIVE views= 8 mean_abs_feat_delta= 0.356987
SECONDARY_EDGE_TTA_ACTIVE views= 8 weight= 0.75 mean_abs_feat_delta= 0.253052
SECONDARY_EDGE_TTA_ACTIVE views= 8 weight= 0.75 mean_abs_feat_delta= 0.253052
SECONDARY_EDGE_TTA_ACTIVE views= 8 weight= 0.75 mean_abs_feat_delta= 0.235897
SECONDARY_EDGE_TTA_ACTIVE views= 8 weight= 0.75 mean_abs_feat_delta= 0.235897
EDGE_TTA_ACTIVE views= 8 mean_abs_feat_delta= 0.338919
EDGE_TTA_ACTIVE views= 8 mean_abs_feat_delta= 0.358806
EDGE_TTA_ACTIVE views= 8 mean_abs_feat_delta= 0.338919
EDGE_TTA_ACTIVE views= 8 mean_abs_feat_delta= 0.358806
SECONDARY_EDGE_TTA_ACTIVE views= 8 weight= 0.75 mean_abs_feat_delta= 0.249056
SECONDARY_EDGE_TTA_ACTIVE views= 8 weight= 0.75 mean_abs_feat_delta= 0.249056
SECONDARY_EDGE_TTA_ACTIVE views= 8 weight= 0.75 mean_abs_feat_delta= 0.232787
SECONDARY_EDGE_TTA_ACTIVE views= 8 weight= 0.75 mean_abs_feat_delta= 0.232787
EDGE_TTA_ACTIVE views= 8 mean_abs_feat_delta= 0.334467
EDGE_TTA_ACTIVE views= 8 mean_abs_feat_delta= 0.360605
EDGE_TTA_ACTIVE views= 8 mean_abs_feat_delta= 0.334467
EDGE_TTA_ACTIVE views= 8 mean_abs_feat_delta= 0.360605
SECONDARY_EDGE_TTA_ACTIVE views= 8 weight= 0.75 mean_abs_feat_delta= 0.249429
SECONDARY_EDGE_TTA_ACTIVE views= 8 weight= 0.75 mean_abs_feat_delta= 0.249429
SECONDARY_EDGE_TTA_ACTIVE views= 8 weight= 0.75 mean_abs_feat_delta= 0.235419
SECONDARY_EDGE_TTA_ACTIVE views= 8 weight= 0.75 mean_abs_feat_delta= 0.235419
EDGE_TTA_ACTIVE views= 8 mean_abs_feat_delta= 0.334048
EDGE_TTA_ACTIVE views= 8 mean_abs_feat_delta= 0.35888
EDGE_TTA_ACTIVE views= 8 mean_abs_feat_delta= 0.334048
EDGE_TTA_ACTIVE views= 8 mean_abs_feat_delta= 0.35888
SECONDARY_EDGE_TTA_ACTIVE views= 8 weight= 0.75 mean_abs_feat_delta= 0.246018
SECONDARY_EDGE_TTA_ACTIVE views= 8 weight= 0.75 mean_abs_feat_delta= 0.232021
SECONDARY_EDGE_TTA_ACTIVE views= 8 weight= 0.75 mean_abs_feat_delta= 0.246018
SECONDARY_EDGE_TTA_ACTIVE views= 8 weight= 0.75 mean_abs_feat_delta= 0.232021
EDGE_TTA_ACTIVE views= 8 mean_abs_feat_delta= 0.334845
EDGE_TTA_ACTIVE views= 8 mean_abs_feat_delta= 0.364525
EDGE_TTA_ACTIVE views= 8 mean_abs_feat_delta= 0.334845
EDGE_TTA_ACTIVE views= 8 mean_abs_feat_delta= 0.364525
SECONDARY_EDGE_TTA_ACTIVE views= 8 weight= 0.75 mean_abs_feat_delta= 0.244333
SECONDARY_EDGE_TTA_ACTIVE views= 8 weight= 0.75 mean_abs_feat_delta= 0.235438
SECONDARY_EDGE_TTA_ACTIVE views= 8 weight= 0.75 mean_abs_feat_delta= 0.244333
SECONDARY_EDGE_TTA_ACTIVE views= 8 weight= 0.75 mean_abs_feat_delta= 0.235438
EDGE_TTA_ACTIVE views= 8 mean_abs_feat_delta= 0.334767
EDGE_TTA_ACTIVE views= 8 mean_abs_feat_delta= 0.367055
EDGE_TTA_ACTIVE views= 8 mean_abs_feat_delta= 0.334767
EDGE_TTA_ACTIVE views= 8 mean_abs_feat_delta= 0.367055
SECONDARY_EDGE_TTA_ACTIVE views= 8 weight= 0.75 mean_abs_feat_delta= 0.248241
SECONDARY_EDGE_TTA_ACTIVE views= 8 weight= 0.75 mean_abs_feat_delta= 0.238512
SECONDARY_EDGE_TTA_ACTIVE views= 8 weight= 0.75 mean_abs_feat_delta= 0.248241
SECONDARY_EDGE_TTA_ACTIVE views= 8 weight= 0.75 mean_abs_feat_delta= 0.238512
EDGE_TTA_ACTIVE views= 8 mean_abs_feat_delta= 0.330452
EDGE_TTA_ACTIVE views= 8 mean_abs_feat_delta= 0.351417
EDGE_TTA_ACTIVE views= 8 mean_abs_feat_delta= 0.330452
EDGE_TTA_ACTIVE views= 8 mean_abs_feat_delta= 0.351417
SECONDARY_EDGE_TTA_ACTIVE views= 8 weight= 0.75 mean_abs_feat_delta= 0.239474
SECONDARY_EDGE_TTA_ACTIVE views= 8 weight= 0.75 mean_abs_feat_delta= 0.246384
SECONDARY_EDGE_TTA_ACTIVE views= 8 weight= 0.75 mean_abs_feat_delta= 0.239474
SECONDARY_EDGE_TTA_ACTIVE views= 8 weight= 0.75 mean_abs_feat_delta= 0.246384
EDGE_TTA_ACTIVE views= 8 mean_abs_feat_delta= 0.363487
EDGE_TTA_ACTIVE views= 8 mean_abs_feat_delta= 0.33197
EDGE_TTA_ACTIVE views= 8 mean_abs_feat_delta= 0.363487
EDGE_TTA_ACTIVE views= 8 mean_abs_feat_delta= 0.33197
SECONDARY_EDGE_TTA_ACTIVE views= 8 weight= 0.75 mean_abs_feat_delta= 0.247447
SECONDARY_EDGE_TTA_ACTIVE views= 8 weight= 0.75 mean_abs_feat_delta= 0.234938
SECONDARY_EDGE_TTA_ACTIVE views= 8 weight= 0.75 mean_abs_feat_delta= 0.247447
SECONDARY_EDGE_TTA_ACTIVE views= 8 weight= 0.75 mean_abs_feat_delta= 0.234938
EDGE_TTA_ACTIVE views= 8 mean_abs_feat_delta= 0.361591
EDGE_TTA_ACTIVE views= 8 mean_abs_feat_delta= 0.33369
EDGE_TTA_ACTIVE views= 8 mean_abs_feat_delta= 0.361591
EDGE_TTA_ACTIVE views= 8 mean_abs_feat_delta= 0.33369
SECONDARY_EDGE_TTA_ACTIVE views= 8 weight= 0.75 mean_abs_feat_delta= 0.242876
SECONDARY_EDGE_TTA_ACTIVE views= 8 weight= 0.75 mean_abs_feat_delta= 0.237752
SECONDARY_EDGE_TTA_ACTIVE views= 8 weight= 0.75 mean_abs_feat_delta= 0.242876
SECONDARY_EDGE_TTA_ACTIVE views= 8 weight= 0.75 mean_abs_feat_delta= 0.237752
EDGE_TTA_ACTIVE views= 8 mean_abs_feat_delta= 0.35878
EDGE_TTA_ACTIVE views= 8 mean_abs_feat_delta= 0.335249
EDGE_TTA_ACTIVE views= 8 mean_abs_feat_delta= 0.35878
EDGE_TTA_ACTIVE views= 8 mean_abs_feat_delta= 0.335249
SECONDARY_EDGE_TTA_ACTIVE views= 8 weight= 0.75 mean_abs_feat_delta= 0.249719
SECONDARY_EDGE_TTA_ACTIVE views= 8 weight= 0.75 mean_abs_feat_delta= 0.23573
SECONDARY_EDGE_TTA_ACTIVE views= 8 weight= 0.75 mean_abs_feat_delta= 0.249719
SECONDARY_EDGE_TTA_ACTIVE views= 8 weight= 0.75 mean_abs_feat_delta= 0.23573
EDGE_TTA_ACTIVE views= 8 mean_abs_feat_delta= 0.361252
EDGE_TTA_ACTIVE views= 8 mean_abs_feat_delta= 0.33665
EDGE_TTA_ACTIVE views= 8 mean_abs_feat_delta= 0.361252
EDGE_TTA_ACTIVE views= 8 mean_abs_feat_delta= 0.33665
SECONDARY_EDGE_TTA_ACTIVE views= 8 weight= 0.75 mean_abs_feat_delta= 0.235636
SECONDARY_EDGE_TTA_ACTIVE views= 8 weight= 0.75 mean_abs_feat_delta= 0.250474
SECONDARY_EDGE_TTA_ACTIVE views= 8 weight= 0.75 mean_abs_feat_delta= 0.235636
SECONDARY_EDGE_TTA_ACTIVE views= 8 weight= 0.75 mean_abs_feat_delta= 0.250474
EDGE_TTA_ACTIVE views= 8 mean_abs_feat_delta= 0.357825
EDGE_TTA_ACTIVE views= 8 mean_abs_feat_delta= 0.338336
EDGE_TTA_ACTIVE views= 8 mean_abs_feat_delta= 0.357825
EDGE_TTA_ACTIVE views= 8 mean_abs_feat_delta= 0.338336
SECONDARY_EDGE_TTA_ACTIVE views= 8 weight= 0.75 mean_abs_feat_delta= 0.243806
SECONDARY_EDGE_TTA_ACTIVE views= 8 weight= 0.75 mean_abs_feat_delta= 0.23299
SECONDARY_EDGE_TTA_ACTIVE views= 8 weight= 0.75 mean_abs_feat_delta= 0.243806
SECONDARY_EDGE_TTA_ACTIVE views= 8 weight= 0.75 mean_abs_feat_delta= 0.23299
EDGE_TTA_ACTIVE views= 8 mean_abs_feat_delta= 0.356818
EDGE_TTA_ACTIVE views= 8 mean_abs_feat_delta= 0.337788
EDGE_TTA_ACTIVE views= 8 mean_abs_feat_delta= 0.356818
EDGE_TTA_ACTIVE views= 8 mean_abs_feat_delta= 0.337788
SECONDARY_EDGE_TTA_ACTIVE views= 8 weight= 0.75 mean_abs_feat_delta= 0.232458
SECONDARY_EDGE_TTA_ACTIVE views= 8 weight= 0.75 mean_abs_feat_delta= 0.245508
SECONDARY_EDGE_TTA_ACTIVE views= 8 weight= 0.75 mean_abs_feat_delta= 0.232458
SECONDARY_EDGE_TTA_ACTIVE views= 8 weight= 0.75 mean_abs_feat_delta= 0.245508
EDGE_TTA_ACTIVE views= 8 mean_abs_feat_delta= 0.358323
EDGE_TTA_ACTIVE views= 8 mean_abs_feat_delta= 0.325091
EDGE_TTA_ACTIVE views= 8 mean_abs_feat_delta= 0.358323
EDGE_TTA_ACTIVE views= 8 mean_abs_feat_delta= 0.325091
SECONDARY_EDGE_TTA_ACTIVE views= 8 weight= 0.75 mean_abs_feat_delta= 0.232166
SECONDARY_EDGE_TTA_ACTIVE views= 8 weight= 0.75 mean_abs_feat_delta= 0.241957
SECONDARY_EDGE_TTA_ACTIVE views= 8 weight= 0.75 mean_abs_feat_delta= 0.232166
SECONDARY_EDGE_TTA_ACTIVE views= 8 weight= 0.75 mean_abs_feat_delta= 0.241957
EDGE_TTA_ACTIVE views= 8 mean_abs_feat_delta= 0.352135
EDGE_TTA_ACTIVE views= 8 mean_abs_feat_delta= 0.352135
EDGE_TTA_ACTIVE views= 8 mean_abs_feat_delta= 0.32712
EDGE_TTA_ACTIVE views= 8 mean_abs_feat_delta= 0.32712
SECONDARY_EDGE_TTA_ACTIVE views= 8 weight= 0.75 mean_abs_feat_delta= 0.232609
SECONDARY_EDGE_TTA_ACTIVE views= 8 weight= 0.75 mean_abs_feat_delta= 0.252361
SECONDARY_EDGE_TTA_ACTIVE views= 8 weight= 0.75 mean_abs_feat_delta= 0.232609
SECONDARY_EDGE_TTA_ACTIVE views= 8 weight= 0.75 mean_abs_feat_delta= 0.252361
EDGE_TTA_ACTIVE views= 8 mean_abs_feat_delta= 0.351911
EDGE_TTA_ACTIVE views= 8 mean_abs_feat_delta= 0.351911
EDGE_TTA_ACTIVE views= 8 mean_abs_feat_delta= 0.323213
EDGE_TTA_ACTIVE views= 8 mean_abs_feat_delta= 0.323213
SECONDARY_EDGE_TTA_ACTIVE views= 8 weight= 0.75 mean_abs_feat_delta= 0.232939
SECONDARY_EDGE_TTA_ACTIVE views= 8 weight= 0.75 mean_abs_feat_delta= 0.245152
SECONDARY_EDGE_TTA_ACTIVE views= 8 weight= 0.75 mean_abs_feat_delta= 0.232939
SECONDARY_EDGE_TTA_ACTIVE views= 8 weight= 0.75 mean_abs_feat_delta= 0.245152
EDGE_TTA_ACTIVE views= 8 mean_abs_feat_delta= 0.356519
EDGE_TTA_ACTIVE views= 8 mean_abs_feat_delta= 0.356519
EDGE_TTA_ACTIVE views= 8 mean_abs_feat_delta= 0.321976
EDGE_TTA_ACTIVE views= 8 mean_abs_feat_delta= 0.321976
SECONDARY_EDGE_TTA_ACTIVE views= 8 weight= 0.75 mean_abs_feat_delta= 0.231872
SECONDARY_EDGE_TTA_ACTIVE views= 8 weight= 0.75 mean_abs_feat_delta= 0.231872
SECONDARY_EDGE_TTA_ACTIVE views= 8 weight= 0.75 mean_abs_feat_delta= 0.249767
SECONDARY_EDGE_TTA_ACTIVE views= 8 weight= 0.75 mean_abs_feat_delta= 0.249767
EDGE_TTA_ACTIVE views= 8 mean_abs_feat_delta= 0.353385
EDGE_TTA_ACTIVE views= 8 mean_abs_feat_delta= 0.353385
EDGE_TTA_ACTIVE views= 8 mean_abs_feat_delta= 0.323768
EDGE_TTA_ACTIVE views= 8 mean_abs_feat_delta= 0.323768
SECONDARY_EDGE_TTA_ACTIVE views= 8 weight= 0.75 mean_abs_feat_delta= 0.232685
SECONDARY_EDGE_TTA_ACTIVE views= 8 weight= 0.75 mean_abs_feat_delta= 0.232685
SECONDARY_EDGE_TTA_ACTIVE views= 8 weight= 0.75 mean_abs_feat_delta= 0.251085
SECONDARY_EDGE_TTA_ACTIVE views= 8 weight= 0.75 mean_abs_feat_delta= 0.251085
EDGE_TTA_ACTIVE views= 8 mean_abs_feat_delta= 0.351229
EDGE_TTA_ACTIVE views= 8 mean_abs_feat_delta= 0.351229
EDGE_TTA_ACTIVE views= 8 mean_abs_feat_delta= 0.324838
EDGE_TTA_ACTIVE views= 8 mean_abs_feat_delta= 0.324838
SECONDARY_EDGE_TTA_ACTIVE views= 8 weight= 0.75 mean_abs_feat_delta= 0.233018
SECONDARY_EDGE_TTA_ACTIVE views= 8 weight= 0.75 mean_abs_feat_delta= 0.233018
SECONDARY_EDGE_TTA_ACTIVE views= 8 weight= 0.75 mean_abs_feat_delta= 0.239244
SECONDARY_EDGE_TTA_ACTIVE views= 8 weight= 0.75 mean_abs_feat_delta= 0.239244
EDGE_TTA_ACTIVE views= 8 mean_abs_feat_delta= 0.350705
EDGE_TTA_ACTIVE views= 8 mean_abs_feat_delta= 0.350705
EDGE_TTA_ACTIVE views= 8 mean_abs_feat_delta= 0.323094
EDGE_TTA_ACTIVE views= 8 mean_abs_feat_delta= 0.323094
SECONDARY_EDGE_TTA_ACTIVE views= 8 weight= 0.75 mean_abs_feat_delta= 0.234885
SECONDARY_EDGE_TTA_ACTIVE views= 8 weight= 0.75 mean_abs_feat_delta= 0.234885
SECONDARY_EDGE_TTA_ACTIVE views= 8 weight= 0.75 mean_abs_feat_delta= 0.247015
SECONDARY_EDGE_TTA_ACTIVE views= 8 weight= 0.75 mean_abs_feat_delta= 0.247015
EDGE_TTA_ACTIVE views= 8 mean_abs_feat_delta= 0.353278
EDGE_TTA_ACTIVE views= 8 mean_abs_feat_delta= 0.353278
EDGE_TTA_ACTIVE views= 8 mean_abs_feat_delta= 0.322603
EDGE_TTA_ACTIVE views= 8 mean_abs_feat_delta= 0.322603
SECONDARY_EDGE_TTA_ACTIVE views= 8 weight= 0.75 mean_abs_feat_delta= 0.232744
SECONDARY_EDGE_TTA_ACTIVE views= 8 weight= 0.75 mean_abs_feat_delta= 0.232744
SECONDARY_EDGE_TTA_ACTIVE views= 8 weight= 0.75 mean_abs_feat_delta= 0.251849
SECONDARY_EDGE_TTA_ACTIVE views= 8 weight= 0.75 mean_abs_feat_delta= 0.251849
EDGE_TTA_ACTIVE views= 8 mean_abs_feat_delta= 0.358064
EDGE_TTA_ACTIVE views= 8 mean_abs_feat_delta= 0.358064
EDGE_TTA_ACTIVE views= 8 mean_abs_feat_delta= 0.325152
EDGE_TTA_ACTIVE views= 8 mean_abs_feat_delta= 0.325152
SECONDARY_EDGE_TTA_ACTIVE views= 8 weight= 0.75 mean_abs_feat_delta= 0.229484
SECONDARY_EDGE_TTA_ACTIVE views= 8 weight= 0.75 mean_abs_feat_delta= 0.229484
SECONDARY_EDGE_TTA_ACTIVE views= 8 weight= 0.75 mean_abs_feat_delta= 0.251093
SECONDARY_EDGE_TTA_ACTIVE views= 8 weight= 0.75 mean_abs_feat_delta= 0.251093
EDGE_TTA_ACTIVE views= 8 mean_abs_feat_delta= 0.35946
EDGE_TTA_ACTIVE views= 8 mean_abs_feat_delta= 0.35946
EDGE_TTA_ACTIVE views= 8 mean_abs_feat_delta= 0.328347
EDGE_TTA_ACTIVE views= 8 mean_abs_feat_delta= 0.328347
SECONDARY_EDGE_TTA_ACTIVE views= 8 weight= 0.75 mean_abs_feat_delta= 0.231302
SECONDARY_EDGE_TTA_ACTIVE views= 8 weight= 0.75 mean_abs_feat_delta= 0.231302
SECONDARY_EDGE_TTA_ACTIVE views= 8 weight= 0.75 mean_abs_feat_delta= 0.244661
SECONDARY_EDGE_TTA_ACTIVE views= 8 weight= 0.75 mean_abs_feat_delta= 0.244661
EDGE_TTA_ACTIVE views= 8 mean_abs_feat_delta= 0.357537
EDGE_TTA_ACTIVE views= 8 mean_abs_feat_delta= 0.357537
EDGE_TTA_ACTIVE views= 8 mean_abs_feat_delta= 0.328262
EDGE_TTA_ACTIVE views= 8 mean_abs_feat_delta= 0.328262
SECONDARY_EDGE_TTA_ACTIVE views= 8 weight= 0.75 mean_abs_feat_delta= 0.233885
SECONDARY_EDGE_TTA_ACTIVE views= 8 weight= 0.75 mean_abs_feat_delta= 0.233885
SECONDARY_EDGE_TTA_ACTIVE views= 8 weight= 0.75 mean_abs_feat_delta= 0.243635
SECONDARY_EDGE_TTA_ACTIVE views= 8 weight= 0.75 mean_abs_feat_delta= 0.243635
EDGE_TTA_ACTIVE views= 8 mean_abs_feat_delta= 0.357561
EDGE_TTA_ACTIVE views= 8 mean_abs_feat_delta= 0.357561
EDGE_TTA_ACTIVE views= 8 mean_abs_feat_delta= 0.327618
EDGE_TTA_ACTIVE views= 8 mean_abs_feat_delta= 0.327618
SECONDARY_EDGE_TTA_ACTIVE views= 8 weight= 0.75 mean_abs_feat_delta= 0.235923
SECONDARY_EDGE_TTA_ACTIVE views= 8 weight= 0.75 mean_abs_feat_delta= 0.235923
SECONDARY_EDGE_TTA_ACTIVE views= 8 weight= 0.75 mean_abs_feat_delta= 0.248058
SECONDARY_EDGE_TTA_ACTIVE views= 8 weight= 0.75 mean_abs_feat_delta= 0.248058
LOWDET 6bba_05db0fb1: 81321 peaks above 0.3
LOWDET 6bba_05db0fb1: 81321 peaks above 0.3
EDGE_TTA_ACTIVE views= 8 mean_abs_feat_delta= 0.356691
CACHE 6bba_05db0fb1: 76396 nodes, 0 edges
EDGE_TTA_ACTIVE views= 8 mean_abs_feat_delta= 0.356691
CACHE 6bba_05db0fb1: 76396 nodes, 0 edges
[6bba_05db0fb1] detection+edges 227.0s | detections=76396
[6bba_05db0fb1] detection+edges 227.0s | detections=76396
SECONDARY_EDGE_TTA_ACTIVE views= 8 weight= 0.75 mean_abs_feat_delta= 0.236514
SECONDARY_EDGE_TTA_ACTIVE views= 8 weight= 0.75 mean_abs_feat_delta= 0.236514
EDGE_TTA_ACTIVE views= 8 mean_abs_feat_delta= 0.360713
EDGE_TTA_ACTIVE views= 8 mean_abs_feat_delta= 0.360713
SECONDARY_EDGE_TTA_ACTIVE views= 8 weight= 0.75 mean_abs_feat_delta= 0.236886
SECONDARY_EDGE_TTA_ACTIVE views= 8 weight= 0.75 mean_abs_feat_delta= 0.236886
EDGE_TTA_ACTIVE views= 8 mean_abs_feat_delta= 0.361191
EDGE_TTA_ACTIVE views= 8 mean_abs_feat_delta= 0.361191
SECONDARY_EDGE_TTA_ACTIVE views= 8 weight= 0.75 mean_abs_feat_delta= 0.236659
SECONDARY_EDGE_TTA_ACTIVE views= 8 weight= 0.75 mean_abs_feat_delta= 0.236659
EDGE_TTA_ACTIVE views= 8 mean_abs_feat_delta= 0.363957
EDGE_TTA_ACTIVE views= 8 mean_abs_feat_delta= 0.363957
SECONDARY_EDGE_TTA_ACTIVE views= 8 weight= 0.75 mean_abs_feat_delta= 0.238038
LOWDET 6bba_05b6850b: 8518 peaks above 0.3
CACHE 6bba_05b6850b: 7370 nodes, 0 edges
[6bba_05b6850b] detection+edges 219.5s | detections=7370
SECONDARY_EDGE_TTA_ACTIVE views= 8 weight= 0.75 mean_abs_feat_delta= 0.238038
LOWDET 6bba_05b6850b: 8518 peaks above 0.3
CACHE 6bba_05b6850b: 7370 nodes, 0 edges
[6bba_05b6850b] detection+edges 219.5s | detections=7370
[6bba_05b6850b] ILP 7.6s | candidate nodes=7370 edges=6377 | timeout=1200.0
[6bba_05b6850b] ILP 7.6s | candidate nodes=7370 edges=6377 | timeout=1200.0
Saved 2 predictions to /kaggle/working/tracking_repo/predictions/unknown/unet_transformer_gpu0/split_0
Saved 2 predictions to /kaggle/working/tracking_repo/predictions/unknown/unet_transformer_gpu0/split_0
[6bba_05db0fb1] ILP 76.3s | candidate nodes=76396 edges=69924 | timeout=1200.0
[6bba_05db0fb1] ILP 76.3s | candidate nodes=76396 edges=69924 | timeout=1200.0
Saved 2 predictions to /kaggle/working/tracking_repo/predictions/unknown/unet_transformer_gpu1/split_0
Saved 2 predictions to /kaggle/working/tracking_repo/predictions/unknown/unet_transformer_gpu1/split_0
Merged 4 prediction graphs into /kaggle/working/tracking_repo/predictions/unknown/unet_transformer/split_0
Prediction completed in 9.13 minutes
Trying DeepCenter add-only gate checkpoint: /kaggle/input/datasets/pilkwang/biohub-deepcenter-unet3d-center-prior-v1/weights/full_frame_center/best.pt
Loaded DeepCenter add-only gate checkpoint: /kaggle/input/datasets/pilkwang/biohub-deepcenter-unet3d-center-prior-v1/weights/full_frame_center/best.pt
DeepCenter checkpoint epoch: 2 best_score: -0.04500306242456039
Found 4 prediction graphs
  [44b6_0113de3b] low-detection pool: 27561 peaks >= 0.5, 25817 on existing nodes, 1744 free
  [44b6_0113de3b] readmitted 94 discarded detections within 4.0 um of an open end/start
  [44b6_0113de3b] after edge-filter+motion-relink: 25911 nodes, 25029 edges | 12.6s
DEEPCENTER_TTA_ACTIVE views= 8 mean_abs_logit_delta= 0.132496
  [44b6_0113de3b] low-detection pool: 27561 peaks >= 0.5, 25928 on existing nodes, 1633 free
  [44b6_0113de3b] gap filler: +3 nodes, +4 edges
  [44b6_0113de3b] after gap-closing (single-frame + gap2 + low-detection filler): 25966 nodes, 25129 edges | 16.6s
  [44b6_0113de3b] after safe-division repair: 25966 nodes, 25164 edges | 38.5s (geometric_candidates=121, deepcenter_rejected=84, post_veto_candidates=37, added=35, cap_skipped=0, mutual_nn_rejected=70, divergence_rejected=503)
  [44b6_0113de3b] after division-geometry-filter+prune-isolated: 25963 nodes, 25164 edges | 38.5s
  [44b6_0113de3b] after short-track filtering: 25728 nodes, 24986 edges (components_removed=57)
  [44b6_0113de3b] FINAL: 25728 nodes, 24986 edges | 43.8s
  [44b6_0113de3b] repair 43.8s | kernel elapsed 1220s
  [44b6_0b24845f] low-detection pool: 48783 peaks >= 0.5, 20206 on existing nodes, 28577 free
  [44b6_0b24845f] readmitted 662 discarded detections within 4.0 um of an open end/start
  [44b6_0b24845f] after edge-filter+motion-relink: 20868 nodes, 18973 edges | 10.3s
  [44b6_0b24845f] low-detection pool: 48783 peaks >= 0.5, 20985 on existing nodes, 27798 free
  [44b6_0b24845f] gap filler: +67 nodes, +99 edges
  [44b6_0b24845f] after gap-closing (single-frame + gap2 + low-detection filler): 21242 nodes, 19629 edges | 25.0s
  [44b6_0b24845f] after safe-division repair: 21242 nodes, 19635 edges | 52.0s (geometric_candidates=155, deepcenter_rejected=149, post_veto_candidates=6, added=6, cap_skipped=0, mutual_nn_rejected=49, divergence_rejected=727)
  [44b6_0b24845f] after division-geometry-filter+prune-isolated: 21209 nodes, 19635 edges | 52.1s
  [44b6_0b24845f] after short-track filtering: 19522 nodes, 18323 edges (components_removed=375)
  [44b6_0b24845f] FINAL: 19522 nodes, 18323 edges | 56.1s
  [44b6_0b24845f] repair 56.1s | kernel elapsed 1277s
  [6bba_05b6850b] low-detection pool: 8222 peaks >= 0.5, 6239 on existing nodes, 1983 free
  [6bba_05b6850b] readmitted 84 discarded detections within 4.0 um of an open end/start
  [6bba_05b6850b] after edge-filter+motion-relink: 6323 nodes, 6062 edges | 3.1s
  [6bba_05b6850b] low-detection pool: 8222 peaks >= 0.5, 6326 on existing nodes, 1896 free
  [6bba_05b6850b] gap filler: +3 nodes, +4 edges
  [6bba_05b6850b] after gap-closing (single-frame + gap2 + low-detection filler): 6359 nodes, 6123 edges | 5.1s
  [6bba_05b6850b] after safe-division repair: 6359 nodes, 6128 edges | 8.9s (geometric_candidates=13, deepcenter_rejected=8, post_veto_candidates=5, added=5, cap_skipped=0, mutual_nn_rejected=6, divergence_rejected=83)
  [6bba_05b6850b] after division-geometry-filter+prune-isolated: 6353 nodes, 6128 edges | 8.9s
  [6bba_05b6850b] after short-track filtering: 6220 nodes, 6025 edges (components_removed=30)
  [6bba_05b6850b] FINAL: 6220 nodes, 6025 edges | 10.1s
  [6bba_05b6850b] repair 10.2s | kernel elapsed 1287s
  [6bba_05db0fb1] low-detection pool: 80516 peaks >= 0.5, 69515 on existing nodes, 11001 free
  [6bba_05db0fb1] readmitted 497 discarded detections within 4.0 um of an open end/start
  [6bba_05db0fb1] after edge-filter+motion-relink: 70012 nodes, 67483 edges | 36.1s
  [6bba_05db0fb1] low-detection pool: 80516 peaks >= 0.5, 70085 on existing nodes, 10431 free
  [6bba_05db0fb1] gap filler: +37 nodes, +51 edges
  [6bba_05db0fb1] after gap-closing (single-frame + gap2 + low-detection filler): 70392 nodes, 68168 edges | 52.4s
  [6bba_05db0fb1] after safe-division repair: 70392 nodes, 68184 edges | 82.8s (geometric_candidates=222, deepcenter_rejected=203, post_veto_candidates=19, added=16, cap_skipped=0, mutual_nn_rejected=259, divergence_rejected=2242)
  [6bba_05db0fb1] after division-geometry-filter+prune-isolated: 70368 nodes, 68184 edges | 82.8s
  [6bba_05db0fb1] after short-track filtering: 69749 nodes, 67707 edges (components_removed=142)
  [6bba_05db0fb1] FINAL: 69749 nodes, 67707 edges | 97.4s
  [6bba_05db0fb1] repair 97.4s | kernel elapsed 1385s
Wrote /kaggle/working/submission.csv with 238,260 rows
Node rows: 121,219 | edge rows: 117,041
Wrote /kaggle/working/run_stats.csv
{
  "configuration": {
    "bidirectional_primary_weight": 0.3,
    "deepcenter_gap_confirm_min_span_um": 8.5,
    "deepcenter_gap_threshold": 0.25,
    "detector_threshold": 0.96875,
    "edge_candidate_threshold": 0.48,
    "fallback_scope": "individual_frame",
    "gap_close_um": 5.8,
    "ilp_appearance_weight": 0.0,
    "ilp_disappearance_weight": 1.5,
    "minimum_candidate_retention": 0.9,
    "secondary_detection_weight": 0.475,
    "secondary_edge_weight": 0.15,
    "secondary_link_mode": "low_margin_consensus",
    "secondary_low_margin_max": 0.35
  },
  "diagnostics": {
    "by_movie": {
      "44b6_0113de3b": {
        "fallback_frames": 0,
        "frames": 100,
        "median_retention": 1.0118578927634045,
        "minimum_retention": 0.9926739926739927
      },
      "44b6_0b24845f": {
        "fallback_frames": 64,
        "frames": 100,
        "median_retention": 0.8618514846811123,
        "minimum_retention": 0.45307443365695793
      },
      "6bba_05b6850b": {
        "fallback_frames": 1,
        "frames": 100,
        "median_retention": 1.0137012012012012,
        "minimum_retention": 0.8918918918918919
      },
      "6bba_05db0fb1": {
        "fallback_frames": 0,
        "frames": 100,
        "median_retention": 1.0110725229826354,
        "minimum_retention": 0.9715142428785607
      }
    },
    "fallback_frames": 65,
    "rows": 400
  },
  "experiment": "harmonic_bidirectional_association_v1",
  "hardware": {
    "visible_gpu_count": 2
  },
  "leaderboard_feedback_used_for_configuration": true,
  "method_attribution": "fixed-90 dual-seed baseline with harmonic mutual-support association fusion (rule from public CC0 notebook yusuketogashi/no-hack-biohub-cell-another-approch-3rd v18)",
  "metric_hack_used": false,
  "organizer_labels_used_for_configuration": false,
  "parent_experiment": "paired_bidirectional_primary_weight020_vs_forward_v1",
  "public_output_used": false,
  "quality_promotion": {
    "execute_push_submit": "FORBIDDEN_UNTIL_REQUIRED_CONDITION",
    "required_condition": "promote=true",
    "required_receipt": "bidirectional_blend_union13_receipt.json",
    "status": "candidate_unverified",
    "validated_receipt_sha256": null
  },
  "source_kernel": "raykkretzschmar/biohub-bidirectional-primary-union13-diagnostic-v1",
  "source_notebook_sha256": "3e65ca691941949196bf417030ea84fccafe16baaec174b2a63540451bb937e8",
  "status": "clean_graph_audit_pass_candidate_unverified_quality",
  "submission": {
    "datasets": [
      "44b6_0113de3b",
      "44b6_0b24845f",
      "6bba_05b6850b",
      "6bba_05db0fb1"
    ],
    "rows": 238260,
    "sha256": "d52a5da2ae5cb0d1b22499f6ca51a00838a6c32ae9a1986ec756ea72e7909e03"
  },
  "topology": {
    "44b6_0113de3b": {
      "division_parents": 35,
      "edges": 24986,
      "max_indegree": 1,
      "max_outdegree": 2,
      "nodes": 25728
    },
    "44b6_0b24845f": {
      "division_parents": 6,
      "edges": 18323,
      "max_indegree": 1,
      "max_outdegree": 2,
      "nodes": 19522
    },
    "6bba_05b6850b": {
      "division_parents": 5,
      "edges": 6025,
      "max_indegree": 1,
      "max_outdegree": 2,
      "nodes": 6220
    },
    "6bba_05db0fb1": {
      "division_parents": 16,
      "edges": 67707,
      "max_indegree": 1,
      "max_outdegree": 2,
      "nodes": 69749
    }
  }
}
VALIDATOR: disabled (BIOHUB_VALIDATOR_ENABLE=0).
Post-process base configuration (public 0.939):
  SAFE_DIV_MAX_UM                          9.0
  SAFE_DIV_SISTER_MAX_UM                   14.0
  SAFE_DIV_DIVERGE_UM                      2.25
  SAFE_DIV_SISTER_SYMMETRY_TAU             0.6
  SAFE_DIV_EXISTING_CHILD_MAX_UM           10.0
  SAFE_DIV_FRAME_FRAC_CAP                  0.0076
  SAFE_DIV_GLOBAL_FRAC_CAP                 0.00375
  DEEPCENTER_SAFE_DIV_THRESHOLD            0.25
  DEEPCENTER_GAP_THRESHOLD                 0.25
  GAP_CLOSE_UM                             5.0
  OUTPUT_MIN_TRACK_LEN                     6
  SHORT_TRACK_RESCUE_MIN_MEAN_EDGE_PROB    0.88
  MOTION_RELINK_TIGHT_UM                   5.5
  MOTION_RELINK_RELAXED_UM                 10.0
  GAP2_MAX_STEP_UM                         4.4
  GAP2_MAX_TOTAL_UM                        10.2
  MOTION_RELINK_LEARNED_BONUS              1.0
  MOTION_RELINK_VELOCITY_WEIGHT            0.5
  GAP_CLOSE_REUSE_UM                       3.2
  OUTPUT_EDGE_MAX_UM                       14.0
VALIDATOR: disabled or no held-out samples available -- skipping scoring.
SWEEP: validator unavailable -- keeping the base configuration.
Keeping the base submission.csv (public 0.939 configuration).
  44b6_0113de3b: nodes=25728 edges=24986 divisions=35
  44b6_0b24845f: nodes=19522 edges=18323 divisions=6
  6bba_05b6850b: nodes=6220 edges=6025 divisions=5
  6bba_05db0fb1: nodes=69749 edges=67707 divisions=16
Final submission.csv rows=238260  config=base
==============================================================================
PIPELINE MANIFEST -- resolved state, not just config
==============================================================================
Dual-seed ensemble:      requested=True  weights_found=True
Bidirectional fusion:    weight=0.15  active=True  mode=harmonic_probability
DeepCenter veto:         requested=True  loaded=True
  - checkpoint file:     /kaggle/input/datasets/pilkwang/biohub-deepcenter-unet3d-center-prior-v1/weights/full_frame_center/best.pt
  - expected epoch:      2
  - gap veto:            True
  - safe-div veto:       True
Safe-div thresholds:     parent<=9.0um  sister<=14.0um  global_cap=0.00375  frame_cap=0.0076
Validator:               enabled=False  held_out_samples=0  match_radius=7.0um
==============================================================================
/usr/local/lib/python3.12/dist-packages/mistune.py:435: SyntaxWarning: invalid escape sequence '\|'
  cells[i][c] = re.sub('\\\\\|', '|', cell)
/usr/local/lib/python3.12/dist-packages/nbconvert/filters/filter_links.py:36: SyntaxWarning: invalid escape sequence '\_'
  text = re.sub(r'_', '\_', text) # Escape underscores in display text
[NbConvertApp] Converting notebook __notebook__.ipynb to notebook
[NbConvertApp] Writing 417951 bytes to __notebook__.ipynb
[NbConvertApp] Converting notebook __notebook__.ipynb to html
[NbConvertApp] Writing 1454244 bytes to __results__.html
