Rank,TeamId,TeamName,LastSubmissionDate,Score,SubmissionCount,TeamMemberUserNames
1,16454395,yu4u,"2026-09-29 10:26:17",0.978,124,ren4yu
2,16847212,Gabriel,"2026-09-29 12:47:52",0.976,37,"shawsebastian,tvtdddd"
3,16454292,"Sergio Alvarez","2026-09-29 13:09:52",0.976,119,sersasj
4,16564752,taiseiu,"2026-09-29 10:05:53",0.974,102,taiseiu
5,16800114,"Syed Asad Ali","2026-09-29 13:26:17",0.972,39,syed3000
6,16673305,"Samuel Sundararaman ","2026-09-29 08:14:42",0.972,85,neopok919
7,16512330,tatsutaka,"2026-09-29 12:03:29",0.971,124,tatsutaka
8,16455316,Tang,"2026-09-29 10:06:57",0.971,203,hirotetsu
9,16893781,ymg_aq,"2026-09-29 00:01:46",0.971,56,ymgpalaqs
10,16535813,slime,"2026-09-29 16:36:07",0.971,175,"eijixxx,gaopengren"
11,16719036,"The Boys","2026-09-29 14:41:57",0.971,315,"lowasitgoes,sggpls,tonylica"
12,16685695,"Adeptus Overfiticus","2026-09-29 19:20:43",0.971,315,"asimandia,ignatgotin,mikhisor,ogurtsov,zoli800"
13,16876164,"Kirill Labzin","2026-09-29 12:58:07",0.970,49,kirilllabzin
14,16679305,Corwin,"2026-09-29 10:30:14",0.970,112,"corwin1979,mathisbaguette"
15,16893229,"Kayla L.","2026-09-29 15:53:02",0.970,75,kaylal915
16,16750423,"Yapay Hücre","2026-09-29 12:07:28",0.970,91,"deniz143wow,seymenaltnel"
17,16933287,umizora,"2026-09-29 14:52:58",0.970,18,yoiisohira
18,16461152,"Abnormal Guys","2026-09-29 12:40:11",0.970,132,"gwey1025,koushikrudra,liuyangmei,lxorbade,xinranju"
19,16943367,Yaroslav,"2026-09-29 15:35:13",0.970,40,yaroslavrogoza
20,16494792,z7777,"2026-09-29 10:56:37",0.969,147,songqizhou
21,16455935,mige551,"2026-09-29 09:06:56",0.969,100,mige551
22,16734921,SoichiOzaki,"2026-09-29 09:58:26",0.969,146,soichiozaki
23,16675792,unicellular,"2026-09-29 09:39:09",0.969,184,aliozanmemetoglu
24,16907051,"Burhan Ul Tayyab","2026-09-28 15:27:36",0.969,44,babychick
25,16779186,Quantizr,"2026-09-29 10:17:12",0.969,27,quantizr
26,16744536,"Sam Barnett","2026-09-29 08:43:05",0.969,17,sambarnett03
27,16453453,OzanM.,"2026-09-29 11:31:59",0.968,168,analyticaobscura
28,16531860,"Soheil Ayati","2026-09-29 01:38:15",0.968,72,soheilayati
29,16839023,"Ad Space available","2026-09-29 10:44:44",0.968,83,"rainchen0411,richardsilence"
30,16533694,yuto083,"2026-09-29 08:22:35",0.967,223,yuto0712
31,16466353,"Zhu Chen 96","2026-09-29 12:29:21",0.967,100,zhuchen96
32,16557477,"Takahiro Katsumata (tkatsuma)","2026-09-29 00:03:08",0.967,61,alextfkd
33,16552030,"Ryo Hasegawa","2026-09-29 08:14:31",0.967,131,ryohasegawa926
34,16601893,"Rasheed Khoshnaw","2026-09-29 10:41:35",0.967,59,rasheeed
35,16854211,Guest21222,"2026-09-29 00:06:14",0.967,42,guest21222
36,16925869,Rio,"2026-09-29 08:44:40",0.967,13,ryosukehada
37,16738619,Shoko,"2026-09-29 00:03:09",0.967,46,abreyton
38,16557044,"que la cuenten como quieran","2026-09-29 12:08:41",0.967,38,germanjurado1
39,16472193,"LIN mimosa","2026-09-29 14:33:40",0.966,47,"achenyyc,linmimosa"
40,16730252,ibyyue,"2026-09-29 15:57:07",0.966,110,ibyyue
41,16549666,"Makoto Nagatomo","2026-09-29 11:38:49",0.966,91,makotonagatomo0926
42,16855245,BorisV,"2026-09-29 03:48:49",0.966,63,bvoskresenskii
43,16454235,"Vibes & Edges Trade-Off","2026-09-29 09:43:40",0.966,416,"dorainren,i2nfinit3y,tahaalshatiri,tom99763,weishanshan033"
44,16545035,Zyy7390,"2026-09-28 12:49:39",0.966,119,zyy7390
45,16683029,oreomori,"2026-09-29 10:56:51",0.966,11,reokambayashi
46,16712536,Yizhou,"2026-09-29 00:01:07",0.966,68,yaphellee
47,16575737,"Bioinformatics is not solution","2026-09-26 02:37:29",0.966,46,"dfgtde,yuyizhu"
48,16508219,"Biomed Foresight","2026-09-29 12:18:20",0.966,65,"tsukasamiyaji,yudaiyamauchi"
49,16799049,"Mingcheng Zhao","2026-09-29 15:11:34",0.966,17,zhaonoah
50,16462639,"José Freitas","2026-09-29 01:53:06",0.966,101,josefreitasalvesneto
51,16456484,Lime1123,"2026-09-29 11:59:58",0.965,206,"k3v1npark,lime1123,songhow"
52,16593137,"SAMIUL ISLAM","2026-09-29 15:12:24",0.965,18,samiulislam180041221
53,16734955,Jongwon,"2026-09-29 00:05:11",0.965,157,impala9397
54,16600445,goh,"2026-09-28 12:14:33",0.965,43,bungohatayama
55,16555250,"syouya tobita","2026-09-29 11:41:57",0.965,69,syouyatobita
56,16671090,"tomohito shimura","2026-09-29 13:42:02",0.965,66,tomohitoshimura
57,16943822,"Noah Öksüz","2026-09-28 08:59:11",0.965,30,noahksz
58,16454687,"Vivek Sanker","2026-09-29 09:45:29",0.964,102,viveksanker
59,16454933,打倒🥉銅メダルくれbot,"2026-09-29 08:17:57",0.964,120,"rikutokuwayama,soutasakurai,welshonionman"
60,16461729,tc-al,"2026-09-28 22:42:19",0.964,25,bobmyersthesecond
61,16698595,Kito,"2026-09-29 09:48:04",0.964,21,ovallid
62,16756161,"Jeff Horon","2026-09-29 00:24:59",0.964,101,jeffhoron
63,16738423,Vodolay,"2026-09-29 12:06:44",0.964,78,lacsirjohn
64,16563421,NorthStar,"2026-09-29 11:52:25",0.964,100,"khushineha28,nehak76044,rishavutkarsh"
65,16460638,"Mark Cooper","2026-09-29 07:56:08",0.964,138,markjcooper
66,16885171,thisray,"2026-09-29 00:01:14",0.964,36,thisray
67,16778653,"Nabil Hanif","2026-09-27 09:52:49",0.964,22,nmh12345
68,16918262,Ascent,"2026-09-29 10:11:42",0.963,29,ishaangangwani
69,16459877,laughingmen,"2026-09-29 17:24:20",0.963,52,laughingmen
70,16867825,"Oleksandr Parfionov","2026-09-29 00:02:01",0.963,49,parfyon
71,16618295,"Jiman Kwon","2026-09-29 15:21:07",0.963,167,jimankwon
72,16667756,LeeDongHyuk,"2026-09-29 01:38:30",0.963,259,odyssey189
73,16810314,AnyContext,"2026-09-29 08:00:53",0.963,32,"kemshim,kokifunakoshi,yakizakana629"
74,16833965,"Revanth Tambisetty","2026-09-29 09:33:53",0.963,32,revanthtambisetty
75,16691780,r3takahashi,"2026-09-29 18:15:37",0.963,139,r3takahashi
76,16809138,"Boris Matsakov","2026-09-29 00:01:15",0.963,32,borismatsakov
77,16846037,"cheng ren01","2026-09-29 04:59:30",0.963,39,"chengren01,zsuzifan"
78,16458101,"Knight of Favonius","2026-09-29 11:05:15",0.963,117,ladyfaye
79,16889402,"0.948+ pls","2026-09-29 13:31:37",0.963,100,"iprofen,janetsun0810,tierneywang,xianqiyu"
80,16884848,skyleads,"2026-09-29 18:05:03",0.963,68,"livessd,macroave,skycoding"
81,16858988,"3D Research","2026-09-29 07:24:02",0.963,98,"infocode,knnzeta,mlemin"
82,16889016,"Astra Team","2026-09-29 07:07:47",0.963,95,"bujiabao,elz1008,siyuwangceliya,yinghli"
83,16454955,RicardoLópez,"2026-09-29 14:39:36",0.963,105,richi2489
84,16889354,Biooooohub,"2026-09-29 13:44:35",0.963,134,"congyingma,jennieshiwang,makabaka322,zhanshuozhang67,zihanhe22"
85,16554628,"[RU] Kirill Makhankov","2026-09-29 12:50:24",0.963,22,kagglercs
86,16860095,UNETPLUS,"2026-09-29 13:36:26",0.963,121,"gptconver,gradgen,indexdev,knnrun"
87,16857776,"Tracking Experts","2026-09-29 07:22:20",0.963,97,"bayesnet,gptkernel,normbox"
88,16758580,MTADA,"2026-09-29 13:46:42",0.963,81,"masarutada,tokitamago"
89,16772562,Ojaswy,"2026-09-29 05:16:59",0.963,19,ojaswy
90,16459168,yarosladovkin,"2026-09-28 17:45:05",0.963,19,"nickpudovkin,zabojeb"
91,16875931,我需要一份实习,"2026-09-29 10:36:31",0.963,41,"badboiriri,xiuyang88"
92,16655121,"Roronoa Zoro","2026-09-29 18:16:06",0.963,46,fevziyeniyol
93,16594300,Brothers,"2026-09-29 00:05:40",0.963,76,"talhabacak,tarikbacak"
94,16459411,Cyrus,"2026-09-29 11:28:22",0.962,81,jamalsaeedi
95,16863417,rode1234,"2026-09-29 07:39:13",0.962,81,rode1234
96,16784546,"Micchi’s token thieves","2026-09-29 15:56:46",0.962,12,"hirokimibu,ryugohanai"
97,16474152,"zhuo wamg + AibePC","2026-09-29 04:03:02",0.962,139,"xsmaxpc,zhuowamg"
98,16703128,"Teddy Tennant","2026-09-28 07:43:53",0.962,55,thtennant
99,16743228,yoshino,"2026-09-29 15:39:06",0.962,43,shirayukiaya
100,16718308,Artalmaz31,"2026-09-29 12:13:54",0.962,167,"andronhl,artalmaz31,isy640"
101,16667430,"🥉銅メダルくれbot ＆ 後輩","2026-09-29 09:00:08",0.962,158,"konbu17,yuki0731"
102,16489438,"Alfonso Sánchez","2026-09-29 07:34:57",0.962,132,alfonso1799
103,16726750,programmers,"2026-09-29 15:47:10",0.962,34,"mhahmad,mohib94"
104,16846667,len8487,"2026-09-29 10:23:35",0.962,59,len8487
105,16823035,めめっち,"2026-09-29 08:56:54",0.962,40,mechi22
106,16737780,wally0593,"2026-09-29 09:24:07",0.961,34,wally0593
107,16805586,Jivansh,"2026-09-27 19:30:41",0.961,15,jivanshc
108,16798008,Dragibus,"2026-09-29 12:54:00",0.961,41,alexandremoritz
109,16610773,Choruru,"2026-09-29 15:14:38",0.961,168,choruru
110,16805786,Mthem77,"2026-09-29 09:34:31",0.961,50,mthem77
111,16892218,DrFranklinH,"2026-09-29 11:37:28",0.961,78,drfranklinh
112,16928361,Agnes,"2026-09-29 15:00:06",0.961,11,mqingcs
113,16803317,tyffee,"2026-09-29 00:53:00",0.961,68,tyffee
114,16596911,"Michael Hernandez","2026-09-29 00:01:41",0.961,163,michaelhernandez4
115,16509481,tobhull,"2026-09-28 21:47:21",0.961,32,tobhull
116,16932184,"Anurag Bihani","2026-09-27 21:16:41",0.961,7,anuragbihani
117,16812172,"Xie Zejian","2026-09-29 08:11:20",0.961,104,xiezejian
118,16461350,TWEAK,"2026-09-29 08:41:20",0.961,382,"antonoof,l1ghtsource,markdjadchenko,tweakai,varianceofx"
119,16897002,atsukiwi,"2026-09-29 13:05:48",0.961,46,atsuki0827
120,16943742,"Reuben Ernser","2026-09-25 23:21:14",0.961,15,reubenernser
121,16482471,"Pawan Rama Mali","2026-09-29 02:22:34",0.960,47,pawanmali
122,16792456,Timass,"2026-09-27 20:48:42",0.960,17,timmass2
123,16887065,"Asan Ashirov","2026-09-29 01:11:00",0.960,48,"asanashirov,sardorishiguro,zakhraluna"
124,16775607,"Boopathi Raja","2026-09-29 15:44:30",0.960,57,yanggod
125,16937825,"Teju Olarewaju","2026-09-29 16:04:55",0.960,40,tejuolarewaju
126,16514796,Mositaku,"2026-09-29 07:05:42",0.960,33,versavice
127,16936164,"Antoniu Gugu","2026-09-29 05:36:34",0.960,39,antoniu
128,16715609,ji-ma,"2026-09-28 12:30:49",0.960,17,nkjima
129,16785643,CrazyML,"2026-09-29 05:53:42",0.960,60,"janhvikhattri,sorcererbi,vedanshipathak"
130,16458589,xanderr,"2026-09-29 00:06:22",0.960,308,"arulprasadsp,joshnaacshas21cs,shalwinsanju"
131,16776896,Thirst,"2026-09-29 09:06:05",0.960,44,wahidakram
132,16533430,Bio-Pirates,"2026-09-29 11:11:48",0.960,193,"akankshatiwari2803,ankitlade12,indarkarhana,jsaikrishna"
133,16843878,T1,"2026-09-29 01:18:02",0.960,65,weense
134,16921534,tofu1002,"2026-09-29 08:15:55",0.960,28,tofu1002
135,16933058,mmtyeu,"2026-09-27 02:44:07",0.960,25,"guaijf,mmtyeu,turtti"
136,16810638,"D: Discipline","2026-09-29 09:00:17",0.960,57,"gsfatakhov,sasyami,vitaliineibauer"
137,16758945,Miz,"2026-09-29 00:01:16",0.960,67,ryota040
138,16717530,"Thomas Greissler","2026-09-29 11:19:08",0.960,9,thomasg22202020
139,16588726,kusui26,"2026-09-29 09:19:08",0.960,14,kusui26
140,16817845,"Vijay Mariappan","2026-09-29 08:03:39",0.960,91,vijay75
141,16484369,"Médéric Hurier (Fmind)","2026-09-29 08:51:37",0.960,162,freaxmind
142,16862312,"Kamal Kadakara","2026-09-29 08:26:08",0.959,30,kamalkadakara
143,16933482,"D Chakraborty","2026-09-29 10:41:38",0.959,29,spoutop
144,16931222,BIODIFF007,"2026-09-29 16:38:47",0.959,25,oikantikbasu007
145,16796493,T-Hans7,"2026-09-27 10:05:55",0.959,57,"asd242538a,eiffellu,sowsowa,thans7"
146,16848330,Daikon99,"2026-09-29 13:05:58",0.959,46,daikon99
147,16705950,hana87hana,"2026-09-29 02:22:08",0.959,54,hana87hana
148,16541909,"Ryu Sonoda","2026-09-27 00:05:43",0.959,28,ryusonoda
149,16774680,rogerrogerroger3r,"2026-09-29 10:33:19",0.959,87,rogerrogerroger3r
150,16798282,"John Taylor (AI)","2026-09-29 11:36:04",0.959,51,johntaylorai
151,16480462,maesaer,"2026-09-29 08:17:16",0.959,112,maesaer
152,16739651,OTkm_tn,"2026-09-29 05:15:04",0.959,36,otkmtn
153,16734265,"Takumu Hata","2026-09-29 10:26:47",0.959,13,takumuhata
154,16454661,"Matt Goldfield","2026-09-29 01:11:25",0.959,293,mgoldfield
155,16486532,enddl22,"2026-09-29 13:22:43",0.959,242,enddl22
156,16807963,"Saravanan Jaichandaran","2026-09-27 12:05:35",0.959,17,saranchandar
157,16809422,Fanch,"2026-09-29 11:48:11",0.959,59,fanch123
158,16462662,Amin,"2026-09-29 04:40:30",0.959,182,aminvafaei
159,16794876,Manish,"2026-09-29 11:08:37",0.959,19,themanysh
160,16931466,RyotaroAbe,"2026-09-29 14:45:22",0.959,18,ryotaro45123
161,16497717,kkunizaw,"2026-09-29 00:01:12",0.959,165,kkunizaw
162,16460366,"Arunava Nag","2026-09-29 10:56:04",0.959,34,arunavanag
163,16575814,"Umesh Arampath","2026-09-20 15:15:59",0.958,138,uarampath
164,16739885,"James Y","2026-09-28 04:41:36",0.958,72,redoctopusk
165,16710230,"Deep Thought","2026-09-28 16:11:00",0.958,78,deepakjnath
166,16670748,"To The Moon","2026-09-29 07:47:43",0.958,230,"andrey4522,ispromashka,pavelsavchenkov,williamwu88"
167,16604283,hikaggler,"2026-09-29 07:35:36",0.958,203,"hikarukai,hono6b"
168,16707369,辛弃疾lhx,"2026-09-25 08:33:03",0.958,28,"chaohong03,hsnononolhx,jacobwu2028,yindujuxi123"
169,16728523,aca-ta,"2026-09-29 13:45:26",0.958,35,seljydef
170,16492248,marchq,"2026-09-28 16:09:40",0.958,43,petrovmarko
171,16810288,maco-macoo,"2026-09-29 07:23:43",0.958,34,macomacoo
172,16578232,"Sailor Ren","2026-09-29 04:15:27",0.958,71,"dongdongjiaqi,sailorren"
173,16685275,CurveCowboy,"2026-09-28 22:42:40",0.958,34,curvecowboy
174,16714204,andrei6184,"2026-09-29 11:07:57",0.958,35,andrei6184
175,16456126,"Hira Norm","2026-09-29 06:55:14",0.958,164,hiranorm
176,16634028,"Mike Kim","2026-09-29 07:07:16",0.958,52,mikeskim
177,16663746,Vyas,"2026-09-29 14:49:57",0.958,34,vyask21
178,16914590,"Luon may Man","2026-09-29 14:53:00",0.958,49,luonmayman
179,16799729,yeming151,"2026-09-29 07:11:17",0.958,17,"chenenhao,jiangxinyao1,lplooo,yeming151"
180,16455247,MAIDANG,"2026-09-29 06:25:25",0.958,207,"daifanhao,dylonwilliam"
181,16468791,"Pathik Patel","2026-09-29 13:55:30",0.958,77,pathik1511
182,16924467,Astra,"2026-09-29 08:52:53",0.958,31,zzdfdfhg
183,16457002,Suncrest,"2026-09-29 10:21:18",0.958,48,suncrest
184,16808882,TheMightiestMan,"2026-09-29 13:23:03",0.958,76,themightiestman
185,16790801,"Suyash Verma","2026-09-29 08:59:42",0.958,94,suyashdiamond1
186,16929638,menphim,"2026-09-29 07:06:24",0.958,28,menphim
187,16518070,"Anvith Pothula","2026-09-29 00:02:53",0.958,147,anvithpothula
188,16732066,zhanghao,"2026-09-29 11:33:19",0.958,23,mendymandy
189,16876917,Mathemortician,"2026-09-29 16:59:19",0.958,32,mathemortician
190,16917691,Aristotle.Chen,"2026-09-29 02:46:19",0.958,45,aristotlechen
191,16854730,Korokke3,"2026-09-29 10:14:32",0.958,20,korokke3
192,16883059,"Kaggle Agent","2026-09-29 15:39:14",0.958,66,"arc144,dott1718,jiweiliu,maxjeblick,theoviel"
193,16602564,VSG,"2026-09-29 00:07:05",0.958,115,"chingizkhankishiyev,dzinski,ellightened,muradnuraliyev,skyweel08"
194,16839709,kk.sky.9k,"2026-09-29 10:38:45",0.958,105,kksky9k
195,16667924,"Mega Shake UP","2026-09-29 15:56:50",0.957,62,adilkhabibullin
196,16875605,kkkk,"2026-09-29 07:53:24",0.957,75,kkkk4649
197,16454626,Suuuiiii4,"2026-09-29 01:00:57",0.957,133,bharath111l
198,16670346,To-i,"2026-09-29 06:20:07",0.957,66,"rannn12226,rikitokanda"
199,16482033,zentropy,"2026-09-29 07:34:13",0.957,390,jessky
200,16940725,Danzzzl,"2026-09-29 09:51:59",0.957,21,okunevda
201,16683690,"Julie Pedeches","2026-09-29 13:16:34",0.957,101,juliep
202,16924316,tyvallo,"2026-09-29 03:53:36",0.957,5,"tyvallo,vornilo,xerlavo,zovrita"
203,16857336,koucha,"2026-09-29 13:55:54",0.957,32,momotakaaoki
204,16487273,"Tagir Analyzes","2026-09-26 20:54:50",0.957,29,tagirkhairutdinov
205,16479761,codebeforework,"2026-09-29 00:13:07",0.957,132,codebeforework
206,16942268,tmgf,"2026-09-29 11:26:50",0.957,11,tiagomgfernandes
207,16772401,ikevayansky,"2026-09-29 16:02:52",0.957,112,ikevayansky
208,16459596,"Fernando Couto","2026-09-29 01:07:59",0.957,78,fernandocouto
209,16790581,wzyxp_123,"2026-09-28 18:19:00",0.957,46,cloudssdut
210,16888658,hhzzjjj,"2026-09-29 00:00:39",0.957,38,"hhzzjjj,qinghaowang1,wwwdjj,youyuany123,yyx466005036"
211,16461589,Pai,"2026-09-29 16:51:29",0.957,54,rajathrpai
212,16614729,OpPrime,"2026-09-29 16:27:17",0.957,99,farshidamira
213,16455471,"Jun Liu","2026-09-29 07:32:15",0.957,15,chrisluu
214,16710283,Maaax,"2026-09-29 00:00:14",0.957,69,maaax
215,16756059,Thomas,"2026-09-29 00:03:24",0.957,61,tommurakami
216,16481288,TakamaruEX,"2026-09-29 00:02:57",0.957,150,takamaruex
217,16459327,"Ryo Takaki","2026-09-28 12:08:08",0.957,21,ryotakaki
218,16574913,"Freeman Hui","2026-09-29 11:15:07",0.957,90,freemanhui
219,16459225,"Jerry Park","2026-09-29 12:21:29",0.957,97,mecome
220,16463001,"Albert | Zhiye | Hannah","2026-09-29 14:26:31",0.957,76,"diamayer,hannahhuang68,mianwang1024"
221,16561614,"Justin CH123","2026-09-29 12:21:51",0.957,85,justinch123
222,16709193,MKhlystun,"2026-09-29 11:55:48",0.957,77,mkhlystun
223,16531133,Praxel,"2026-09-29 09:01:23",0.957,75,praxel
224,16611515,Jun_value,"2026-09-29 10:01:52",0.957,109,junvalue
225,16837478,takaito,"2026-09-29 12:11:06",0.957,46,takaito
226,16852577,niulai,"2026-09-29 07:45:05",0.957,12,rngrng
227,16845369,Satwik,"2026-09-29 13:35:41",0.957,44,p4rallax
228,16488535,"Mitsuhiro Iizuka","2026-09-29 00:04:02",0.957,149,mitsuhiroiizuka
229,16780761,wind0703,"2026-09-29 02:26:49",0.957,74,wind0703
230,16607433,ikki1111,"2026-09-29 11:57:26",0.957,59,kani23
231,16887540,"Arturo Gutiérrez Aguilar","2026-09-29 00:11:11",0.957,38,jarturo
232,16724324,YunlinCity,"2026-09-29 13:01:25",0.957,112,yunlincity
233,16618751,ocean240812,"2026-09-29 02:57:59",0.957,175,ocean240812
234,16848632,田口雄大,"2026-09-29 07:44:12",0.957,58,"shiiin9,ydi102143"
235,16453977,"Yunus Gümüşsoy","2026-09-29 16:35:03",0.957,215,yunusgmsoy
236,16655148,"Ben Pepper","2026-09-29 01:07:47",0.957,107,bhpepper
237,16690735,"biodegradable kagglers","2026-09-29 09:14:42",0.957,166,"alexeyshmelev,ivangevorkov"
238,16671210,nonca,"2026-09-28 11:07:07",0.957,48,quoteriskmst
239,16454592,4eta,"2026-09-29 06:17:03",0.957,15,bio4eta
240,16687778,"Jamie Nojek","2026-09-29 12:08:08",0.957,91,jamienojek
241,16475697,"Marek Nurzynski","2026-09-29 17:02:20",0.957,13,marek3000
242,16896272,Elooquence,"2026-09-27 07:26:58",0.957,5,"elooquence,opulencee,piicturesque"
243,16456961,"minghao mei","2026-09-29 01:26:08",0.957,38,minghaomei
244,16459913,"Rishabh Roy","2026-09-26 19:53:29",0.957,133,"rishabhr0y,themechanicalcoder"
245,16944000,"Mehrdad Naderi","2026-09-29 07:51:57",0.957,12,mehrdadnaderi
246,16728526,tedo,"2026-09-29 03:55:13",0.957,58,takuroedo
247,16532880,"Team Alicia","2026-09-29 06:29:58",0.957,52,"aadigupta7686,del=46a2189cba2f6d40,imamhasnat,krisdreemurr,nabidnur"
248,16454055,"MOHAMMADJAFAR ZAMANI","2026-09-28 19:40:17",0.957,149,mohammadjafarzamani
249,16463138,tf,"2026-09-29 06:43:49",0.957,23,tfukuhara
250,16852585,OmerZalman,"2026-09-29 03:39:59",0.957,49,omerzalman
251,16743149,zy,"2026-09-27 23:28:51",0.957,69,justforwin
252,16591379,MaruanBOttoni,"2026-09-29 12:28:46",0.957,56,maruanbottoni
253,16943791,KR_no_1,"2026-09-29 04:23:44",0.957,80,"krno1legend,malikhammadfarooq,myab07,uradkr"
254,16829814,mrmldjr,"2026-09-29 00:05:32",0.957,35,mrmldjr
255,16670956,안녕하세요이세입니다잘부탁드립니다,"2026-09-29 01:49:33",0.957,50,municef1
256,16740268,Vibe_Moon,"2026-09-29 12:15:28",0.957,4,moonswalk
257,16720356,youill0317,"2026-09-29 15:18:19",0.957,147,youill0317
258,16471152,"Akhil Chinta","2026-09-28 01:19:12",0.957,47,akhilchinta1505
259,16479551,Lien,"2026-09-29 07:56:12",0.957,82,lien151322
260,16807846,Ornate_show,"2026-09-29 10:24:04",0.956,40,ornateshow
261,16530936,HiroyukiSasaki,"2026-09-29 03:43:12",0.956,77,hiroyukisasaki815
262,16935353,"Yaroslav Polyakov","2026-09-29 00:03:40",0.956,21,"izek123,y9pameow"
263,16505038,datnt114,"2026-09-27 02:36:55",0.956,23,kingkong153
264,16717367,"Raikou's fanclub","2026-09-29 12:42:50",0.956,13,"raikouf,songbirdie"
265,16466545,"Kevin E R MILLE","2026-09-29 00:20:02",0.956,163,kevinermille
266,16574121,"Igor V","2026-09-29 06:14:41",0.956,97,rostigor
267,16833282,skomuro,"2026-09-29 15:32:36",0.956,40,skomuro
268,16795710,"Train is all you need","2026-09-29 02:12:22",0.956,105,"faykudbq,shenbyu,wujunye1"
269,16876492,Adam,"2026-09-29 16:26:17",0.956,25,potonglantie93
270,16941218,misis_big_balls,"2026-09-29 10:08:16",0.956,20,"daniilsergeevda,player77"
271,16820124,Euphor_M,"2026-09-29 00:02:35",0.956,38,euphor
272,16705682,Kaz,"2026-09-29 16:52:49",0.956,28,kazuyago
273,16814927,"zhehao liang","2026-09-29 03:51:35",0.956,70,"pengyuzhongzju,zhehaoliang"
274,16475949,Naladweppo,"2026-09-27 20:30:19",0.956,15,naladwepo
275,16674414,Ispagiytiy,"2026-09-29 11:50:43",0.956,22,ispagiytiy
276,16934441,starmilkis,"2026-09-29 16:34:50",0.956,11,jianingwuu
277,16548035,wodedaodun,"2026-09-29 16:06:01",0.956,68,"alisalmanrana,azhuang8,feifanque,selinaawuu"
278,16780888,"Arda Özcan","2026-09-26 10:07:18",0.956,20,ardozcnn
279,16783539,JustinybGao,"2026-09-29 09:10:06",0.956,37,justinybgao
280,16924085,isk54_34,"2026-09-29 08:01:23",0.956,33,isk5434
281,16739392,"Can Kural","2026-09-29 15:22:01",0.956,87,kamocan
282,16698887,jjamppongmandu,"2026-09-29 15:24:44",0.956,43,jjamppongmandu
283,16844234,y3uanm,"2026-09-26 14:51:24",0.956,64,"delta47x,lunpaixo,y3uanm,zhaozhangwen"
284,16705896,yamashu,"2026-09-29 09:01:58",0.956,38,yamashuuu
285,16551924,"Jean-François DAVID","2026-09-29 03:35:32",0.956,55,"jeanfranoisdavid,voldavid"
286,16599494,"Frederick Lee","2026-09-29 10:05:04",0.956,109,"frederickvlee,sjlee101"
287,16931156,"lyre lin","2026-09-29 15:33:50",0.956,15,lyrelingg
288,16753800,桂棹兮兰桨,"2026-09-29 11:44:38",0.956,80,"ffffffeng,hdhsjdjd,lulutomato,taopiliu"
289,16827214,"Gaiar Baimuratov","2026-09-29 12:18:36",0.956,13,baimuratov
290,16923459,ssaakura,"2026-09-26 03:27:28",0.956,5,"horizon0,mexriva,solstfice,ssaakura"
291,16923397,"kouhei mori","2026-09-29 09:06:50",0.956,12,kouheimori
292,16707359,chill~,"2026-09-29 12:09:15",0.956,15,k256net
293,16453635,"Baidalin Adilzhan [dsml.kz]","2026-09-29 10:08:06",0.956,51,"baidalinadilzhan,qasminumber,zelza0"
294,16888964,MakerFly,"2026-09-29 10:42:10",0.956,18,makerfly
295,16536241,"Harish Dhanarajan","2026-09-29 14:02:53",0.956,26,harishdhanarajan
296,16457479,"Kim Jinseo","2026-09-27 14:56:58",0.956,42,kimjinseo1
297,16857172,"Ivo Georgiev","2026-09-29 04:20:15",0.956,36,ivogeorg
298,16733967,insuperabilehart,"2026-09-29 05:50:08",0.956,24,insuperabile
299,16750577,Gronk,"2026-09-29 15:53:30",0.956,52,jianyicai
300,16495010,winstonton,"2026-09-29 00:03:56",0.956,43,winstonton
301,16663451,jongha24,"2026-09-29 16:31:56",0.956,46,jongha24
302,16457338,AWN,"2026-09-29 05:44:05",0.956,116,"arunodhayan,nablaoperator123,peilwang"
303,16749192,"qr Z1201","2026-09-29 03:49:20",0.956,83,qrz1201
304,16458987,dddkk0,"2026-09-29 14:19:37",0.956,103,compensator
305,16705972,"Nozomi Suzuki","2026-09-29 00:04:59",0.956,90,nozomisuzuki
306,16548033,fheizz,"2026-09-29 05:35:30",0.956,17,fheizz
307,16712163,cf696666,"2026-09-29 02:16:44",0.956,58,cf33333
308,16689987,"Peter KK","2026-09-29 14:03:56",0.956,90,peterty
309,16875681,cqupt_sdq,"2026-09-29 02:36:43",0.956,35,sdq2237
310,16611347,MustafaA,"2026-09-29 14:46:59",0.956,116,mustafaa
311,16455775,Hack2Publish,"2026-09-29 14:03:24",0.956,256,"esfersami50,foysalemonshanto,hosen42,rokaiyasomapti"
312,16512476,QYQ1693,"2026-09-29 13:16:42",0.956,54,qyq1693
313,16737441,junicus,"2026-09-29 13:21:10",0.956,52,junicus
314,16927822,"William Zhao","2026-09-29 07:17:03",0.956,13,willzhaoo
315,16802533,Volt,"2026-09-29 06:30:39",0.956,31,"filipplotsmanov,oleksiikrasnoshtanov"
316,16584145,"Kai Gowers","2026-09-29 15:44:13",0.956,37,kaigow
317,16545373,HIVE,"2026-09-29 04:22:52",0.956,53,"hibbamd,minahilahsan,nusrati,shaminkhawar"
318,16909067,"команда Андрея Гайдуляна","2026-09-29 07:01:42",0.956,23,"domager72,fylgde,kolyaflexcu"
319,16632057,"Any Things","2026-09-29 00:04:21",0.956,39,anythingsj3fare767
320,16533366,RFeng12,"2026-09-29 02:13:19",0.956,71,rfeng12
321,16501843,Allen,"2026-09-29 14:11:56",0.956,102,zhengchy
322,16840258,Noir,"2026-09-29 08:01:35",0.956,50,nuitnoir
323,16806178,"Surya Bhattiprol","2026-09-28 16:00:08",0.956,25,suryabhattiprol01
324,16472383,"YoungDSML [dsml.kz]","2026-09-29 10:38:51",0.956,26,"mazgas,nurikw3"
325,16456070,mikelou1,"2026-09-29 05:39:01",0.956,66,mikelou1
326,16483697,"Dalton Omondi","2026-09-28 14:32:42",0.956,11,daltongabrielomondi
327,16458140,automatylicza,"2026-09-27 09:20:57",0.956,104,automatylicza
328,16468866,"Filip Strzałka","2026-09-29 11:25:16",0.956,162,snufkin77
329,16917693,"Dilyorbek Muhammadjonov","2026-09-29 03:22:28",0.956,8,dilyorbek
330,16465176,taopy2,"2026-09-29 00:36:13",0.956,140,taopy2
331,16457567,Efthimios,"2026-09-29 04:00:55",0.956,80,efthimiosfousekis
332,16693040,"Carl Makt","2026-09-28 03:25:24",0.956,27,carlmakt
333,16818314,"haonan zhengh","2026-09-27 07:47:22",0.956,42,haonanzhengh
334,16798741,불,"2026-09-28 15:19:28",0.956,66,nintendojoa
335,16747091,heliosli,"2026-09-27 01:29:13",0.956,74,heliosli
336,16514415,MengYe,"2026-09-28 01:33:16",0.956,17,konohayui
337,16878593,한밭대학교컴퓨터공학과정우민,"2026-09-29 00:44:02",0.956,59,woominyo
338,16877644,MaksKhan,"2026-09-29 11:34:31",0.956,53,"ilyausmanov,ivanvorfolomeev,kolesnikovia,makskhan"
339,16927832,Baimakanov,"2026-09-29 12:47:10",0.956,26,baimakanov
340,16607156,"Madiyar Khamzanov","2026-09-29 06:38:25",0.956,129,mkhamzanov
341,16762743,"Zenith Ye","2026-09-28 10:19:02",0.956,28,zenithye
342,16795364,xinwang,"2026-09-29 07:02:10",0.956,65,xxxtetantion
343,16857228,"John Cisowski","2026-09-29 02:43:15",0.956,12,johncisowski
344,16900521,Machine_e1,"2026-09-26 13:34:03",0.956,16,"arcanee1,machinee1,mymilk"
345,16842795,"junseo lee","2026-09-29 04:41:01",0.956,20,junnseolee
346,16669581,moto,"2026-09-29 09:27:45",0.956,83,"hikari30,yamashitamotokazu"
347,16459461,YuyaSuzuki,"2026-09-29 09:19:40",0.956,128,yututapp
348,16933351,Matt,"2026-09-29 06:52:04",0.956,22,mclouter
349,16796675,"Jiacheng Zhao","2026-09-29 06:12:11",0.956,46,glorysing
350,16499610,Jimmer,"2026-09-29 16:20:06",0.956,43,przemysawonr
351,16877600,Rabotyagi,"2026-09-29 00:48:15",0.956,60,"kkonst,lonansyayf,roflanvglorius,seva1232"
352,16872192,"Terry Luo","2026-09-29 16:14:32",0.956,19,eimhluo1764
353,16592188,thisArmin,"2026-09-29 11:31:18",0.956,52,thisarmin
354,16731820,Faustine,"2026-09-27 14:50:31",0.956,35,faustine649
355,16854162,tamref,"2026-09-29 00:02:37",0.956,31,tamreff3290
356,16826101,"Isabella Wang","2026-09-29 07:19:31",0.956,16,isabellacwang
357,16457929,"Howon Kang","2026-09-29 12:07:13",0.956,132,howonkang
358,16810028,BOB,"2026-09-29 00:03:57",0.956,75,hotpotbro
359,16879796,kta_jpn,"2026-09-29 07:20:29",0.956,27,ktajpn
360,16904998,"Yudai Ueno","2026-09-29 01:14:58",0.956,35,yudaiueno
361,16455757,Pirhosseinlou,"2026-09-29 06:59:57",0.956,42,pirhosseinlou
362,16467119,"Bedirhan Dinçer","2026-09-29 16:56:08",0.956,45,"bedirhandiner,semihbal"
363,16453816,Will,"2026-09-29 10:18:10",0.956,36,wguesdon
364,16927145,"Nikitas Rafael Nikitas","2026-09-29 16:07:04",0.956,13,rafanikitas
365,16741203,farmer,"2026-09-29 00:01:46",0.956,146,trnhip
366,16673690,"Vadim Linkov","2026-09-29 11:46:57",0.956,23,trizyx
367,16757019,"Big Cells","2026-09-29 10:05:42",0.956,108,"arsgorynich,dmitriigluzdov"
368,16453734,"Mathurin Ache","2026-09-29 07:40:25",0.956,73,mathurinache
369,16603670,Habibur_Rahman,"2026-09-28 07:01:47",0.956,35,habiburrahman15
370,16488061,Boiled-Sweet-Potato,"2026-09-28 07:47:37",0.956,34,boiledsweetpotato
371,16588784,"Sankalp Thakur","2026-09-29 00:45:53",0.956,94,"aasthathakur,sankalpsthakur"
372,16460928,juliencst,"2026-09-29 08:10:28",0.956,20,juliencst
373,16680190,hjyact,"2026-09-29 02:09:50",0.956,107,hjyact
374,16933511,ra1nac1d,"2026-09-29 12:02:29",0.956,9,ra1nac1d
375,16705775,Logorhythms,"2026-09-28 11:16:07",0.956,24,mohammadsaidulislam
376,16831145,"Aleix López","2026-09-28 13:28:30",0.956,13,aleixlopez
377,16891035,"Ndabenhle Ngema","2026-09-29 00:01:27",0.956,27,"ndabenhlengema,nokubongangema"
378,16455155,Xander,"2026-09-29 02:55:27",0.956,69,canqiang
379,16492986,jaysefh26,"2026-09-29 06:20:00",0.956,11,jaysefh26
380,16592841,"Sung Heo","2026-09-28 17:25:29",0.956,25,kmmmvs
381,16479914,"Roy Lo TW","2026-09-29 16:20:42",0.956,43,roylotw
382,16897924,"Misha Shikhov","2026-09-29 14:53:05",0.956,27,mishashikhov
383,16766199,"Xu Suyi","2026-09-29 05:05:56",0.956,29,xuyuhaosuyi
384,16779308,"Ari Nakos","2026-09-29 08:08:13",0.956,31,aristides
385,16651051,"Barathan Aslan","2026-09-29 03:34:19",0.956,44,"barathanaslan,batuhankalem,merfarukelik"
386,16460415,"Дворкин Евгений Владимирович","2026-09-29 15:22:58",0.956,39,evgendvorkin
387,16927169,"Soetsu Shida","2026-09-29 14:25:24",0.956,9,soetsushida
388,16632454,AbhiniveshSharma5354,"2026-09-29 13:15:21",0.956,12,abhiniveshsharma5354
389,16588537,Civitasmass,"2026-09-29 00:00:41",0.956,86,godhand
390,16461185,"Carles Marín","2026-09-29 04:22:50",0.956,42,carlesmarn
391,16578167,rekhasri,"2026-09-29 07:10:20",0.956,80,rekhasri
392,16939059,_.tushhaaarrrr,"2026-09-29 11:01:45",0.956,7,tushhaaarrrr
393,16514255,"John Park","2026-09-29 12:06:01",0.956,128,sigint
394,16533628,"Joseph Adamski","2026-09-29 10:47:15",0.956,165,josephadamski91
395,16611745,"Seine A. Shintani","2026-09-29 09:06:33",0.956,19,seineashintani
396,16848062,"Yuan Weijun","2026-09-29 02:01:38",0.956,34,yuanweijun
397,16462523,hikarimaru,"2026-09-29 03:03:03",0.956,88,hikarimaru
398,16786516,"TongYi Hong","2026-09-29 03:29:59",0.956,16,"hongtongyi,hoshiiabc"
399,16454736,"Athar Sayed","2026-09-29 05:44:13",0.956,113,"madarshbb,mohammadjavadvaez,nader1196,sayedathar11,yutomuroshima"
400,16550943,"Vinayak Pathak","2026-09-29 06:11:40",0.956,92,vinayapathak
401,16868755,Infinity,"2026-09-29 16:38:00",0.956,11,"maaz101,syedtahahassan"
402,16732835,EliKal,"2026-09-29 13:20:08",0.956,17,eliork
403,16760621,"Akhyar Ahmad","2026-09-29 14:28:40",0.956,46,akhyar2612
404,16936728,"Toshiki Narushima","2026-09-29 11:26:49",0.956,23,toshikinarushima
405,16602485,"Leo Lin05","2026-09-29 10:18:58",0.956,31,leolin05
406,16494680,"Rishav Sanjay","2026-09-29 10:56:12",0.956,4,rishavsanjay
407,16810235,王子铖,"2026-09-29 11:07:00",0.956,7,aurantium
408,16588865,Ruoting,"2026-09-29 11:26:15",0.956,12,buaaauto
409,16608659,"Peter Wang","2026-09-29 11:50:16",0.956,28,peterwang1018
410,16463022,zulfikar.khalwaniev,"2026-09-29 11:55:38",0.956,5,khalwaniev
411,16847238,Nut_RJ,"2026-09-29 13:28:44",0.956,30,rjings
412,16684124,"Korea IOAI Representative","2026-09-29 12:05:34",0.956,22,"allie3103,goodpjw2008,jehan080125,junick0001"
413,16531419,"Kerem çelik","2026-09-29 13:08:16",0.956,63,keremelik
414,16763705,QileJiang76,"2026-09-29 14:08:27",0.956,26,qilejiang76
415,16747911,NIklitaCheporev,"2026-09-29 14:32:20",0.956,20,niklitacheporev
416,16862129,"Kydyrbek Kozykorpesh","2026-09-29 16:18:35",0.956,20,kozykappa
417,16751802,tax_free,"2026-09-29 14:25:24",0.956,59,taxfreepython
418,16518078,"Marcus Henriksboe","2026-09-29 15:16:08",0.956,88,marcushenriksboe
419,16928149,mitsuki,"2026-09-29 16:18:14",0.956,4,mk00000
420,16805344,"Sven Dumain","2026-09-29 15:39:01",0.956,36,darkgobelin
421,16751200,NycteacoBa,"2026-09-29 15:52:06",0.956,35,nycteaowl
422,16887083,"TK BTW","2026-09-28 12:15:24",0.956,60,"fatihkatipoglu,seyitkaangunes"
423,16896242,mexlora,"2026-09-27 08:57:01",0.956,13,"mexlora,nolzixo,qizlona"
424,16475406,"Shubham Sahu2003","2026-09-29 15:51:38",0.956,105,shubhamsahu2003
425,16754299,"Jacques Buis","2026-09-29 11:25:50",0.956,41,jacquesbuis
426,16459107,Ayodeji,"2026-09-29 00:23:23",0.956,220,ayodejiibrahimlateef
427,16454368,"Sebastian Mateus","2026-09-29 01:42:41",0.955,77,"brenorb,sebastianmateus"
428,16493652,InSociEUP,"2026-09-27 14:56:41",0.955,22,santanubanerjee9
429,16749082,mraz1006,"2026-09-29 04:44:46",0.955,19,mraz1006
430,16715400,ERS,"2026-09-29 11:16:04",0.955,27,shingo257
431,16514513,harmo-miu,"2026-09-28 05:44:41",0.955,83,harmomiu
432,16751042,"Majid Aleissa","2026-09-29 16:06:35",0.955,136,majidaleissa
433,16470584,github/shepsci/kaggle-skill,"2026-09-29 00:38:10",0.955,70,shepscientific
434,16571240,"wennan cao","2026-09-29 21:41:25",0.955,209,wennancao
435,16636119,"Jordi Corbilla","2026-09-29 00:58:45",0.955,45,jordicorbilla
436,16741774,msd0110,"2026-09-29 13:56:25",0.955,54,msd0110
437,16935723,"Golubev Alexander","2026-09-29 08:03:13",0.955,26,golubevalexander
438,16463229,SGY2512,"2026-09-29 17:09:15",0.955,110,sgy2512
439,16487928,"Yu Wu","2026-09-29 01:28:12",0.955,81,nightsh4de
440,16695540,frank9487,"2026-09-29 08:04:42",0.955,7,frank9487
441,16915265,eiactorx,"2026-09-26 14:37:03",0.955,70,"eiactorx,fossillla,lilyyexizhan,wlimetric"
442,16935351,"Bon Ho","2026-09-28 08:56:21",0.955,9,bon513
443,16539325,Ikeda0516,"2026-09-29 05:20:02",0.955,15,ikeda0516
444,16479746,"Apoorva Ajay","2026-09-29 11:17:28",0.955,115,"apoorvada,jazivxt"
445,16633299,"Abdelghani Charouiti","2026-09-29 23:17:10",0.955,43,abdelghanicharouiti
446,16791838,Ling,"2026-09-29 17:49:28",0.955,2,lingbia
447,16853440,"Subramanya N","2026-09-29 03:25:25",0.955,71,subramanya1997
448,16609242,xiaoyukun1,"2026-09-29 16:50:43",0.955,96,"nizhenghong,xiaoyukun1"
449,16554591,Solid_Sea,"2026-09-29 07:01:24",0.955,42,solidsea
450,16568564,t-enstar,"2026-09-29 14:46:17",0.955,56,tstustatama
451,16512384,"Team Name","2026-09-27 11:04:29",0.955,52,amosokello451
452,16915168,manase0,"2026-09-27 07:21:28",0.955,25,"hperia3ds,jackeyguo66,manase0,spectrah"
453,16651943,xxxx0314,"2026-09-29 06:38:30",0.955,158,"kirklandsan,xxxx0314,yunfeiyang223"
454,16819110,"Qiushuo Geng","2026-09-29 01:32:54",0.955,69,"qiushuogeng,yongxinkwan"
455,16673568,bighead514188,"2026-09-29 06:11:26",0.955,39,"bighead514188,qinlucao"
456,16454696,sectum,"2026-09-29 07:30:29",0.955,35,samuelyangalang
457,16818186,interplinker,"2026-09-29 03:45:38",0.955,22,interplinker
458,16459290,"Alberto Mocchi","2026-09-29 13:32:38",0.955,22,albertomocchi99
459,16467705,itsuki-data,"2026-09-29 00:02:24",0.955,43,itsuki89
460,16866534,d1amp0,"2026-09-28 19:58:33",0.955,28,d1amp0
461,16773424,4kut4,"2026-09-29 00:37:58",0.955,153,naokwmr
462,16939681,tokawa2997,"2026-09-29 05:38:08",0.955,37,tokawa2997
463,16453475,MH,"2026-09-28 12:06:45",0.955,18,makarrogovik
464,16453797,Jeryos,"2026-09-29 13:17:00",0.955,11,joulskaf
465,16811966,"BNBU Geniuses","2026-09-29 11:52:59",0.955,48,"andycooper747,austindengkaggle,BNBUDINGSHANLee21,yuxiang328"
466,16875693,jwboost,"2026-09-29 06:07:58",0.955,40,kiritocui
467,16530280,"firat yavas","2026-09-29 08:05:32",0.955,19,firatyavas
468,16758483,LYD,"2026-09-29 11:46:22",0.955,119,"archedfox,huanghongming,letyoudown,sraphim"
469,16458361,"Komil Parmar","2026-09-27 00:03:16",0.955,107,komilparmar
470,16699783,houlidai-jiekiulai,"2026-09-29 03:32:26",0.955,8,houlidaijiekiulai
471,16897440,"Boris Bezmenov","2026-09-24 20:15:25",0.955,23,borisbezmenov
472,16592624,tomasa2,"2026-09-29 08:11:53",0.955,59,tomasa2
473,16838854,sudoyan,"2026-09-29 03:03:53",0.955,41,sudoyan
474,16777668,pycon2026,"2026-09-29 11:50:11",0.955,49,"kazeneko77,tanako"
475,16610265,"Kyuhwan Cho","2026-09-29 13:53:20",0.955,11,octoarden
476,16488188,L1a0JH,"2026-09-29 08:09:41",0.955,9,coolkid14122
477,16661495,abcfd,"2026-09-29 05:06:56",0.955,81,matsunagaxxx
478,16590155,Yam,"2026-09-29 05:36:55",0.955,54,minyam
479,16742716,Wiz,"2026-09-29 16:12:28",0.955,5,williamzhou001
480,16761532,"kwon yong deuk","2026-09-29 13:26:26",0.955,73,kwonyongdeuk
481,16627260,X.X,"2026-09-28 15:03:13",0.955,35,mikeintokyo
482,16533594,"Fayner Costa","2026-09-29 01:54:45",0.955,107,faynercosta
483,16768238,cesare,"2026-09-29 00:09:14",0.955,71,cesaremov
484,16832772,LIH.YUN,"2026-09-29 06:40:02",0.955,109,"fxlcee,guming886,remusswift"
485,16913271,"Hibachi Fried Rice","2026-09-29 13:55:34",0.955,29,samvalladares
486,16556643,"Ali Nawed","2026-09-29 02:38:35",0.955,30,alinawed
487,16577431,mi6,"2026-09-29 11:47:57",0.955,208,"aimixo,elisami6,meikintom,pauboncompte,zhongbapapapa"
488,16506372,tizawa3,"2026-09-29 10:36:18",0.955,93,tizawa
489,16723664,"Alexander Krylov","2026-09-29 02:39:25",0.955,11,krylovalexander
490,16696849,"fromage _","2026-09-29 11:51:52",0.955,174,fromagesea
491,16479958,LeeVvin,"2026-09-29 03:49:39",0.955,112,leevvin
492,16496891,Juyong,"2026-09-29 01:45:56",0.955,140,kimdoong
493,16848865,"Sōsuke Aizen","2026-09-29 13:58:37",0.955,21,"soukeaizenz,souvikdbiswas"
494,16483635,pwxc00,"2026-09-29 15:31:57",0.955,20,alert04
495,16943527,"Akihiro Yamamoto","2026-09-29 16:34:49",0.955,9,akihiroyama
496,16466283,"Sébastien henry","2026-09-28 22:54:15",0.955,19,sebmontreal
497,16721184,aks05410,"2026-09-29 14:40:25",0.955,86,aks05410
498,16483787,"Amil Gentili","2026-09-29 13:33:40",0.955,93,agentili
499,16838481,Lunospital,"2026-09-29 05:55:17",0.955,4,lunospital
500,16847129,"Elyorjon Mannonov","2026-09-29 14:41:06",0.955,32,elmannonov92
501,16454099,"Yusuke Togashi","2026-09-29 13:49:54",0.955,233,yusuketogashi
502,16739029,sleter,"2026-09-29 00:07:07",0.955,148,szymonjanowski
503,16919567,Mycelis,"2026-09-29 04:48:19",0.955,20,johnmoncel
504,16454847,Lonnie,"2026-09-29 12:24:50",0.955,279,lonnieqin
505,16455128,"Go Go Go","2026-09-29 04:57:52",0.955,173,"caoyupeng,lingyu07,lixin73,pedianeko,theunforgiven7"
506,16610471,"The Originals","2026-09-29 14:52:47",0.955,181,"akkigupta2005,arunendratripathi03,eeshsaxena,swapiy"
507,16923449,tensorlike,"2026-09-28 03:53:49",0.955,10,"echoverse1,neonflux,regressiw,tensorlike"
508,16499748,Med-AI,"2026-09-29 00:56:38",0.955,79,"hanhhdungg,quchingnguyn,richarddoan,thienphannhat,thinhnguyennhu"
509,16596995,"Jackson Bom","2026-09-29 15:13:52",0.955,60,jacksonbom
510,16607253,"Apoorv Saraogee","2026-09-29 15:23:46",0.955,170,apoorvsara
511,16797084,"Ryutaro Tsujii","2026-09-29 09:38:53",0.955,7,ryutarotsujii
512,16935658,barbosi,"2026-09-29 00:00:58",0.955,36,"despairdr,tupperq"
513,16587421,chocolat,"2026-09-29 00:14:10",0.955,107,chocolatnya999
514,16903771,"liu bo","2026-09-29 01:49:38",0.955,21,liuboo45586
515,16579303,kakuteki,"2026-09-29 14:49:40",0.955,62,kakuteki
516,16501671,"Ifeoluwa Adewumi","2026-09-29 08:40:15",0.955,16,ifeadewumi
517,16862594,linhaiy,"2026-09-29 09:28:01",0.955,22,linhaiy
518,16570510,关注塔菲喵，关注塔菲谢谢喵,"2026-09-29 16:04:53",0.955,76,"fangwangg,jiuchukuangren,ltcsmokeboi"
519,16591754,KHitomi,"2026-09-28 16:22:58",0.955,58,khitomi
520,16732664,"Stefano Blando","2026-09-29 12:35:39",0.955,46,stefanoblando
521,16455622,ChenWenSheng,"2026-09-28 13:10:31",0.955,149,chenwensheng
522,16553046,"Seungjin Kim","2026-09-29 08:19:21",0.955,152,nforestcat
523,16462988,DataRockstar,"2026-09-29 05:02:05",0.955,115,"amaropeter,jvlegend"
524,16764952,XY0719,"2026-09-29 11:45:25",0.955,15,"jianningyan,lemurolv"
525,16832191,"No Name","2026-09-29 09:17:44",0.955,58,ivanj0
526,16454360,alban,"2026-09-29 10:48:08",0.955,12,albantiacoh
527,16823884,Skyroot,"2026-09-29 12:38:44",0.955,28,litterboy
528,16454157,BlackCat,"2026-09-29 13:14:19",0.955,54,b14ckc4tmr
529,16469126,neurlog,"2026-09-29 09:40:47",0.955,33,neurlog
530,16896571,latentm,"2026-09-26 12:24:17",0.955,28,"latentm,quannt9,xanvior,xeloria"
531,16933174,darkvector4,"2026-09-25 14:59:10",0.955,11,"darkvector4,sha1ng,valtrix"
532,16508349,华风夏韵，洛水天依。,"2026-09-29 11:29:39",0.955,95,thedyingkai
533,16566294,hertz,"2026-09-29 09:16:08",0.955,69,nori117
534,16942239,Isabe11aM00re,"2026-09-29 05:23:28",0.955,27,"dan1e1c1ark,handawang,henryy0ung,isabe11am00re,s0ph1amart1n"
535,16634718,Eusebius,"2026-09-29 15:29:21",0.955,65,protuberanzen2000
536,16472928,"ne Artem Savchenko","2026-09-29 12:50:32",0.955,15,neartemsavchenko
537,16796396,"Satoshi Nguyen","2026-09-29 00:02:24",0.955,73,satoshinguyenai
538,16479491,"Ernesto Santiesteban","2026-09-29 00:00:14",0.954,69,ernestosantiesteban
539,16841211,"Chattso-GPT (Yasuhito Yanagisawa)","2026-09-29 17:12:57",0.954,7,yasuhitoyanagisawa
540,16458268,PavelLiashkov,"2026-09-29 00:03:51",0.954,233,bigbag1983
541,16610493,"Will Rice","2026-09-28 07:54:48",0.954,133,willrice
542,16817661,AlekseiProvorov,"2026-09-29 16:54:23",0.954,20,leoprovorov
543,16488570,honjousetuna,"2026-09-29 12:12:49",0.954,59,honjousetuna
544,16508666,xthixsl_ml,"2026-09-29 06:38:50",0.954,57,xthistle999
545,16483723,Homii_N,"2026-09-23 19:28:50",0.954,21,homeshwarrao
546,16555768,Taisei,"2026-09-26 14:19:50",0.954,32,taikiara
547,16460127,AkiraIshikawa,"2026-09-29 13:08:01",0.954,155,akiraishikawa
548,16455939,john,"2026-09-29 11:22:24",0.954,162,jaejohn
549,16455865,"yuanzhe zhou","2026-09-29 06:16:56",0.954,19,yuanzhezhou
550,16791172,darasty,"2026-09-28 17:00:38",0.954,16,darasty
551,16697665,lst1923,"2026-09-27 17:14:13",0.954,97,lst1923
552,16876143,Taeyang,"2026-09-29 15:06:35",0.954,214,"lucas040,taeyangg4,yw8837"
553,16462399,"Jessica Crisp","2026-09-29 06:35:15",0.954,13,jessicacrisp
554,16905988,ba1Water,"2026-09-27 12:32:01",0.954,45,ba1water
555,16701734,Kirderf,"2026-09-29 08:37:00",0.954,116,kirderf
556,16458074,do-jo,"2026-09-29 15:11:31",0.954,58,thedojo
557,16566626,"Jiahui Qu","2026-09-29 12:16:13",0.954,19,qujiahui
558,16726860,atom0190,"2026-09-29 16:03:24",0.954,16,atom0190
559,16497959,"Siddhant Rajhans","2026-09-29 08:37:31",0.954,46,siddhantrajhans
560,16717141,"Hai Dang","2026-09-26 07:07:47",0.954,37,haidang2405
561,16645330,easonyanyan,"2026-09-29 07:20:28",0.954,131,"easonyanyan,georgexue666,snowy615"
562,16674723,HongchenDai,"2026-09-29 16:05:57",0.954,114,hongchendai
563,16920556,SHALABI,"2026-09-28 09:48:22",0.954,11,mohdshalabi
564,16671300,renmin517,"2026-09-29 04:27:37",0.954,14,"jasonxusk,mingkangyan,renmin517"
565,16663122,Primes,"2026-09-26 05:57:05",0.954,71,lucasprime1
566,16460608,webmaking,"2026-09-29 08:29:15",0.954,194,webmaking
567,16470905,"Going down in 3, 2, 1…","2026-09-29 06:51:00",0.954,236,felipekitamura
568,16839148,castle_sens,"2026-09-29 13:57:44",0.954,10,castlesens
569,16532033,SBWH,"2026-09-20 07:43:29",0.954,101,"adityaravi2,aikyatansinha,r1cksync,vamshikrishnaemmadi,yash9439"
570,16615288,"Lior Toledano","2026-09-29 06:22:53",0.954,20,liortoledano
571,16493172,ㅤ,"2026-09-29 00:01:13",0.954,139,"albertalegret,davidsarrat,didaccayuela,ramonmatnav,victornc"
572,16516057,"Enrique Rodríguez","2026-09-29 10:36:22",0.954,220,enriro0
573,16833478,brave-心勇-heart,"2026-09-29 00:20:52",0.954,50,braveheart
574,16809295,Cherie01,"2026-09-29 07:14:38",0.954,13,cherie01
575,16938519,"pavan rajr","2026-09-29 00:47:34",0.954,32,pavanrajr
576,16942259,Daijingping,"2026-09-29 11:54:27",0.954,13,daijingping
577,16470019,"Madhur Shyam Maurya","2026-09-28 17:42:02",0.954,63,madhurmaurya
578,16484393,"Samuels Winstons","2026-09-28 05:34:48",0.954,24,samuelswinstons
579,16582210,zhuzhenghao-max,"2026-09-29 14:38:38",0.954,127,zhuzhenghaomax
580,16743260,xerkey,"2026-09-29 11:18:46",0.954,32,xerkey
581,16848782,kyomikyomi,"2026-09-29 10:18:34",0.954,31,"kyomikyomi,ryoyaotsuki,taiseitsuneki"
582,16879611,npan,"2026-09-29 15:52:12",0.954,54,niteshp9
583,16856120,"Alex Lenzi","2026-09-28 00:04:44",0.954,59,alexlenzi
584,16936750,statma,"2026-09-28 01:14:13",0.954,35,"fractalbyte,statma,valqeth"
585,16494800,"Mikhail Karchevskiy","2026-09-29 00:05:28",0.954,71,suvalex
586,16885762,shuinno,"2026-09-26 04:39:20",0.954,11,"astralisa,hemlock1,metaforge,shuinno"
587,16887410,あかつき,"2026-09-29 12:55:15",0.954,37,akatuki25
588,16732045,add_oils,"2026-09-28 02:14:38",0.954,9,addoils
589,16460657,holyholy,"2026-09-29 08:27:51",0.954,57,holy5contents
590,16846788,Luck^2,"2026-09-25 06:26:44",0.954,20,rlhjansen
591,16878531,HayatoFujihara,"2026-09-28 14:58:27",0.954,32,hayatofujihara
592,16723944,"ETHAN KOH","2026-09-28 04:32:39",0.954,39,kwangsookoh
593,16851976,"Weixuan Liu","2026-09-29 13:20:51",0.954,23,flyfish666
594,16923902,signalior,"2026-09-25 13:36:36",0.954,15,"convexla,probflun,signalior,synaptivox"
595,16454016,S.Aoki,"2026-09-29 00:00:52",0.954,80,soyaoki
596,16931529,"Asterios Terzis","2026-09-29 15:10:22",0.954,13,asteriosterzis
597,16701603,"Harshedh Vijay","2026-09-28 12:04:09",0.954,39,"harshedhvijay,naghulpranavks"
598,16846938,"David Wang","2026-09-29 02:05:35",0.954,17,renew66
599,16544856,Ju,"2026-09-29 15:46:24",0.954,26,juziddd
600,16561311,"Amir Ghazi","2026-09-29 16:52:51",0.954,28,amirghazi
601,16906802,BobtheBot369,"2026-09-29 23:56:01",0.954,11,bobthebot369
602,16457732,"Kita Renji","2026-09-26 07:48:34",0.954,19,champpattara
603,16667255,"Dmitriy Gerasimov","2026-09-29 12:40:46",0.954,72,dmitriygerasimov
604,16906937,"Haonan Zhou","2026-09-29 03:56:09",0.954,9,hatsuseizuna
605,16892960,"Sankalp Wanjari","2026-09-29 11:45:04",0.954,20,sankalpwanjari25
606,16879312,"Yusaku Muroya","2026-09-28 11:42:44",0.954,5,ymuroya47
607,16624018,Skynet,"2026-09-29 14:30:49",0.954,116,"ajmorrow,earmstea,jcrawf1077,jelliott86"
608,16924432,stochar,"2026-09-26 14:27:49",0.954,15,"bayerfe,quantforge12,spectior,stochar"
609,16898822,"Ivan Aleksandrov","2026-09-28 16:29:43",0.954,17,ivanblch
610,16772756,"Suzuki Taichi","2026-09-29 08:30:22",0.954,77,"suzukitaichi,yuitomurano"
611,16470344,"Alexander Dudin","2026-09-29 12:05:11",0.954,21,cyberecho
612,16594092,HumbleHumbert,"2026-09-29 08:48:23",0.954,253,humblehumbert
613,16506482,"인공저능연구소( Artificial Idiocy Lab )","2026-09-28 12:41:51",0.954,75,megayak
614,16933122,dynatrixa,"2026-09-26 05:30:29",0.954,13,"datacinder7,dynatrixa,veltronic"
615,16904031,YANGJINWU,"2026-09-29 00:13:12",0.954,43,yangjinwu
616,16747386,vinceybb,"2026-09-28 02:58:04",0.954,37,vinceybb
617,16714472,AlejandroAlvarez,"2026-09-29 07:59:16",0.954,13,theworm
618,16831070,mercury12512,"2026-09-29 10:23:46",0.954,20,mercury12512
619,16531182,STF,"2026-09-29 00:25:11",0.954,80,"demonbill,heranlang666,shaotongyu001"
620,16676329,Soham,"2026-09-24 16:33:10",0.954,9,soham308
621,16891354,"Ruslan Akhmetov","2026-09-28 21:24:44",0.954,5,ecolla999
622,16455492,"Yin Li","2026-09-29 01:33:51",0.954,31,kevin250304
623,16454342,"Sinan Calisir","2026-09-29 09:12:36",0.954,98,snnclsr
624,16488595,"Kamal Das","2026-09-29 07:44:17",0.954,23,kmldas
625,16458214,natsu,"2026-09-29 00:40:01",0.954,34,okamotonatsuo
626,16705824,"Xiyu Hao","2026-09-29 00:43:30",0.954,83,sheeyuh
627,16884592,richuanzhongzixing,"2026-09-29 10:07:22",0.954,15,richuanzhongzixing
628,16746165,carbonapi,"2026-09-29 17:02:00",0.954,8,nonempty
629,16559438,"Aaryan Agarwal","2026-09-29 14:48:58",0.954,20,aaryanagarwal
630,16728201,Latif,"2026-09-27 08:43:17",0.954,12,abdulatifmahgoub
631,16715977,Etcorn7797,"2026-09-29 16:31:17",0.954,44,"bruceche7797,dongyiqun,jyxxxx"
632,16664737,"kevin zhou","2026-09-28 18:44:29",0.954,11,kevinzhou66
633,16729173,Amaze-Rocky,"2026-09-26 17:48:55",0.954,24,smallikao
634,16606871,"Leonid Kozinkin","2026-09-29 17:32:17",0.954,25,leon7archer
635,16933072,Kuni05,"2026-09-29 03:43:23",0.954,3,kuni05
636,16705680,nianyu,"2026-09-29 02:40:38",0.954,15,nianyuc
637,16544501,"Hai Nguyen Thien","2026-09-29 13:14:17",0.954,84,"buphmquc,hainguyenthien"
638,16454682,"Hiểu Vy","2026-09-27 22:30:17",0.954,33,thangnm1
639,16453539,4418,"2026-09-29 11:25:36",0.954,175,"biohack44,merkiraz"
640,16792722,NP,"2026-09-27 14:16:38",0.954,31,nikolce
641,16681989,"Hirotaka Sugawara","2026-09-28 00:54:35",0.954,48,hirotakasugawara
642,16697757,"pls shake","2026-09-28 19:50:46",0.954,11,aataeboulette
643,16858809,"Takashi Yamada","2026-09-29 14:28:14",0.954,15,ymdtxi
644,16668198,Yusuraume,"2026-09-29 14:52:07",0.954,94,sugitatomohiko
645,16458905,"Jindong Fan","2026-09-28 18:27:49",0.954,30,sylvestervan
646,16862945,"Maksim Shekhunov","2026-09-29 11:21:33",0.954,7,shexunov
647,16453533,Boredom,"2026-09-29 12:48:08",0.954,24,cudacoding
648,16469112,"Erwin Erdem","2026-09-29 10:02:08",0.954,157,erwinerdem
649,16639783,"RJ Choco.py","2026-09-29 06:18:41",0.954,28,andnyu
650,16925739,Virexon,"2026-09-27 07:29:11",0.954,7,"spectrion5,synthexia,virexon,vorinaq"
651,16875702,Royboy,"2026-09-26 01:37:29",0.954,16,royboi1
652,16454260,"Avner Gomes","2026-09-29 09:43:29",0.954,190,avnergomes
653,16532323,curiousiam,"2026-09-29 11:57:16",0.954,91,curiousiam
654,16453746,"Santiago Maniches","2026-09-27 21:04:54",0.954,262,santmani
655,16541517,cp11122,"2026-09-29 08:45:48",0.954,29,cp11122
656,16600584,ちー,"2026-09-28 15:02:18",0.954,36,chiiiiii7474
657,16747924,"Matteo Tonello","2026-09-29 16:45:45",0.954,17,mtonello
658,16877455,"Mohamed el.harery","2026-09-28 05:05:43",0.954,33,mohamedelharery
659,16484013,"Tianrui WANG","2026-09-28 02:34:54",0.953,78,"boatlee,trwang2025"
660,16737680,Grankina,"2026-09-29 11:26:34",0.953,9,"grankinaolga,tatyanagrankina"
661,16941276,snappi,"2026-09-25 12:08:34",0.953,13,snappi
662,16843831,tsuzuk1,"2026-09-29 14:10:48",0.953,45,tsuzuk1
663,16484044,NoOneAhead,"2026-09-29 13:06:33",0.953,363,jerrlu
664,16633144,"Abderrahim Kabil","2026-09-28 13:54:50",0.953,3,kabilrh
665,16704643,"Yohanes Lengkong","2026-09-29 12:56:29",0.953,44,yohanesfc
666,16927940,"Ryota Kawamura","2026-09-29 04:36:54",0.953,38,ryotakawamura94
667,16702097,"Anh-Vu Mai-Nguyen","2026-09-29 08:19:06",0.953,82,mainguyenanhvu
668,16701015,Yahalom,"2026-09-29 12:15:43",0.953,31,yahalom
669,16690818,"Takauchi Suguru","2026-09-28 13:48:15",0.953,51,gurusut
670,16722307,"Magnus Makgasane","2026-09-28 23:05:24",0.953,33,magnusmakgasane
671,16472654,"Giovanni Marco Dall'Olio","2026-09-29 11:02:38",0.953,194,dalloliogm
672,16774064,Apa,"2026-09-29 09:09:06",0.953,118,yasso1
673,16507983,BostonKaggle,"2026-09-27 23:29:22",0.953,48,"isthereanycode,lynnkim0"
674,16730506,no_wonderr,"2026-09-26 16:08:28",0.953,33,"aaazjs,huanghongmingliyan,nowonderr,wangyubo1212"
675,16780071,Kousuke55,"2026-09-27 08:05:20",0.953,11,kousuke555
676,16925099,deeptrace12,"2026-09-29 10:05:50",0.953,8,"deeptrace12,je2wak,neonmatrix6,rdwan3"
677,16927534,Deenouement,"2026-09-28 14:13:48",0.953,8,"deenouement,eelixirr,efffervescent,ellegance"
678,16806153,hisatarosu,"2026-09-28 13:03:30",0.953,17,tomako4390
679,16454190,kglctf,"2026-09-29 15:43:32",0.953,159,kglctf
680,16507845,"yarden and yaeli","2026-09-29 19:28:14",0.953,156,yarneo
681,16879430,yefenfei,"2026-09-28 05:58:32",0.953,7,yefenfei
682,16564970,YEEE,"2026-09-28 09:26:37",0.953,36,"luckyappley,yemaoye"
683,16632959,xixi,"2026-09-24 04:41:16",0.953,3,huangcarry26
684,16823628,"Md Boktiar Mahbub Murad","2026-09-27 06:47:14",0.953,6,mbmmurad
685,16754467,alphago700,"2026-09-25 05:56:33",0.953,18,alphago700
686,16606438,"PHILL FEI","2026-09-27 06:14:04",0.953,30,phillfei
687,16784713,prairieee,"2026-09-29 00:47:02",0.953,21,"haideptry,prairieee"
688,16555254,生如夏花,"2026-09-24 08:07:32",0.953,21,"duoliya,linyeping,ychsun"
689,16808392,Dr_F,"2026-09-29 00:51:50",0.953,13,algebraictopology
690,16586040,panda__MB__maximus,"2026-09-24 05:47:57",0.953,7,tanishmohokar09
691,16718365,"Kunal Desale","2026-09-28 10:41:41",0.953,9,kunaldesale2408
692,16635485,"WeiJun Dou","2026-09-24 06:58:51",0.953,38,wayjunedou
693,16490846,"Ángel Jacinto Sánchez Ruiz","2026-09-25 17:53:42",0.953,9,sacuscreed
694,16510459,"cy zhang","2026-09-29 09:11:11",0.953,10,zcy20051117
695,16682037,"Satkar sarvankar","2026-09-24 07:41:40",0.953,9,satkar003
696,16483448,"Grigoryan Sergey","2026-09-26 14:45:29",0.953,58,hertryggr
697,16887305,lizs,"2026-09-26 16:09:10",0.953,7,chiila
698,16454641,Haraguchi-T,"2026-09-28 13:16:34",0.953,95,haraguchit
699,16531069,"Ishraq Tanvir","2026-09-24 10:34:02",0.953,16,ishraqtanvir
700,16455285,"MMKPC Studios","2026-09-24 10:42:10",0.953,21,matthewemitchell
701,16492619,tanadai,"2026-09-28 11:43:51",0.953,11,da0516
702,16464035,"Biel Escola Rodrigo","2026-09-24 18:04:23",0.953,58,"bielescolarodrigo,omarrgg"
703,16458914,"Code by Nadiia","2026-09-24 11:04:53",0.953,2,codebynadiia
704,16550699,cm391,"2026-09-29 11:33:16",0.953,22,mccocoful
705,16554977,kokinnwakashuu,"2026-09-27 12:21:32",0.953,66,kokinnwakashuu
706,16532991,"Mehmet Özer","2026-09-29 14:32:45",0.953,5,ozermehmet
707,16941670,"Thomas Tschinkel","2026-09-24 12:04:56",0.953,2,thomastschinkel
708,16827167,RDavin,"2026-09-26 12:51:31",0.953,13,rdavin
709,16486522,"K.THARUN KUMAR","2026-09-29 16:43:23",0.953,48,tharunkumar369
710,16923913,"Md Arafat","2026-09-29 14:56:04",0.953,23,arafat362
711,16462012,DataLover,"2026-09-24 13:43:05",0.953,5,paulknidler
712,16545609,Chloe,"2026-09-29 15:58:09",0.953,70,baytree1238
713,16925115,corelattice,"2026-09-25 04:04:42",0.953,10,"corelattice,darklumen,metashift2,tyrelon"
714,16465261,yukiZ,"2026-09-29 07:06:11",0.953,160,hideyukizushi
715,16816954,"Ömer Faruk Yüce","2026-09-26 09:17:37",0.953,31,merfarukyce
716,16797950,Aamod06,"2026-09-27 13:28:25",0.953,23,aamod06
717,16532701,Robson,"2026-09-24 15:04:48",0.953,18,robsonsan
718,16465231,spbforce,"2026-09-24 15:10:35",0.953,89,spbforce
719,16805468,KuziJA,"2026-09-29 00:02:45",0.953,66,kuzija
720,16456609,senkin13,"2026-09-29 11:17:33",0.953,2,senkin13
721,16823651,"Happy New Semester","2026-09-29 06:02:47",0.953,37,"allen0427,cracker88,eugeneyeung,grace7523"
722,16467005,"Hitoshi Saito","2026-09-28 10:40:12",0.953,41,hitoshisaito
723,16563906,"C R Suthikshn Kumar","2026-09-26 16:24:57",0.953,15,crsuthikshnkumar
724,16458756,"Cell-fish Gene","2026-09-26 17:33:33",0.953,35,nihilisticneuralnet
725,16724349,Aditya2909rb,"2026-09-27 07:25:16",0.953,30,aditya2909rb
726,16550333,"Amir & Bita","2026-09-25 19:05:20",0.953,134,"amirmhm,bitabarghi"
727,16845094,"Shadow #2","2026-09-26 08:35:42",0.953,19,shadowtt
728,16750525,ShoaibSSM,"2026-09-24 16:55:29",0.953,28,"naveenlx111249971939,shoaibssm"
729,16866615,ColorGram,"2026-09-28 17:43:27",0.953,18,"colorgram,hagiwarashigechika"
730,16460310,k.mas,"2026-09-26 07:58:26",0.953,13,kgethimas
731,16454581,LP,"2026-09-26 17:23:54",0.953,6,lihu6666
732,16675867,Cellebrities,"2026-09-28 16:34:22",0.953,210,"bluepill,churkinnikita,evgenshuben,levkayumov,phoenix0501"
733,16500077,"Heysem Ismail","2026-09-24 17:56:02",0.953,10,haitham82
734,16466176,"PIB ITBA","2026-09-24 17:59:25",0.953,40,"frantassara,tobiastar,victoriaat03"
735,16679719,"Vaibhav Gupta","2026-09-27 03:14:09",0.953,47,vaihero
736,16457193,"Leander Antony","2026-09-24 18:35:40",0.953,1,leanderantony30
737,16465317,"KUO JEN WEI","2026-09-24 18:49:41",0.953,7,kuojenwei
738,16456728,IDEA,"2026-09-25 17:56:30",0.953,125,"n10705013,vedrinjeliazkov"
739,16513678,MJVinay,"2026-09-28 18:45:16",0.953,127,mallajayanthvinay
740,16809402,DataRegressor,"2026-09-25 15:08:10",0.953,6,azzamradman
741,16725788,KentaTanaka,"2026-09-24 20:39:17",0.953,27,kentatanaka1data
742,16461871,xsong2020,"2026-09-27 07:41:41",0.953,37,xstargate
743,16518151,"Pratham Jain","2026-09-24 20:44:09",0.953,20,kindasomethin
744,16639070,"Defend Intelligence","2026-09-25 16:00:31",0.953,24,anisayari
745,16457066,"Anh Tuan Ha","2026-09-24 21:10:08",0.953,1,schw1eg0
746,16470577,"Mathieu W","2026-09-29 17:00:20",0.953,19,mathieuw
747,16927280,"Yassine Ben Zekri","2026-09-24 21:33:27",0.953,2,yassinebenzekri
748,16583118,Georgvm1,"2026-09-26 09:17:27",0.953,105,georgvm1
749,16553343,yoikoarmor,"2026-09-24 22:29:26",0.953,53,yoikoarmor
750,16921590,"Hanh Tran","2026-09-25 11:08:36",0.953,6,honghanhhh
751,16480227,AdamJonesJohnson,"2026-09-29 19:53:59",0.953,82,adamjonesjohnson
752,16894853,"Shunsuke Hayashi","2026-09-26 15:56:30",0.953,5,shunsukehayashi1993
753,16497966,"Takuto Inoue","2026-09-29 15:18:22",0.953,54,takutoinoue
754,16599326,DovyDigital,"2026-09-27 10:28:18",0.953,26,dovydigital
755,16456177,JerryMouse,"2026-09-29 12:59:45",0.953,35,lingxd
756,16914798,vlavlalva,"2026-09-25 09:44:47",0.953,11,cppcph
757,16616766,beeyan,"2026-09-25 01:37:04",0.953,11,beeyan0821
758,16457477,atom1231,"2026-09-25 01:40:50",0.953,21,atom1231
759,16455050,anngle,"2026-09-27 12:35:02",0.953,50,anngle
760,16462900,Blacklions.,"2026-09-26 06:49:57",0.953,17,blacklions
761,16919629,"Anton Nikonov","2026-09-25 02:41:28",0.953,3,antonnikonov
762,16500573,"Jiachen Li","2026-09-25 04:13:11",0.953,65,llccqq624
763,16731279,"Yoshihiko Suzuki","2026-09-29 01:06:24",0.953,33,yoshihikosuzuki
764,16802335,kojingbo,"2026-09-26 08:07:20",0.953,17,kojingbo
765,16488404,"Nuno Ferreira","2026-09-25 04:24:31",0.953,37,ngcferreira
766,16458655,"Aman Atar","2026-09-29 01:51:15",0.953,125,amanatar
767,16463235,rkd,"2026-09-25 06:11:35",0.953,28,ryookd
768,16492332,GUOHAOYANG,"2026-09-25 05:02:38",0.953,16,pkuszboi
769,16794592,"Ryosei Hara","2026-09-29 10:28:35",0.953,42,ryhara
770,16645225,Cluckin-VV,"2026-09-25 05:16:17",0.953,47,cluckinvv
771,16530415,NonCaffeine,"2026-09-25 05:28:50",0.953,23,noncaffeine
772,16473769,"Niranjan Nakkala","2026-09-26 02:58:53",0.953,4,niranjanmudhiraj
773,16671440,久保兼,"2026-09-29 01:24:21",0.953,15,"fumiya326,kuboken"
774,16591459,nike28,"2026-09-28 07:50:03",0.953,26,koheinagai
775,16716157,"Salem Ali","2026-09-25 07:03:12",0.953,9,salemali7
776,16573302,songling,"2026-09-28 02:33:49",0.953,10,oralia
777,16460016,neilan,"2026-09-29 18:01:51",0.953,87,abhijithneilabraham
778,16501847,"T Soo","2026-09-25 07:52:42",0.953,32,ttgrcgrc
779,16456936,"Kurian George","2026-09-29 07:56:20",0.953,31,kuriangeorge
780,16803478,"Andrey Baranov","2026-09-29 12:53:53",0.953,22,baranov
781,16485755,"Johnny Hyland","2026-09-25 08:28:00",0.953,1,johnnyhyland
782,16473761,"Raunak Dey","2026-09-25 09:09:07",0.953,4,raunakdey07
783,16493736,JackGong,"2026-09-29 14:40:28",0.953,12,jackgong
784,16808942,zaki_3,"2026-09-26 11:23:14",0.953,21,ojaoja
785,16924925,"math ceo","2026-09-26 18:55:09",0.953,10,"dzagcoffee,tsebaka"
786,16928305,kminsher,"2026-09-27 08:31:37",0.953,4,kminsher
787,16618159,"GURU Prasaatha S","2026-09-25 13:00:14",0.953,17,guruprasaathas111
788,16706813,PQlete,"2026-09-25 13:04:54",0.953,22,pqlete
789,16461462,Aphrodite,"2026-09-25 14:10:27",0.953,38,aphrodite874
790,16453404,"Pavel Pavlov","2026-09-25 13:14:27",0.953,23,akakii
791,16696890,yok,"2026-09-25 13:42:34",0.953,1,yokoinaba
792,16559096,stevenleehans,"2026-09-25 14:20:23",0.953,31,"hanifnoerrofiq,stevenleehans"
793,16722734,ykhnkf,"2026-09-29 14:14:25",0.953,9,ykhnkf
794,16806893,失忆的海_,"2026-09-26 07:04:20",0.953,27,shiyidehai
795,16467342,codelion,"2026-09-25 14:41:19",0.953,44,codelion
796,16889905,kerlgd,"2026-09-27 06:55:03",0.953,14,"kerlgd,kernlst92,laatentia,plasmoryx"
797,16789982,"Abu Kayyisah Basyid","2026-09-25 16:06:40",0.953,23,abukayyisahbasyid
798,16457277,"Charismatic Pizza Party🍕","2026-09-25 16:10:42",0.953,31,debugendless
799,16457336,"Octavi Grau","2026-09-27 16:40:47",0.953,29,octaviograu
800,16456001,Nf4d1l,"2026-09-25 18:18:43",0.953,10,nf4d1l
801,16500413,xaxipiruli,"2026-09-25 17:35:24",0.953,29,xaxipirulazo
802,16818639,zhangjh11123,"2026-09-29 05:50:22",0.953,5,zhangjh11123
803,16604265,"Bocen Li","2026-09-29 11:14:51",0.953,34,bocenli
804,16876889,MBHUB,"2026-09-28 12:14:34",0.953,4,manojmandal
805,16743133,"Eddy Despradel","2026-09-28 23:44:14",0.953,13,eddydespradel
806,16605133,StupidXie,"2026-09-25 20:16:04",0.953,25,stupidxie
807,16912434,Nyassy,"2026-09-27 20:29:02",0.953,12,ka4869
808,16482136,"Oliver Guanyang Wang","2026-09-25 21:30:18",0.953,10,oliverguanyangwang
809,16892913,"Yasuhiro Manai","2026-09-29 11:27:39",0.953,29,yasu01
810,16453787,"Marcus Vinicius","2026-09-26 00:30:05",0.953,13,marcux777
811,16644705,cracker_1_war,"2026-09-29 15:48:37",0.953,11,cracker1war
812,16467015,VanKoha,"2026-09-25 22:20:04",0.953,97,kohasama
813,16682919,"Hirujan Rangaraj","2026-09-27 12:05:25",0.953,10,hirujanrangaraj
814,16454827,"Seok, Jeongeum","2026-09-26 01:05:22",0.953,349,seokjeongeum
815,16925843,Piyorin,"2026-09-28 02:46:16",0.953,6,mystakhs
816,16670468,Shadowfishes,"2026-09-26 01:57:59",0.953,66,"boandme,ronitagarwal1,shauryasahdev2"
817,16606479,"Ali Alghaithi","2026-09-28 15:59:17",0.953,173,alioman
818,16811869,R.,"2026-09-26 00:57:59",0.953,3,weijiemiao
819,16548237,"Ikki Katsuyama","2026-09-26 01:03:26",0.953,6,kacchanwriting
820,16805572,"Noah Ingwers","2026-09-26 01:07:53",0.953,16,noahingwers
821,16759974,"Dread Development","2026-09-26 20:02:28",0.953,36,"dreaddevelopment,seanornberg"
822,16924403,Matterhorn3838,"2026-09-27 04:17:50",0.953,5,matterhorn3838
823,16672667,"Takahiro Saito","2026-09-29 12:21:40",0.953,152,takahiro3110
824,16928462,lixiaoxin25,"2026-09-26 01:57:18",0.953,5,lixiaoxin25
825,16585597,Sophie555,"2026-09-29 14:40:20",0.953,49,sophie555
826,16938896,yamazaking,"2026-09-26 02:55:14",0.953,2,zacky21
827,16456120,SC,"2026-09-29 14:52:49",0.953,30,ryosketchbook2007
828,16453975,"Congcong Bi","2026-09-27 23:09:16",0.953,22,congcongbi
829,16888600,KTAcosmo,"2026-09-27 03:28:34",0.953,10,ktacosmo2kag
830,16926054,codezzzsleep,"2026-09-29 01:39:17",0.953,12,codezzzsleep
831,16907622,God111,"2026-09-26 09:28:54",0.953,6,god111
832,16465964,khj1222,"2026-09-26 04:55:25",0.953,65,khj1222
833,16717777,"Kento Okumura","2026-09-29 12:23:04",0.953,14,kentookumura
834,16513545,"Abhi Datta","2026-09-28 09:09:40",0.953,40,abhidatta87
835,16665175,Loren-wen,"2026-09-26 05:43:40",0.953,9,wofusituerte
836,16671430,fsodogandji,"2026-09-29 01:42:13",0.953,8,fabsod
837,16642462,Skyspace,"2026-09-27 06:31:37",0.953,43,empireblue
838,16613009,"Sudhanshu Bhardwaj","2026-09-26 06:34:01",0.953,50,princecoder
839,16460337,"Patrick Chan","2026-09-26 06:38:52",0.953,24,drpatrickchan
840,16610783,Kudo,"2026-09-27 11:19:29",0.953,22,nguyenchicuong
841,16730458,Ketatama,"2026-09-29 23:42:28",0.953,11,ketatama
842,16466288,Jules,"2026-09-26 07:14:49",0.953,7,julesvanligtenberg
843,16454257,"Maher el Ouahabi","2026-09-28 06:36:03",0.953,41,maherelouahabi
844,16515699,"Team Flash","2026-09-26 08:19:21",0.953,44,ctfxiao
845,16454442,"Liang Wan Yiu David ","2026-09-26 08:41:38",0.953,10,liangwanyiudavid
846,16742348,"AMANI DD","2026-09-26 19:51:21",0.953,3,dkonan
847,16911858,Lixrixy,"2026-09-26 09:26:50",0.953,4,lixrixy
848,16898213,"Gurkirat Singh","2026-09-26 09:33:16",0.953,2,gurkirat201005
849,16600822,"Yang Kuang Ou","2026-09-26 10:42:47",0.953,23,yangkuangou
850,16809458,Pang1101,"2026-09-29 14:05:48",0.953,23,pang1101
851,16460299,X.franfran.X,"2026-09-29 09:57:43",0.953,89,kossifranois
852,16748413,"Nimish Shinde","2026-09-27 07:55:42",0.953,4,nimishshinde
853,16922356,"Asy Mortenson","2026-09-26 12:41:42",0.953,11,asymortenson
854,16922957,"Aditya Goyal","2026-09-26 20:10:10",0.953,9,synthreaper
855,16614950,"Youssef Yacoup","2026-09-26 12:56:35",0.953,4,youssefyacoup
856,16849777,"Juan Leiva","2026-09-26 13:06:27",0.953,13,juank333
857,16635609,Radiohead28,"2026-09-28 13:34:55",0.953,14,radiohead28
858,16637004,"Apex Blue","2026-09-27 16:12:05",0.953,45,"apexblue,dharanieesh"
859,16500778,"chocolate disco","2026-09-26 13:53:59",0.953,16,"marynaborovska,yuriygreben"
860,16484138,"Hide on bush","2026-09-29 09:02:51",0.953,256,playwithme
861,16477832,Rafael,"2026-09-29 04:49:49",0.953,26,rafaeldsjhkas
862,16823784,kihiro,"2026-09-26 14:12:26",0.953,18,kihiro
863,16565889,renta.k,"2026-09-26 15:47:48",0.953,17,renta0426
864,16554612,Ernie,"2026-09-26 15:52:49",0.953,30,ernie55ernie
865,16806860,"Taewoong Kim","2026-09-29 12:59:58",0.953,49,aleaiest
866,16457207,"Van-Phuc Huynh","2026-09-26 16:43:25",0.953,28,hvanphucs112
867,16606079,"Dhruv Bansal","2026-09-26 17:19:58",0.953,3,dhruvb2028
868,16655019,shash,"2026-09-26 17:37:28",0.953,3,zshashz
869,16457792,StephenNedumpally,"2026-09-26 17:59:00",0.953,55,stephennedumpally
870,16612306,"Mollah Hamza","2026-09-28 05:08:48",0.953,15,mollahhamza
871,16932415,"Evgeny Bratkovsky","2026-09-28 17:16:40",0.953,8,bratkovskyevgeny
872,16882124,Dazai_is_not_here,"2026-09-26 19:17:42",0.953,7,minmattral
873,16871969,UmutUygurr,"2026-09-26 19:28:14",0.953,4,umuttuygurr
874,16742216,"melih Bektaş","2026-09-29 04:07:59",0.953,3,melihbekta
875,16487305,"Ali #2","2026-09-26 20:23:04",0.953,6,asalhi
876,16652448,karnezz,"2026-09-28 04:19:10",0.953,4,danischaparov
877,16796093,"Oleg Smirnov","2026-09-28 08:15:08",0.953,12,smirnolegov
878,16454574,today,"2026-09-26 23:22:04",0.953,53,today55
879,16941983,"Kurokawa #2","2026-09-28 06:29:41",0.953,10,hiroshikurokawa
880,16491723,"Tommy Deth","2026-09-27 00:27:07",0.953,7,tommydeth
881,16454048,Chikuwabu,"2026-09-28 00:21:50",0.953,12,prgckwb
882,16616837,JinchengZhang1,"2026-09-29 02:09:55",0.953,13,jinchengzhang1
883,16878510,unreal,"2026-09-27 07:20:21",0.953,4,gauravgs1007
884,16730730,"Le Trong Hieu","2026-09-27 02:34:45",0.953,127,backtracking
885,16466184,"Benedek Brandschott","2026-09-29 05:04:12",0.953,12,benedekbrandschott
886,16457265,"AL Najafi","2026-09-29 00:01:12",0.953,120,"alnajafi,annicenajafi"
887,16462331,"Subin An","2026-09-29 04:54:29",0.953,147,subinium
888,16569092,Micadee_Shafi,"2026-09-29 05:02:06",0.953,19,"adegladius,shafiullahmiakhil"
889,16499272,"Affriza Wildan Fauzan","2026-09-27 04:15:05",0.953,17,affrizawildanfauzan
890,16661912,sam_the_rice_cake,"2026-09-27 04:26:16",0.953,39,"sylsylsylsylvia,wliilamsam"
891,16784241,"Nav N","2026-09-29 16:17:39",0.953,60,navidata
892,16505794,Devs01,"2026-09-29 19:50:15",0.953,125,devs01
893,16541923,"Prashant Kikani","2026-09-27 05:58:58",0.953,3,prashantkikani
894,16457751,"GAURAV PARKHEDKAR","2026-09-27 07:32:29",0.953,25,gauravparkhedkar
895,16927483,eigeness9,"2026-09-27 07:48:28",0.953,8,"eigeness9,postrflux,reciprocityj,zenoflux77"
896,16455826,"Rishikesh Jani","2026-09-27 07:50:40",0.953,23,rishikeshjani
897,16807936,"Muhammad Umar Bilal","2026-09-29 13:18:02",0.953,17,muhammadumarbilal
898,16852267,alphayuan,"2026-09-27 08:10:07",0.953,13,alphayuan
899,16464002,"Tamerlan Omralinov","2026-09-27 09:38:51",0.953,40,tamerlanomralinov
900,16724789,fishcat,"2026-09-27 08:38:56",0.953,12,fishcat37
901,16889591,caintly,"2026-09-27 10:40:10",0.953,7,eyesad
902,16487815,"Tatiana Malygina","2026-09-27 11:00:27",0.953,7,latticetower
903,16852717,shallweiwei,"2026-09-27 13:52:48",0.953,31,shallweiwei
904,16806010,dairatom,"2026-09-29 05:11:15",0.953,7,dairatom
905,16572388,"Tasniem N. Alyahya","2026-09-27 23:31:44",0.953,43,tasniemnasser
906,16910524,"Dale Zhong","2026-09-29 08:56:11",0.953,42,dalezhong
907,16509727,"Gunjan Haldar","2026-09-29 07:03:28",0.953,23,gunhcolab
908,16562992,lihaha.36,"2026-09-29 05:51:49",0.953,15,lihaha36
909,16850627,つるげーねふ,"2026-09-28 15:03:12",0.953,9,atom7666
910,16457431,"Moroz Roman","2026-09-27 13:07:08",0.953,3,crissyro
911,16593001,"PARAG VIJAY PAWAR","2026-09-28 14:56:26",0.953,11,paragpawar2008
912,16482068,暗黑AGI,"2026-09-28 00:43:08",0.953,115,boristown
913,16831918,"The Big Hub","2026-09-29 03:21:10",0.953,29,"akamasterpiece,gianghiango,paramizodicrominique"
914,16616700,"Alejandro Rendon B.","2026-09-27 14:05:35",0.953,28,alejandrorendonblan
915,16516062,tomo11111,"2026-09-27 14:18:18",0.953,34,tomo11111
916,16802573,YuanKing77,"2026-09-27 16:16:37",0.953,18,yuanking77
917,16475828,"Bo Peng","2026-09-27 15:11:32",0.953,4,bopengiowa
918,16461330,"my G1","2026-09-29 08:11:25",0.953,24,sakshigoel15
919,16468233,techies,"2026-09-27 15:39:10",0.953,5,debannadas
920,16669296,kiyomiya-k,"2026-09-28 17:42:30",0.953,59,kiyomiyak
921,16784054,"Arseniy Shutko","2026-09-27 15:57:07",0.953,7,arseniyshutko
922,16793829,"Qamar usman","2026-09-29 12:49:05",0.953,79,qamarmath
923,16488161,"Ben Spectrcyde Gilbert","2026-09-27 16:43:45",0.953,3,benspectrcydegilbert
924,16599554,"Malyshev Danil","2026-09-27 16:46:09",0.953,9,malyshevdanil
925,16601533,Nat00,"2026-09-27 17:39:16",0.953,22,"adriaft,natliablascoandreo"
926,16709791,ysd1110,"2026-09-29 13:50:19",0.953,90,ysd1110
927,16669281,"shoryakumar mishra","2026-09-29 15:38:55",0.953,26,shoryakumarmishra
928,16458711,Cacinie,"2026-09-28 08:39:44",0.953,35,cacinie
929,16623002,"kavaua ","2026-09-29 19:43:45",0.953,17,kavaua
930,16535609,vdthcmus123,"2026-09-27 20:09:25",0.953,99,envyy23120093
931,16831426,"Pedro Pino2001","2026-09-29 09:11:13",0.953,11,pedropino2001
932,16483781,"Kumar Abhijeet","2026-09-27 20:31:29",0.953,13,krabhijeet
933,16453563,"Arpit and Shawn","2026-09-28 16:08:35",0.953,12,arpitramani
934,16934697,"Abdul Hameed","2026-09-29 13:00:09",0.953,8,ahameed01
935,16496070,"Shigeru Kondou","2026-09-27 21:30:14",0.953,20,shigerukondou
936,16457348,"Maxim Ilyin","2026-09-27 21:38:16",0.953,9,fautei
937,16605753,"Anton Kartavtsev","2026-09-28 22:14:18",0.953,30,antonkartavtsev
938,16680316,Corgi-Samoyed,"2026-09-28 00:41:24",0.953,18,corgisamoyed
939,16587278,"Giwrgos Savvidhs","2026-09-28 00:13:55",0.953,7,gsavvidhs
940,16462872,"Jeki Wan Taufik","2026-09-28 00:24:35",0.953,31,jek1wantaufik
941,16576900,"Saim Sultan","2026-09-28 23:49:30",0.953,128,saimsultan
942,16455506,史永刚,"2026-09-28 03:04:02",0.953,9,shizehao
943,16463416,wasabi777,"2026-09-28 03:44:09",0.953,21,wasabi777
944,16613044,noynkmr,"2026-09-29 10:33:28",0.953,6,noynkmr
945,16634729,kif,"2026-09-29 11:10:19",0.953,15,echigobran
946,16738112,"Sanjeet Bakshi ","2026-09-29 06:23:31",0.953,22,sanjeetbakshi
947,16690452,tangaii,"2026-09-29 05:03:05",0.953,104,tangai1
948,16513676,Malla,"2026-09-28 18:46:13",0.953,105,mallaphalguni
949,16459927,Munshi-PremChand,"2026-09-29 10:31:02",0.953,5,munshipremchand
950,16842288,c_fxy,"2026-09-28 08:30:09",0.953,10,cfxyai
951,16762554,Sun,"2026-09-29 00:40:05",0.953,18,defdsax
952,16543953,🐱Kitten,"2026-09-29 04:36:28",0.953,18,cicimeow
953,16906426,"Adhiraj Jagtap","2026-09-29 09:28:37",0.953,12,adhirajjagtap
954,16842809,"Evan #2","2026-09-28 15:39:09",0.953,18,evansussex
955,16455639,DePie,"2026-09-28 10:00:21",0.953,7,phucthaiv02
956,16702653,"Shankha Suvro Mullick","2026-09-29 11:06:12",0.953,13,shankhasuvromullick
957,16458467,"German Mora Martin","2026-09-28 10:29:04",0.953,25,germanmoramartin
958,16739637,JaZzZy,"2026-09-29 13:03:20",0.953,10,jazzzy
959,16583542,"อธิคม หวังเจริญวงศ์","2026-09-29 09:58:33",0.953,41,newwang12
960,16885469,static,"2026-09-28 11:48:57",0.953,5,huangshunhao
961,16870305,t07_noma,"2026-09-28 12:04:27",0.953,6,t07noma
962,16942382,A1exanderSm1th,"2026-09-28 12:17:00",0.953,2,"a1exandersm1th,ame11adav1s,benw11s0n,char10ttebr0wn,w1111amtay10r"
963,16942499,MatthewWa1ker,"2026-09-28 12:20:35",0.953,2,"matthewwa1ker,o11v1aha11"
964,16623553,tony,"2026-09-28 12:40:44",0.953,7,yuanyuan98
965,16937625,"Biota Laut","2026-09-29 16:27:54",0.953,2,fathurachmadhanafi
966,16465145,"Aryan Badmera","2026-09-28 13:45:39",0.953,57,"eggsysy,madhavdogra,shrutmude123"
967,16929921,Shaun2024,"2026-09-28 14:31:51",0.953,3,shaun2024
968,16676436,MT,"2026-09-28 14:44:20",0.953,32,mtinti
969,16462112,Boltuzamaki,"2026-09-28 14:52:26",0.953,10,boltuzamaki
970,16617406,waticson,"2026-09-28 14:58:07",0.953,18,yutodennou
971,16458115,"Vicens Gaitan","2026-09-28 14:59:38",0.953,30,vicensgaitan
972,16892265,Leo,"2026-09-28 15:05:40",0.953,5,leo123321
973,16461433,vladee,"2026-09-28 15:13:00",0.953,47,vladee
974,16786258,nal_nh906,"2026-09-28 15:18:34",0.953,2,hhan09
975,16807764,Niclo,"2026-09-29 13:27:09",0.953,14,midcarryhz
976,16919355,"PRASHANT SHUKLA91","2026-09-28 16:07:14",0.953,6,prashantshukla91
977,16867622,tatt:)ch,"2026-09-29 13:22:50",0.953,32,"awewrasdffetfe,cjcjshvivkx,tattch,yjy10086"
978,16587776,FlameZywoo,"2026-09-28 20:40:08",0.953,11,zgdllt
979,16534138,charlotte,"2026-09-28 17:07:27",0.953,107,"aurax7,coolinlai,haosky1,yajuansheng,zongzishuang"
980,16455295,"Na Ve Ba","2026-09-29 11:23:22",0.953,7,naveenvenubagadi
981,16615714,"Makar Baderko","2026-09-28 19:55:37",0.953,2,makarbaderko
982,16776921,PengQiu,"2026-09-28 20:17:55",0.953,17,pengqiu
983,16591246,harrywhalen,"2026-09-29 04:35:37",0.953,7,harrywhalen
984,16898137,AIZOYA,"2026-09-29 00:23:08",0.953,4,aizoya
985,16739936,"Nat Bel ML Fun","2026-09-28 22:51:51",0.953,7,natbel4ml
986,16927967,"Artem Boltaev","2026-09-29 00:10:58",0.953,2,artemboltaev
987,16455286,Kiki,"2026-09-29 05:32:55",0.953,35,rouiou
988,16810150,"Daiki Yasui","2026-09-29 02:35:28",0.953,10,daikiyasui
989,16455714,"Reilly Koren","2026-09-29 15:46:35",0.953,20,rkoren
990,16457742,"jash surendra","2026-09-29 02:13:49",0.953,13,jashsurendra
991,16456317,"sixer srinath","2026-09-29 16:52:58",0.953,95,srinath2495
992,16462837,"Steve Watson","2026-09-29 03:47:12",0.953,66,stevewatson999
993,16477921,kinjazA,"2026-09-29 03:21:18",0.953,6,"kinjaza,shawnno"
994,16462625,"Matt graham","2026-09-29 03:24:56",0.953,7,mooseml
995,16757989,那个男人,"2026-09-29 18:09:37",0.953,6,muran169633
996,16554823,"Efe Gür","2026-09-29 13:29:08",0.953,9,efegur974
997,16514610,ねむすぎる,"2026-09-29 11:35:39",0.953,28,"kusurizuke,pepushi,tomokiaki"
998,16483024,DanilAbdullin,"2026-09-29 04:20:17",0.953,18,danilabdullin
999,16463351,"Muthuraman Raman 7","2026-09-29 04:39:14",0.953,36,muthuramanraman7
1000,16767710,"Mike Anderson","2026-09-29 14:55:33",0.953,31,manderson240
1001,16545058,"Koki _1231","2026-09-29 04:46:00",0.953,5,koki1231
1002,16741808,Goripon555,"2026-09-29 14:12:57",0.953,11,goripon555
1003,16705198,Bio-Warriors,"2026-09-29 13:53:11",0.953,63,"yunkuns,zzzhhh666nb"
1004,16471136,maxout,"2026-09-29 05:04:49",0.953,33,"aadijoshi19,kavyabhand,manavsharma2707,tanvesh18"
1005,16882040,"Thomas Deng","2026-09-29 05:15:11",0.953,6,tdeng24
1006,16939092,"Yuta #2","2026-09-29 09:08:08",0.953,3,yutaecon
1007,16463299,VK,"2026-09-29 05:54:26",0.953,2,venkatkumar001
1008,16936671,MilkaDVP,"2026-09-29 12:14:33",0.953,3,gerbertradmirovich
1009,16587664,"Sai Teja Bandaru","2026-09-29 06:29:05",0.953,39,"chikonzeroselemani,saitejabandaruin"
1010,16537185,Jensen_01,"2026-09-29 06:52:46",0.953,8,jensen01
1011,16916858,"Maksym Bilychenko","2026-09-29 07:00:30",0.953,3,mbilichenko
1012,16932054,naviniklag,"2026-09-29 11:32:28",0.953,6,"betmyex,doifgoox,garifullintimur,naviniklag"
1013,16689026,"Dhayaney Vijayan","2026-09-29 07:16:25",0.953,9,dhayaneyvijayan
1014,16715706,"Seungjun Lee","2026-09-29 07:26:14",0.953,2,seungjunleeofficial
1015,16531237,yoshi52,"2026-09-29 07:34:42",0.953,25,yoshihitogoto
1016,16453960,"Meenal Sinha","2026-09-29 09:57:37",0.953,6,meenalsinha
1017,16682438,"Bill Fan","2026-09-29 08:00:51",0.953,24,billfan88
1018,16462088,"medkhalil hawachi","2026-09-29 08:13:51",0.953,2,medkhalilhawachi
1019,16719517,Ryutogrrr,"2026-09-29 08:29:10",0.953,11,ryutogrrr
1020,16942498,"Victoria Karpukhina","2026-09-29 09:02:27",0.953,18,vikileina
1021,16846527,muelsyse111,"2026-09-29 09:03:55",0.953,14,muelsyse111
1022,16666782,"Vaibhav Patel","2026-09-29 09:15:25",0.953,17,vaibhavpatel
1023,16884587,"Daiki Takahashi","2026-09-29 10:05:10",0.953,2,daikitakahashi
1024,16457368,Zenpai1977,"2026-09-29 10:17:03",0.953,90,"ankitbhandari1,dhairyapandya24,zenpai1977"
1025,16458165,明天,"2026-09-29 10:31:45",0.953,2,wpixiu
1026,16859109,永不复焉,"2026-09-29 15:00:54",0.953,10,legeia
1027,16455435,"Wander waal","2026-09-29 10:57:32",0.953,37,"mohammedm0iz,wanderwaal"
1028,16906957,"HY ISHI","2026-09-29 16:04:22",0.953,14,hyugaishioka
1029,16822005,shiokoh,"2026-09-29 11:22:49",0.953,2,shiokoh
1030,16485118,"Dimitar Terziev","2026-09-29 14:43:53",0.953,94,dimiturnt
1031,16941115,Firdannn,"2026-09-29 11:46:57",0.953,4,firdannn
1032,16483192,"Amitesh Chaudhary","2026-09-29 12:17:06",0.953,4,amiteshchaudhary
1033,16797612,thwaitsusa2,"2026-09-29 13:33:08",0.953,25,thwaitsusa2
1034,16610422,"Rayk Kretzschmar","2026-09-29 13:13:53",0.953,42,raykkretzschmar
1035,16556867,"Alejandro Lavandeira Casais","2026-09-29 15:30:13",0.953,7,alejandrolavandeira
1036,16455646,三天,"2026-09-29 13:27:07",0.953,27,gggggggxy
1037,16561459,"nailong king","2026-09-29 15:44:41",0.953,14,rongkaibao
1038,16472504,Avengers,"2026-09-29 13:50:00",0.953,37,"jordanjin,namauu,wadakoki,yamatanoorochi"
1039,16794367,markastra,"2026-09-29 13:52:54",0.953,18,markastra
1040,16790825,"Hoa Đỗ","2026-09-29 15:20:06",0.953,1,hoadodat
1041,16921379,Kuriboh,"2026-09-29 15:45:37",0.953,3,cauchyeix
1042,16460556,"Anhad Mahajan","2026-09-29 15:54:19",0.953,56,anhadmahajan06
1043,16700863,"Sridhar Shivashankar","2026-09-29 16:00:07",0.953,10,"samarthmishra208,sridharshivashankar"
1044,16539798,"Marcus Enochs","2026-09-29 16:16:31",0.953,9,marcuseno
1045,16461683,"(ノ◡ <)","2026-09-29 20:22:56",0.953,10,nawfeelrahman1124444
1046,16493304,"Vignesh Nehru","2026-09-29 16:49:44",0.953,53,vigneshnehru
1047,16806837,rutilo,"2026-09-29 17:07:28",0.953,54,rutilo
1048,16625083,DHKim0324,"2026-09-29 14:25:46",0.953,78,dhkim0324
1049,16752056,"hang zhao666","2026-09-26 10:27:29",0.953,14,hangzhao666
1050,16556920,62326368,"2026-09-29 10:18:08",0.953,61,mooniim
1051,16857821,hubhub,"2026-09-29 09:20:30",0.953,43,hcngnga
1052,16896300,Bungalow0,"2026-09-26 03:52:44",0.953,4,"achatoyant,bungalow0,demuure"
1053,16535220,"Wang Yibin","2026-09-27 02:56:14",0.953,25,wklyb1
1054,16927432,SeEquoia,"2026-09-27 07:06:48",0.953,4,"glaccier,m3onsoon,seequoia,typhooon"
1055,16508104,"sixue yang","2026-09-28 09:05:12",0.953,163,"guojie66,sixueyang,xildeg,yaoyangmeng"
1056,16652679,Raijin,"2026-09-27 09:05:25",0.953,16,vencerlanz09
1057,16507620,"Sirui Zeng","2026-09-29 08:01:06",0.953,45,siruizeng
1058,16741523,meiyoun,"2026-09-29 02:24:11",0.953,3,meiyoun
1059,16513677,DhanaLakshmiMalla,"2026-09-28 18:46:40",0.953,77,dhanalakshmimalla
1060,16839387,kyoto-bt,"2026-09-29 03:01:50",0.953,10,kyotobt
1061,16918347,maoxin123,"2026-09-29 08:26:29",0.953,21,maoxin123
1062,16696904,Makotu,"2026-09-29 17:23:04",0.953,115,mhyodo
1063,16655599,Ming68,"2026-09-29 08:03:03",0.953,24,ming68
1064,16938208,Amaan,"2026-09-27 22:19:31",0.953,5,rainmaker29
1065,16533889,keitarokawada,"2026-09-29 04:00:06",0.953,63,keitarokawada
1066,16932390,"Mark #2","2026-09-22 02:07:15",0.953,3,markstammler
1067,16884474,aleksandr3312,"2026-09-29 16:27:59",0.953,51,gapchenko
1068,16453676,vladikmegakid,"2026-09-29 11:08:31",0.953,91,"kehhill,niellari,vladikmegakid"
1069,16605065,"Lê Quang Cảnh","2026-09-20 22:52:33",0.952,63,zhincez
1070,16587656,suhreenuh,"2026-09-29 08:39:54",0.952,21,serenaliu12
1071,16860520,"Marc Maldonado Lorca","2026-09-29 08:32:28",0.952,23,marcmaldonado
1072,16644688,"Takuya Nagata","2026-09-29 07:10:28",0.952,59,naggty
1073,16675099,"Oleg Panichev","2026-09-26 22:22:50",0.952,130,opanichev
1074,16926713,"Abdur Rahim","2026-09-29 03:19:56",0.952,38,rahim3
1075,16892542,"Dank Axon","2026-09-15 16:44:45",0.952,3,dankaxon
1076,16732228,"Hongxin Su","2026-09-27 02:20:14",0.952,15,hongxinsu
1077,16454333,aaa,"2026-09-15 17:05:51",0.952,25,liuyuq
1078,16710390,SZ_00_zyz,"2026-09-29 03:19:40",0.952,63,sz00zyz
1079,16497562,"Matthew Huang","2026-09-12 20:09:25",0.952,21,matthewwh
1080,16457247,"Timmy Juicehouse","2026-09-29 11:56:28",0.952,166,sweetyheehee
1081,16771195,chris,"2026-09-29 16:08:38",0.952,58,chris62
1082,16925704,darkphase11,"2026-09-26 06:13:53",0.952,3,"corephase,darkphase11,metacraftt,neurofieldd"
1083,16845565,TonF,"2026-09-29 11:06:12",0.952,27,tonf3195
1084,16854724,kostopr4v,"2026-09-29 14:55:27",0.952,33,kostopr4v
1085,16891045,CCChikuwa,"2026-09-16 03:07:08",0.951,4,ccchikuwa
1086,16459339,"Kzk Knmt","2026-09-29 16:15:51",0.951,21,kzkknmt
1087,16453560,"Krizsó Gergely","2026-09-29 10:55:10",0.951,40,lucifer19
1088,16858883,"Nancy Adhiambo","2026-09-28 13:07:43",0.951,3,nancyadhiambo
1089,16609740,"Tim Krige","2026-09-24 04:22:53",0.951,42,timkrige
1090,16505760,"DONG YIXUAN239","2026-09-24 17:56:54",0.951,47,dongyixuan239
1091,16877715,"Nicholas Chan","2026-09-27 04:02:16",0.951,18,nicholaschan44
1092,16645752,ZEE,"2026-09-29 16:16:03",0.951,12,randyzhang666
1093,16669788,"zhangzhuang li","2026-09-29 03:06:03",0.951,32,zhangzhuangli
1094,16791306,woldy,"2026-09-26 03:49:02",0.951,28,woldywei
1095,16791650,Tom&Jerry,"2026-09-19 02:06:10",0.950,49,tomjerry101
1096,16697427,"Kea Kohv","2026-09-29 16:21:16",0.950,17,keakohv
1097,16906332,zoro9292,"2026-09-29 09:45:40",0.950,34,"mouhamadoudioufcisse,zoro9292"
1098,16707238,Yurinchi,"2026-09-29 13:21:40",0.950,71,plandic
1099,16744532,"Jun AKita","2026-09-14 20:02:13",0.950,13,junakita
1100,16864798,"Ashutosh Pal1","2026-09-28 12:56:24",0.950,16,ashutoshpal1
1101,16506749,"От обезьяны к LLM","2026-09-28 11:16:00",0.950,73,ilia128
1102,16831917,cybergeek,"2026-09-21 15:27:39",0.950,19,godzhao
1103,16581359,"Ghazaros Barseghyan","2026-09-28 11:55:05",0.950,95,ghazarosbarseghyan91
1104,16539147,atrei_des,"2026-09-21 07:56:06",0.949,96,dmitrygertsovsky
1105,16802678,Haily_mary,"2026-09-28 01:14:17",0.949,56,hailymary
1106,16718685,yesterdays_rebel,"2026-09-14 16:49:55",0.949,9,irfanparaniya
1107,16713798,tamryow,"2026-09-29 10:23:50",0.949,153,tamryow
1108,16609245,liyansen,"2026-09-29 01:50:34",0.949,173,"ddsleep,liyansen"
1109,16737435,"Vaibhav Nakrani","2026-09-28 08:47:58",0.949,23,vaibhavnakrani
1110,16806007,Kifine,"2026-09-29 05:03:54",0.949,49,liaoyingxi
1111,16491499,AyPy,"2026-09-29 15:42:48",0.949,90,aypyaypy
1112,16832069,"Sohei Arisaka","2026-09-29 14:28:35",0.949,13,soheiarisaka
1113,16744216,Samuel,"2026-09-29 23:55:12",0.949,45,samuelx1a
1114,16473819,iota,"2026-09-20 15:18:11",0.949,3,"eeiicse,indragehlot"
1115,16484483,horaz0,"2026-09-29 10:00:04",0.949,174,horaz0
1116,16453693,"Pilkwang Kim","2026-09-16 11:09:57",0.949,175,pilkwang
1117,16592007,AlLia,"2026-09-29 17:28:00",0.949,128,"alicespall,soporta"
1118,16538404,aaaa1597,"2026-09-29 15:21:18",0.949,63,aaaa1597
1119,16786410,"Ghazaros Ghazaros","2026-09-28 06:12:46",0.949,27,ghazarosghazaros
1120,16789498,tanbo,"2026-09-29 17:43:19",0.949,10,ikaku24
1121,16576359,weke,"2026-09-29 17:43:30",0.948,23,cjpal18
1122,16943170,"jananika senthilkumar","2026-09-28 18:00:29",0.948,5,"jananikasenthilkumar,ssjaswanth"
1123,16906181,"SHALU KUMARI","2026-09-29 07:42:50",0.948,80,"adityaraj0612,shalukumari456"
1124,16847219,"David Fridshtand","2026-09-26 10:11:45",0.948,14,davidfridshtand
1125,16541144,Cexesti,"2026-09-14 07:26:17",0.948,62,cexesti
1126,16544805,"Cellular Mind","2026-09-11 19:16:15",0.948,26,houjinghuang
1127,16573219,Agon,"2026-09-18 11:53:41",0.948,176,"chugangyi,sunyouran,xinpeng1998"
1128,16792666,Pjchauhan,"2026-09-28 11:38:09",0.948,12,pjchauhan
1129,16814682,"Tian Wang","2026-09-29 12:39:54",0.948,38,"serven1,tianwang1210"
1130,16562861,"Leo Yang","2026-09-24 02:52:39",0.948,84,yxyyxy
1131,16583583,"Sushanth Tiruvaipati","2026-09-25 05:31:18",0.948,155,sushanthtiruvaipati
1132,16766947,"Petr Popov","2026-09-23 12:03:37",0.948,16,"bogdanyashchenko,ppaa23"
1133,16508227,Nailong,"2026-09-27 14:51:33",0.948,32,"maifoquya,sitianchen3,wentaozang"
1134,16790295,wanhty,"2026-09-22 09:19:29",0.948,12,wanhty
1135,16897668,lojhhggg,"2026-09-22 12:31:50",0.948,14,lojhhggg
1136,16618557,"forever young","2026-09-28 09:41:40",0.948,185,keisukeyokota0428
1137,16462296,"TomTom >= 2023","2026-09-29 09:58:46",0.948,168,tomtomfrom2023
1138,16483700,"Mansour A. S. Ataa","2026-09-27 00:21:02",0.948,82,profmansoor
1139,16607344,"Masaya Kawamata","2026-09-28 15:34:28",0.948,18,masayakawamata
1140,16576076,"Amin Ayub","2026-09-21 14:01:21",0.948,3,aminayub
1141,16455919,Mercury,"2026-09-22 13:05:33",0.948,7,hyndavimovva
1142,16600517,"Raviksh Singh Dikola","2026-09-22 03:54:23",0.948,16,ravikshdikola
1143,16507173,"Dmitry Kozlov","2026-09-22 15:10:12",0.948,2,dkozlov
1144,16936651,"Sankalp Nagineni","2026-09-22 16:35:58",0.948,3,sankalpnagineni
1145,16765268,oakzen,"2026-09-22 20:06:19",0.948,53,gyx517120273
1146,16467797,renji_starfall,"2026-09-22 23:07:41",0.948,56,degnonguidi
1147,16585827,"Eric Han Wang","2026-09-23 02:41:57",0.948,63,ericwang03
1148,16601810,"BioInfo Huang","2026-09-28 18:48:25",0.948,24,jerryxueisme
1149,16472023,"Tra Crew","2026-09-29 02:42:30",0.948,13,tracrew
1150,16739895,"Jwearia Hoque Nowrin","2026-09-19 20:00:08",0.948,20,jweariahoquenowrin
1151,16487456,Ha-Mad,"2026-09-23 10:34:45",0.948,39,hamadaljamaan
1152,16796263,mlhealth,"2026-09-12 14:10:50",0.948,23,"aditijain1902,eeshanbablani,ritvikshrivastava,tanishklakra,vibhanshudixit"
1153,16932972,"Francisco Angulo de Lafuente","2026-09-29 14:19:58",0.948,17,franciscoangulo
1154,16543120,"Suliman Tadros","2026-09-13 12:17:16",0.948,20,sulimantadros
1155,16923581,inferenis,"2026-09-19 05:09:55",0.948,2,inferenis
1156,16468697,Chellick,"2026-09-24 05:46:14",0.948,20,matweyisupov
1157,16861316,mrkhtinia,"2026-09-25 00:57:52",0.947,9,mrkhtinia
1158,16941985,"RUSHMANTH NALLURI","2026-09-24 08:12:55",0.947,12,rushmanthnalluri
1159,16719695,"James Holland","2026-09-28 00:02:30",0.947,42,jkhollandjr
1160,16517354,Arnav170,"2026-09-27 22:15:32",0.947,51,arnav170
1161,16454066,"Mikael Kerimov","2026-09-23 21:21:42",0.947,45,"mikaelkerimov,mperminiov"
1162,16463038,"MD. Nazmus Sakib Anik","2026-09-23 05:37:36",0.947,96,"beyondlogic,turag10"
1163,16552511,"Alejandro Gómez","2026-09-21 12:01:54",0.947,21,alejandrogomez1
1164,16866669,MyungJu,"2026-09-20 04:36:51",0.947,13,myungjujung
1165,16876868,"Mr. Architect","2026-09-24 09:41:27",0.947,22,vietnguyen130593
1166,16458358,"Lakshmi Sayyapureddy","2026-09-23 15:19:35",0.947,18,lakshmisayyapureddy
1167,16605624,imissher,"2026-09-28 07:40:26",0.947,31,tule12345
1168,16933273,"julian andres viejo garrido","2026-09-22 20:44:34",0.947,4,salmaviejo
1169,16497857,InterCellar,"2026-09-23 16:08:43",0.947,69,ortimusprime
1170,16460904,yhyuckgl,"2026-09-19 03:38:38",0.947,39,yhyuckgl
1171,16612585,Bijiumi,"2026-09-16 13:09:07",0.947,70,bijiumi
1172,16713274,"Patti Ginjalu","2026-09-22 02:18:05",0.947,31,"bhargavpandiri,patnayakunisaketh,tulasiramveerni,vivekjami"
1173,16562909,"Vlas Veles","2026-09-22 19:44:48",0.947,11,vlasveles
1174,16846777,"Mohamad Alsabbagh","2026-09-29 11:56:03",0.947,48,malsabbagh05
1175,16871850,"Orion on earth","2026-09-23 05:25:08",0.947,25,oriononearth
1176,16774478,LoveB4Sunrise,"2026-09-28 00:09:22",0.947,52,demacia1314
1177,16556055,Holeneckles,"2026-09-24 02:37:24",0.947,11,holeneckles
1178,16457212,"Phil Marchenko","2026-09-16 03:41:18",0.947,30,hakuryuu
1179,16936466,"Azalea 7","2026-09-29 13:55:18",0.947,3,"hant123,kelbeasley"
1180,16802983,RobertMarianIurea,"2026-09-29 11:51:05",0.947,19,robertmarianiurea
1181,16599809,"Aleksandr Razin","2026-09-24 10:17:55",0.947,18,alexandrrazin
1182,16793107,"Charlie ESV","2026-09-19 00:01:57",0.947,46,charlieesv
1183,16559180,"moncef elm","2026-09-29 01:34:43",0.947,13,moncefelm
1184,16915485,"Radu Pasparuga","2026-09-17 14:34:30",0.947,1,radupasparuga
1185,16914303,Ossurial,"2026-09-20 13:37:49",0.947,8,ossurial
1186,16898463,"Artin yzn","2026-09-20 06:16:47",0.947,3,artinyzn
1187,16859533,daoviet,"2026-09-28 16:42:39",0.947,18,daoviet
1188,16468309,"Eugene Khvedchenya","2026-09-14 20:41:47",0.947,52,bloodaxe
1189,16576548,"shubham kumar #2","2026-09-18 19:06:13",0.947,29,shubzk17
1190,16726549,"Ezra Kho","2026-09-23 00:46:20",0.947,50,ezrakho
1191,16894412,"Leszek Góra","2026-09-29 12:26:44",0.947,37,leonixis
1192,16760518,yuta,"2026-09-28 05:31:06",0.947,47,enjooooy
1193,16689671,"Sepideh Rahmati","2026-09-24 18:50:40",0.947,70,sepidehrahmati
1194,16665908,"Mi Nguyễn","2026-09-28 03:02:52",0.947,46,minguynthithao
1195,16515655,Kurokawa,"2026-09-19 02:13:57",0.947,62,mkurokawa
1196,16866891,truxivan,"2026-09-10 13:44:07",0.947,5,truxivan
1197,16866973,cryptvector2,"2026-09-10 13:52:24",0.947,5,cryptvector2
1198,16687611,"Mawra Musawar","2026-09-10 16:23:29",0.947,22,mawramusawwar
1199,16534963,"Pietro Maldini","2026-09-10 17:19:34",0.947,5,pietromaldini1
1200,16536489,"Igor Zharov","2026-09-28 15:03:34",0.947,67,flexonafft
1201,16868748,"Anmol Singh","2026-09-12 12:27:43",0.947,4,anmolsin
1202,16481018,greyhound,"2026-09-23 12:04:57",0.947,7,tapaskd123
1203,16457422,shehai.lrs,"2026-09-20 12:58:51",0.947,41,shehailrs
1204,16723833,sami,"2026-09-13 21:11:25",0.947,4,samiklah
1205,16698602,"m-toshi desu","2026-09-27 11:04:32",0.947,25,mtoshidesu
1206,16458464,"Tai Tien Ta","2026-09-12 13:30:28",0.947,27,tittin
1207,16871378,huaiyuyoung,"2026-09-16 01:19:18",0.947,3,huaiyuyoung
1208,16542332,"Yassine Alouini","2026-09-28 16:25:32",0.947,86,yassinealouini
1209,16875674,TSUKAM,"2026-09-11 15:28:59",0.947,1,tsukam
1210,16862027,"Canh Toan Le","2026-09-16 17:40:11",0.947,30,canhtoanle
1211,16825704,"Shangshang Zhang","2026-09-23 07:10:28",0.947,29,msvzss
1212,16877264,"Nikita Biryukov","2026-09-13 15:42:04",0.947,9,bnikita
1213,16596480,yunfei,"2026-09-18 05:31:43",0.947,7,yunfeihaha
1214,16754797,lime0001,"2026-09-28 11:37:22",0.947,16,lime0001
1215,16719234,nubx,"2026-09-12 17:17:36",0.947,31,manrajjitsidhu
1216,16876130,"Ekaterina Bagantsova","2026-09-17 19:27:28",0.947,11,bagaek
1217,16849796,"rahul agnihotri","2026-09-14 08:22:59",0.947,8,rahularast
1218,16463766,"Mahmoud Abdelshafy","2026-09-23 11:33:59",0.947,45,mahmoudabdshafy
1219,16565839,PatrickS,"2026-09-29 10:20:34",0.947,30,patricks03
1220,16768875,Asim,"2026-09-13 08:23:20",0.947,22,aiwagan
1221,16881609,"dongxin wan","2026-09-18 08:28:32",0.947,2,dongxinwan
1222,16492963,FWC,"2026-09-13 05:58:39",0.947,9,yuto2846
1223,16734336,"Vu Duy Kien","2026-09-17 07:10:36",0.947,29,vuduykien
1224,16459298,"Arya Arun","2026-09-19 15:27:33",0.947,34,aryaarun07
1225,16885722,zylvento,"2026-09-13 09:59:11",0.947,2,"lorvexa,zylvento"
1226,16885822,S3unburst,"2026-09-13 10:31:53",0.947,2,s3unburst
1227,16885609,"Manjunadh Padarthi","2026-09-13 11:11:27",0.947,1,manjunadhpadarthi
1228,16881673,Novardion,"2026-09-13 11:30:09",0.947,4,novardion
1229,16585051,Zejun_,"2026-09-13 13:05:35",0.947,12,zejunfool
1230,16638301,seantangth,"2026-09-23 17:22:08",0.947,28,seantangth
1231,16887958,"Kevin Krank","2026-09-17 11:21:50",0.947,19,kevinkrank
1232,16883163,DancingLumberjack,"2026-09-26 00:30:20",0.947,33,jamesmcgarryiv
1233,16855461,tyamanashi,"2026-09-14 04:04:38",0.947,1,tyamanashi
1234,16872074,Michael202609,"2026-09-14 14:09:59",0.947,3,michael202609
1235,16656422,Kalypheus,"2026-09-18 07:27:04",0.947,8,kalypheus
1236,16610415,blablaSpirit,"2026-09-29 11:02:58",0.947,24,blablaspirit
1237,16472353,没落者,"2026-09-23 14:17:42",0.947,51,needless090
1238,16469135,"john inan","2026-09-16 04:36:59",0.947,40,johninan
1239,16881743,"Berat Erol ÇELİK","2026-09-20 16:57:11",0.947,14,beraterolelk
1240,16485767,sasaki,"2026-09-23 19:57:20",0.947,14,rsasaki
1241,16894885,"Ali Eren Konak","2026-09-15 14:05:21",0.947,1,alierenkonak
1242,16898322,"Mohammad Albaddawi","2026-09-15 17:26:20",0.947,2,m7mdalbaddawi
1243,16850342,"Umut Kıvanç Sipahioğlu","2026-09-28 22:26:39",0.947,14,umutkvansipahiolu
1244,16665644,"Nick Styles","2026-09-27 21:08:44",0.947,5,styles
1245,16903969,qorlin,"2026-09-16 03:10:59",0.947,2,qorlin
1246,16809777,shawloong,"2026-09-21 01:36:46",0.947,11,shawloong
1247,16791105,"Aru Ohta","2026-09-16 04:55:36",0.947,1,aruohta
1248,16878822,"Huihua Zhu666","2026-09-19 03:51:26",0.947,2,huihuazhu666
1249,16455749,"Rocker Ritesh","2026-09-16 12:38:38",0.947,46,rockerritesh
1250,16855122,"Ruslan Potekhin","2026-09-21 19:29:20",0.947,20,ruslanpotekhin
1251,16533114,AliLucky,"2026-09-29 01:21:19",0.947,18,alilucky
1252,16775117,"Nguyen Kha Ho","2026-09-24 23:29:38",0.947,24,nguyenkhaho
1253,16770142,"Hansika Aredla","2026-09-18 17:41:14",0.947,14,hansikaaredla
1254,16889076,"Md Waquar Ahmad","2026-09-21 11:51:33",0.947,7,mohdwaquarahmad
1255,16909130,Revo,"2026-09-29 13:49:54",0.947,18,maikajusu
1256,16913740,Ayush_1319,"2026-09-19 13:05:37",0.947,6,ayush1319
1257,16464165,"Thibaut Juill","2026-09-18 06:02:28",0.947,7,thibautjuill
1258,16574233,"Cam-Luan Truong","2026-09-22 15:28:43",0.947,12,luantruong
1259,16919240,Aic,"2026-09-18 07:54:21",0.947,2,gunianxue
1260,16919388,K.N.,"2026-09-18 08:15:41",0.947,1,noza198
1261,16630684,"Jakup Ymeraj","2026-09-18 11:46:05",0.947,14,kupedata
1262,16878002,PUN,"2026-09-20 20:13:32",0.947,4,pshikk
1263,16541639,"SARTHAK MISHRA","2026-09-20 02:40:52",0.947,78,sarthakmukeshmishra
1264,16454183,cocoaAI,"2026-09-24 05:25:45",0.947,10,cocoaai
1265,16684066,kongxuan47,"2026-09-19 09:21:08",0.947,1,kongxuan47
1266,16607541,zhangzhen1996,"2026-09-28 04:32:09",0.947,10,zhangzhen1996
1267,16553117,"Hal Zweiman","2026-09-19 14:10:36",0.947,39,halzweiman
1268,16531124,XiaoYan12,"2026-09-23 19:15:31",0.947,14,xiaoyan12
1269,16565547,AbhilashVJ,"2026-09-19 15:51:12",0.947,5,abh001
1270,16463879,ertu,"2026-09-19 17:19:12",0.947,2,ozertuu
1271,16922404,Francisco,"2026-09-24 14:21:19",0.947,9,cheneblanc
1272,16883338,"Alvaro Mendizabal","2026-09-29 02:03:53",0.947,3,alvaromendizabal
1273,16926287,Jackylw,"2026-09-20 03:39:19",0.947,1,jackylw
1274,16460254,"Parth Talsania","2026-09-22 04:23:25",0.947,17,parthtalsania
1275,16891454,AryanEval,"2026-09-22 07:28:56",0.947,14,aryaneval
1276,16929669,"Rabeya Noor","2026-09-21 07:55:56",0.947,4,rabeya100x
1277,16483981,"Akira Hirohashi","2026-09-20 11:59:29",0.947,9,akirahirohashi
1278,16930261,"Mostafa Waly","2026-09-21 02:02:59",0.947,2,mostafawaly2004
1279,16827206,"Never quit","2026-09-20 13:14:38",0.947,1,leonstew
1280,16463446,"Tsingtao Bro","2026-09-20 21:17:18",0.947,126,qiweiyin
1281,16453552,rakumo,"2026-09-21 00:23:34",0.947,7,sirakumo
1282,16775166,"Alexey Kuznetsov","2026-09-24 10:16:24",0.947,45,legtarrr
1283,16794856,"Gayaz Ali","2026-09-21 05:16:21",0.947,1,gayaz16
1284,16882015,"lavesh Jadon","2026-09-23 14:01:30",0.947,3,laveshjadon
1285,16930823,yangzzi2,"2026-09-25 14:04:05",0.947,9,yangzzi2
1286,16531816,"kazuki morikawa","2026-09-21 15:33:55",0.947,9,kazukimorikawa
1287,16935778,"Veniamin Nelin","2026-09-21 10:38:15",0.947,1,veniaminnelin
1288,16483480,"MANAS NARKAR","2026-09-21 16:48:45",0.947,25,manasnarkar
1289,16663760,🔥🦫📿🗽,"2026-09-21 17:31:45",0.947,7,datafad
1290,16938304,"Sritej Padmanabhan","2026-09-22 13:01:23",0.947,2,sritejpadmanabhan
1291,16548234,prod1gy,"2026-09-22 02:42:34",0.947,5,borealis27
1292,16940475,CardPilotLab,"2026-09-25 07:31:29",0.947,8,EldieEnfiel
1293,16806619,digimagi,"2026-09-22 11:32:38",0.947,1,digimagi
1294,16765998,Remielle,"2026-09-22 11:50:35",0.947,27,remielle
1295,16942225,guikko,"2026-09-29 07:26:42",0.947,2,"guikko,qunlilio,tkaudd"
1296,16942869,Simosc,"2026-09-22 19:59:26",0.947,5,simosc
1297,16852366,"Ahmed Mostafa","2026-09-24 01:01:32",0.947,6,republic966
1298,16943486,VarchaswaV,"2026-09-25 23:13:20",0.947,4,varchaswav
1299,16486297,Ace,"2026-09-24 19:25:16",0.947,50,shikhageekachad
1300,16944064,"Wael El Ghazzawi","2026-09-24 19:33:51",0.947,2,waelelghazzawi
1301,16666691,Pim,"2026-09-23 01:38:31",0.947,4,"lastit,monkeyplaying"
1302,16488298,An,"2026-09-24 02:23:03",0.947,11,myotterspace
1303,16935152,"Adrian Phillips","2026-09-23 06:20:11",0.947,4,adrianphillips00
1304,16494426,"Frost Cerberus","2026-09-23 07:42:12",0.947,80,frostcerberus
1305,16892123,DsLiner,"2026-09-29 07:39:43",0.947,8,dsliner
1306,16455271,Aevion-Labs,"2026-09-23 18:33:15",0.947,64,aevionlabs
1307,16733253,minhtrix,"2026-09-28 11:11:51",0.947,11,minhtri93
1308,16534320,...,"2026-09-24 01:23:25",0.947,9,shackles6966
1309,16609514,"Charlene Callystha Maelissa","2026-09-24 04:23:44",0.947,9,charlenecallystham
1310,16841515,abondrn,"2026-09-25 16:33:24",0.947,13,abondrn
1311,16493012,Shree85,"2026-09-24 17:09:55",0.947,22,shree85
1312,16684796,kumk,"2026-09-25 05:44:01",0.947,4,kknagoya
1313,16855024,"Kragglenote2 Forwork","2026-09-29 13:44:12",0.947,20,kragglenote2forwork
1314,16708574,"Mughees Abbas","2026-09-29 02:17:40",0.947,16,mugheesabbas
1315,16719519,"Adam Johnson","2026-09-29 12:55:57",0.947,113,comfyops
1316,16866385,Litvin,"2026-09-27 11:57:26",0.947,1,wodo888
1317,16802340,Gowtham,"2026-09-27 12:43:31",0.947,2,gowtham66866
1318,16559602,chs,"2026-09-29 11:34:42",0.947,18,polyos10
1319,16897985,templar7245,"2026-09-27 22:08:29",0.947,4,templar7245
1320,16598452,"Syunta SEKI","2026-09-28 06:22:15",0.947,12,syuntaseki
1321,16475412,Guojun1,"2026-09-28 17:11:53",0.947,2,guojun1
1322,16937221,櫻井雄太,"2026-09-28 20:03:52",0.947,6,opticalai
1323,16637967,"DeviPriya Raju","2026-09-29 03:45:35",0.947,2,priya2117
1324,16454961,less,"2026-09-15 04:26:20",0.947,47,jiaoyouzhang
1325,16489886,habakan,"2026-09-29 03:42:52",0.947,37,kansukehabano
1326,16461232,Virtute,"2026-09-29 09:02:44",0.947,35,nameless001
1327,16879145,"Ismail Abu-shanab","2026-09-16 00:51:21",0.947,12,ismailabushanab06
1328,16569303,daizedoskoi,"2026-09-29 11:24:52",0.947,33,daizedoskoi
1329,16839543,Sam-wiz,"2026-09-22 19:56:21",0.947,39,samwiz
1330,16461772,"Mendrika Ramarlina","2026-09-10 22:02:49",0.947,224,ramarlina
1331,16725317,Kaggoo,"2026-09-22 15:08:16",0.947,2,lpachuong
1332,16848390,hoon0303,"2026-09-19 02:22:43",0.947,9,hoon0303
1333,16830846,huohuaya,"2026-09-17 02:40:07",0.947,18,huohuaya
1334,16495135,99valentine,"2026-09-29 15:34:19",0.947,184,sireesh
1335,16773087,HC,"2026-09-19 20:34:06",0.947,16,henryc24
1336,16699142,"Rimsha Kanwal","2026-09-12 17:24:07",0.947,5,rimsha234
1337,16828177,Aira,"2026-09-24 00:42:44",0.947,34,ynnguynthi123
1338,16461994,"Roland Luethy","2026-09-19 18:28:48",0.947,130,rluethy
1339,16500387,JungchulKoo,"2026-09-13 16:48:42",0.947,9,jungchulkoo
1340,16455677,"MJ Cho","2026-09-18 02:32:52",0.947,15,mjcho2023
1341,16682610,"Materials science","2026-09-27 04:43:46",0.947,11,dvpoojary
1342,16809573,"Bhargavaram Gajula","2026-09-14 07:55:02",0.947,3,bhargavaramgajula007
1343,16453711,"Kunal Aarse","2026-09-23 13:44:51",0.947,174,kunalinfinite
1344,16562643,一行瑠璃,"2026-09-28 00:22:13",0.947,10,yixingll
1345,16896830,photonova,"2026-09-15 12:30:10",0.947,5,photonova
1346,16848221,"Yang Bai","2026-09-17 10:56:42",0.947,3,jackelysia
1347,16466316,riicon,"2026-09-17 12:32:43",0.947,36,risakashiwabara
1348,16916757,"alex chilton","2026-09-18 09:47:59",0.947,3,alexchilton
1349,16917204,"Aleksandrov Andrey Alekseevich","2026-09-17 22:39:41",0.947,1,abbeleve
1350,16811942,"dbvz sbsbs","2026-09-28 01:53:37",0.947,7,dbvzsbsbs
1351,16458705,Datahelix,"2026-09-19 05:08:24",0.947,3,rayezwtkl
1352,16618242,"walusimbi Isiah","2026-09-20 16:50:18",0.947,58,walusimbiisiah
1353,16919978,haseryooooo,"2026-09-29 10:16:23",0.947,10,haseryooooo
1354,16751594,"qw yi123","2026-09-26 16:59:57",0.947,8,qwyi123
1355,16601524,Anish_47,"2026-09-29 18:11:52",0.947,6,anish47
1356,16942162,opbbai,"2026-09-22 14:11:05",0.947,4,"cami9066,opbbai,yexizhan"
1357,16466151,"Chenwei Wu","2026-09-22 18:55:31",0.947,1,"chenweiwu2025,plishere"
1358,16941108,wu_bigcat,"2026-09-26 19:09:27",0.947,8,bigcat0808
1359,16480029,DeeperNet,"2026-09-24 06:41:19",0.947,9,deepernet
1360,16809969,"Sinh Nguyễn Đức","2026-09-24 08:58:23",0.947,6,sinhnguync
1361,16640638,"Basheer Marzoog","2026-09-25 18:27:24",0.947,30,"basheermarzoog,snezana20"
1362,16453790,"Chirag Desai","2026-09-25 20:25:26",0.947,31,cid007
1363,16453666,"Ravi Ramakrishnan","2026-09-26 05:08:37",0.947,8,ravi20076
1364,16614315,Leolazz,"2026-09-28 17:26:41",0.947,11,leolazz
1365,16573879,"jiachi chen","2026-09-28 12:41:28",0.947,17,jiachichen
1366,16614149,PixelPuff,"2026-09-26 14:12:47",0.947,16,krishpatel290895
1367,16460490,"jorge fabian avila","2026-09-29 10:51:15",0.947,22,jorgefabianavila
1368,16758351,"Kostas Tsolis","2026-09-26 19:06:28",0.947,19,tkostas
1369,16541893,WQAAAA,"2026-09-26 23:31:34",0.947,6,wqaaaa
1370,16572504,igarashimm,"2026-09-26 23:32:03",0.947,48,igarashimm
1371,16791299,"Abhi Veni","2026-09-27 12:20:27",0.947,3,abhiveni
1372,16579743,AbhishekNandy,"2026-09-29 08:36:12",0.947,7,abhicloudstalk
1373,16938540,"Aly Dhedhi","2026-09-28 06:16:36",0.947,4,alydhedhi
1374,16505029,NikolAiD153,"2026-09-29 10:32:26",0.947,1,nicholas33
1375,16748055,"mikan s","2026-09-28 06:27:02",0.947,106,mikanss
1376,16479760,"Dongyong Lee","2026-09-09 16:34:40",0.947,111,shemissmebutidont
1377,16773408,tuyendepzaicungkhu,"2026-09-25 19:41:08",0.947,11,tuyendepzaicungkhu
1378,16942904,Ashwani,"2026-09-27 16:18:30",0.947,11,ashwanidhukra
1379,16601322,Naman_Swami,"2026-09-20 09:02:25",0.947,14,developerkgf
1380,16881471,"Raju Sah","2026-09-16 17:20:15",0.947,12,rajucode
1381,16655331,"Umut Keltek","2026-09-27 17:09:53",0.947,127,umutkeltek
1382,16909053,"Aleksandr Isakov","2026-09-28 09:57:48",0.947,11,aleksandrisakov
1383,16724644,"Mohit Babel","2026-09-18 22:49:58",0.947,8,mohitbabel
1384,16856051,"Vanshika #2","2026-09-22 10:41:13",0.947,4,crystalbaby
1385,16459907,test_ct,"2026-09-10 10:25:22",0.947,55,michaelsemenoff
1386,16730196,ChatGPT-5.7,"2026-09-28 00:14:28",0.947,13,gaoruihua
1387,16542088,"Akhilesh godugu","2026-09-10 13:07:23",0.947,53,akhileshgodugu
1388,16481273,"Victor Chege","2026-09-10 15:16:35",0.947,20,victorchege0
1389,16732828,lilishyxf,"2026-09-23 00:47:49",0.947,7,lilishyxf
1390,16842857,PapaSoda,"2026-09-10 17:28:19",0.947,7,papasoda
1391,16833191,nnww,"2026-09-10 18:39:49",0.947,13,raphalkmg
1392,16710497,sukeke,"2026-09-10 23:41:33",0.947,11,sukeke
1393,16855261,"Henrique José De Souza","2026-09-11 00:21:21",0.947,15,henriquejsza
1394,16454283,"Pavlo Ivanin","2026-09-11 05:13:05",0.947,37,pavloivanin
1395,16726964,zeron0,"2026-09-11 05:36:27",0.947,2,zeron0
1396,16864915,LACK.AI,"2026-09-12 08:37:34",0.947,2,ravikumar1234
1397,16506717,ebisu_ya,"2026-09-11 10:19:57",0.947,47,ebisuya
1398,16460331,"Rajan Nagarajan","2026-09-11 10:54:56",0.947,37,narajan
1399,16454158,"Katayama Tomoharu","2026-09-11 11:26:22",0.947,11,katayamatomoharu
1400,16850978,Coffeeshop,"2026-09-11 12:35:22",0.947,4,coffeeshop
1401,16545500,"Gustavo Knudsen","2026-09-11 17:23:56",0.947,25,gustavoknudsen
1402,16780957,"Shankar Pandala","2026-09-12 14:14:05",0.947,19,shankarpandala
1403,16866431,"TOMOKI O.","2026-09-14 02:22:01",0.947,9,tomoki0
1404,16500008,"KAKA Minishijie","2026-09-29 13:24:21",0.947,50,kakaminishijie
1405,16712868,kishizaki-sci,"2026-09-28 12:56:11",0.947,13,superstringdev
1406,16839581,"Søren Ravn Andersen","2026-09-12 12:03:15",0.947,12,sorenravn
1407,16470362,"Munal Singh","2026-09-13 11:54:56",0.947,3,munalsingh
1408,16639290,"Hoorad Heidari","2026-09-12 17:15:53",0.947,15,hooradheidari
1409,16495913,KUJO_ISO,"2026-09-27 22:08:58",0.947,10,d6dqvw7rvqmxv
1410,16749357,kuroko1t,"2026-09-15 11:48:30",0.947,38,kuroko1t
1411,16530745,yuzio420,"2026-09-22 09:52:35",0.947,8,yuzio420
1412,16455116,"Reyhan Ksatria","2026-09-13 05:36:01",0.947,23,reyhanksatria
1413,16533544,victorriposati,"2026-09-24 12:20:05",0.947,34,victorriposati
1414,16881810,gradfield21,"2026-09-13 10:02:42",0.947,4,gradfield21
1415,16726794,"Giorgos I","2026-09-28 14:02:13",0.947,61,giorgosi
1416,16793873,YutaOkkotsu1661,"2026-09-15 18:28:31",0.947,11,yutaokkotsu1661
1417,16454269,wqsh,"2026-09-29 00:02:25",0.947,231,xhhuang
1418,16457663,SEteam,"2026-09-24 00:06:42",0.947,60,parejepareje
1419,16808425,"Diya Sharma","2026-09-16 06:50:54",0.947,10,diyasharmanexa
1420,16794589,caas_sicca,"2026-09-17 03:09:33",0.947,15,caassicca
1421,16793646,vvts-bugbounty,"2026-09-21 23:01:37",0.947,29,vvtsbugbounty
1422,16487122,"Arko Bera","2026-09-14 07:15:02",0.947,19,cartoonistbeard
1423,16768442,"Kazuki Sato","2026-09-24 06:49:10",0.947,14,kazukisato
1424,16840886,poijio,"2026-09-23 16:40:29",0.947,16,poijio
1425,16461278,"Erwin Huizenga","2026-09-29 20:09:20",0.947,118,erwinh
1426,16595490,sigmaborov,"2026-09-27 09:25:14",0.947,8,sigmaborov
1427,16892728,"Yassmina Ouahman","2026-09-14 22:51:45",0.947,1,saynam
1428,16878552,"Ha huy","2026-09-15 00:19:29",0.947,3,hahuyy
1429,16844982,"Ashok Gaire","2026-09-15 09:49:06",0.947,1,ashokgaire
1430,16802420,"milad ansari","2026-09-15 10:17:08",0.947,4,miladansari
1431,16617108,"Lê Bảo","2026-09-28 13:53:09",0.947,17,"adonis122,heon29"
1432,16702501,"longfei zhu","2026-09-15 13:34:02",0.947,2,longfeizhu
1433,16464587,Gyutaaan,"2026-09-23 08:14:04",0.947,2,gyutaaan
1434,16847053,stars_w,"2026-09-15 13:58:00",0.947,1,starsw
1435,16935644,KrittanutSomtuas,"2026-09-24 10:08:21",0.947,14,"krittanutsomtuas,yodharinmonplub"
1436,16668010,"Hajar Besbassi","2026-09-24 08:08:51",0.947,9,jolizare
1437,16591651,Sere1n,"2026-09-16 20:24:59",0.947,19,chacc0
1438,16732407,kanno,"2026-09-16 12:22:45",0.947,45,kannomasaki
1439,16581168,CortexExplorer,"2026-09-20 15:37:01",0.947,19,cortexexplorer
1440,16665367,"Shien Zhang","2026-09-16 03:10:30",0.947,7,shienzhang
1441,16536276,"Tomás Travis","2026-09-16 05:34:28",0.947,6,tomstravis
1442,16602746,Azalearn,"2026-09-16 06:46:00",0.947,18,androidss
1443,16870239,"Iason Malkotsis","2026-09-20 23:14:55",0.947,10,jasonthird
1444,16461140,"Jack Hsu","2026-09-16 21:22:40",0.947,29,jackhsupf
1445,16536782,"junseok lee","2026-09-28 00:04:26",0.947,13,jaslee2
1446,16460512,"Liew Keong Han","2026-09-29 12:30:24",0.947,22,farmountain
1447,16710163,magsta,"2026-09-29 15:13:28",0.947,8,magsta
1448,16908424,Paing,"2026-09-21 02:15:12",0.947,7,painghtetsw
1449,16638021,Randynho,"2026-09-26 01:27:46",0.947,13,randynho
1450,16911229,localAI,"2026-09-22 19:43:15",0.947,8,matteo123383iend
1451,16912952,"sampath bharath","2026-09-22 22:16:43",0.947,3,sampathbharath
1452,16474617,euthumos,"2026-09-26 20:08:26",0.947,16,euthumos
1453,16795711,yuuuuuub,"2026-09-20 07:52:25",0.947,7,yuuuuuub
1454,16865837,"Aditya Kumar #2","2026-09-20 13:17:00",0.947,6,addictedgt
1455,16601794,"Abai Sansyzbai","2026-09-19 08:21:14",0.947,17,aimabai
1456,16783921,its_mrz,"2026-09-27 09:17:21",0.947,13,itsmrz
1457,16925380,galaxy2025,"2026-09-19 15:23:48",0.947,1,galaxy2025
1458,16705374,DevX,"2026-09-19 17:17:11",0.947,35,"g1en114,loftyrainliu"
1459,16592980,yutoAb,"2026-09-28 00:17:08",0.947,13,yutoab
1460,16926520,vaibhav9849,"2026-09-20 06:37:02",0.947,1,vaibhav9849
1461,16912232,lumen,"2026-09-21 03:57:22",0.947,2,lumenyuto
1462,16662088,EricYHS,"2026-09-21 01:00:57",0.947,24,ericyhs
1463,16786040,"Yoshinori Sato","2026-09-21 04:15:43",0.947,15,yosynory
1464,16612540,"Ayaz Ahmed Kazi","2026-09-21 09:01:36",0.947,12,ayazahmedkazi
1465,16455274,"Hıdır Demir","2026-09-21 18:36:04",0.947,17,hdrdmr
1466,16881365,gchauhan,"2026-09-21 20:31:25",0.947,2,gchauhan
1467,16921940,"Reece Akana","2026-09-21 21:28:21",0.947,1,reeceakana
1468,16937544,JIAWEILI0001,"2026-09-24 03:57:27",0.947,3,jiaweili0001
1469,16770949,我的AI是豆包,"2026-09-24 07:35:48",0.947,14,"carrotliang,haoxuanjng,kaoqiangzhang,rainhuang0220"
1470,16465397,HITM47N,"2026-09-22 18:30:57",0.947,32,hitm47n
1471,16933886,"Arun Khatua","2026-09-25 17:26:09",0.947,7,arunkhatua
1472,16457107,HarshitSama,"2026-09-24 00:02:02",0.947,56,harshitsama
1473,16485993,K3nsho,"2026-09-24 11:38:50",0.947,14,kenshomiyasaka
1474,16531451,"Rahul Penjare","2026-09-24 10:44:32",0.947,20,rahulpenjare
1475,16630356,"Shuhan Yang","2026-09-26 16:41:37",0.947,15,qizhiran
1476,16691080,QuickSSS,"2026-09-25 07:17:49",0.947,4,quicksss
1477,16940420,"Kris Petersen","2026-09-25 19:25:43",0.947,5,krispetersen
1478,16590296,"Vũ Thị Thanh Hà","2026-09-27 01:06:28",0.947,2,hvththanh
1479,16851117,kentarctic,"2026-09-28 10:38:34",0.947,4,kentarctic
1480,16494337,"Jeffery Jerome Harris","2026-09-28 14:24:16",0.947,11,jefferyjeromeharris
1481,16742517,"Indra Narayan Shrestha","2026-09-29 08:19:41",0.947,54,innshrestha
1482,16899091,"Arnab Saha","2026-09-28 12:07:20",0.947,2,asaha13
1483,16684755,hejingyun02,"2026-09-29 15:43:41",0.947,5,hejingyun02
1484,16593827,"youngpoog lee","2026-09-28 14:00:02",0.947,9,youngpooglee
1485,16828880,"Hank Lin","2026-09-28 15:31:33",0.947,27,hanklin2004
1486,16480243,Nils,"2026-09-24 02:56:50",0.947,104,nilsfl
1487,16728538,"David Duffy 86","2026-09-24 19:11:26",0.947,30,davidduffy86
1488,16545148,"Arjun Sharma","2026-09-13 18:25:02",0.947,25,arjundsharma
1489,16771942,mkai1981,"2026-09-11 17:45:47",0.947,10,mkai1981
1490,16920187,"Son Hoang","2026-09-20 13:59:02",0.947,4,sonhoang82
1491,16496635,"Marco Pereira","2026-09-29 12:46:21",0.947,35,marcofpereira
1492,16781419,elextra,"2026-09-23 21:54:25",0.947,2,elextra
1493,16730261,uki706,"2026-09-22 10:19:45",0.947,10,uki706
1494,16831825,noisyislands,"2026-09-24 15:29:59",0.947,34,noisyislands
1495,16797438,NatSwamin,"2026-09-18 13:56:17",0.947,8,natswamin
1496,16922754,"Jayden Szeto","2026-09-20 05:42:45",0.947,6,jaydenszeto123
1497,16514605,"Idowu Ifeoluwa","2026-09-29 16:20:19",0.947,20,lovey1
1498,16906476,"Daujohn [dsmlkz]","2026-09-16 13:19:35",0.947,1,aithbb
1499,16864963,BlueSky_sora,"2026-09-29 22:57:53",0.947,13,blueskysora
1500,16852820,Krishna,"2026-09-17 04:32:38",0.947,11,kaori02
1501,16781240,Captainuknow,"2026-09-14 21:21:42",0.947,16,captainuknow
1502,16929453,"Suneeth reddy","2026-09-28 07:54:13",0.947,10,suneethreddy
1503,16855155,Shibungi,"2026-09-14 05:29:08",0.947,5,shibungi
1504,16454298,sanju25,"2026-09-24 23:55:12",0.947,6,sanju25
1505,16472613,"Mudit Nagori","2026-09-29 06:11:16",0.947,2,muditnagori09
1506,16903618,"yankai shao","2026-09-19 05:10:37",0.947,3,yankaishao
1507,16555140,"Xiangjiang Zhou","2026-09-25 09:33:29",0.947,6,xiangjiangzhou
1508,16459755,"Julian Camilo Villa","2026-09-28 21:13:43",0.947,68,juliancamilovilla
1509,16811827,"Tianyu Wang","2026-09-24 07:24:12",0.946,6,kevinwang0305
1510,16808472,linchuhan,"2026-09-25 04:21:31",0.946,42,linchuhan
1511,16724740,K.nosaka,"2026-09-10 12:07:23",0.946,8,kenseinosaka
1512,16459166,"Busya PRIME","2026-09-21 09:54:59",0.946,14,busyaprime
1513,16549670,1m0ke,"2026-09-28 00:15:14",0.946,229,smokelate
1514,16797089,"Udam Liyanage","2026-09-15 10:05:23",0.946,15,udamliyanage
1515,16643630,"Alexander Ermachenko","2026-09-13 13:09:57",0.946,16,alexanderermachenko
1516,16944023,Rajo1909,"2026-09-25 21:34:02",0.946,2,rajo1909
1517,16858232,"Ritwika Kancharla","2026-09-18 12:51:13",0.946,4,ritwikakancharla
1518,16820594,aedss,"2026-09-27 07:39:18",0.946,33,afsdss
1519,16880849,"Vijay Kumar N","2026-09-16 04:44:55",0.946,7,vijay1379
1520,16914501,IterumVici,"2026-09-23 17:23:10",0.946,12,iterumvici
1521,16814010,MOIK,"2026-09-15 07:20:20",0.946,16,l2640065286
1522,16482837,Ni123456&,"2026-09-29 15:59:38",0.946,50,bingdongni
1523,16890709,zyh222,"2026-09-20 13:00:50",0.946,4,"eason0407,tanghuan2005,zyh222"
1524,16875473,"DC Team","2026-09-22 23:01:50",0.946,34,"shiyuanhe123,yirukkk,zzk517"
1525,16745058,mekduy,"2026-09-29 02:16:28",0.946,8,mekduy
1526,16841942,"Jack Burley","2026-09-29 15:39:50",0.946,89,jackburley
1527,16913880,"Siu Beom","2026-09-22 10:43:37",0.946,21,siubeom
1528,16802600,"Khushwant Singh","2026-09-24 16:59:03",0.946,10,khushwantsingh
1529,16691675,"Leonardo Viola10","2026-09-20 18:46:50",0.946,59,leonardoviola10
1530,16781747,"guoxiang wangs","2026-09-28 13:29:13",0.946,10,guoxiangwangs
1531,16602645,"Liam O’Brien","2026-09-26 23:21:33",0.946,8,liamob96
1532,16886017,latentb,"2026-09-13 11:40:57",0.946,2,latentb
1533,16461541,hengck23,"2026-09-29 18:33:44",0.946,35,hengck23
1534,16455603,yuki16,"2026-09-09 00:49:03",0.946,45,yuki16
1535,16844229,"sunil kumar","2026-09-17 10:02:47",0.946,9,sunil123kumar
1536,16861244,"Anidipta Pal","2026-09-09 14:16:10",0.946,1,anidiptapal
1537,16771873,"[Deleted] 7fe89c13-1261-4aa8-8a08-90e30d8c8cbc","2026-09-12 05:07:21",0.946,34,del=09910093914da146
1538,16495217,"Shenxian Lake Swimming Pros","2026-09-28 09:25:48",0.946,28,"daiangjia,tianyimarshallhuang,xiaobinmo,ziyuanchen299"
1539,16492840,shanzhong8,"2026-09-29 15:57:39",0.946,5,shanzhong8
1540,16927282,kuro0315,"2026-09-24 14:50:47",0.946,4,skuro0315
1541,16501036,"Omkar Kadam","2026-09-17 06:11:25",0.946,8,itzzomkar
1542,16760472,"Follow Me Gradient","2026-09-29 12:18:08",0.946,9,farukece
1543,16499486,"Faisal Ashraf","2026-09-29 06:51:41",0.946,55,"codinghow,faisal8822"
1544,16926005,"[KGZ] Aruke Sulaimanova","2026-09-19 15:06:19",0.946,2,arukesulaimanova1
1545,16927286,"Alex Lunin","2026-09-20 16:25:04",0.946,1,xthomasx
1546,16925000,"green algeria","2026-09-20 18:12:45",0.946,6,greenalgeria
1547,16856846,"Jiayi Du","2026-09-26 23:36:39",0.946,2,jahyee
1548,16453763,Evolvion,"2026-09-16 09:42:19",0.946,15,evolvion
1549,16926770,Ebi,"2026-09-19 22:07:02",0.946,2,ebinan92
1550,16932109,pi-500.phys,"2026-09-22 20:04:22",0.946,2,pi500phys
1551,16942398,"Desih Nurseha","2026-09-28 00:30:30",0.946,40,"desihnurseha,syehsyoh"
1552,16772715,"Brandon Calderon-Morales","2026-09-18 00:35:33",0.946,10,bmoe640
1553,16731361,Karl0106,"2026-09-14 11:07:44",0.946,4,karl0106
1554,16925049,"Jinhan Gao","2026-09-20 00:45:10",0.946,2,jinhangao
1555,16759080,"2% Salicylic Acid","2026-09-20 14:19:54",0.946,9,"abhinavrathee,pulkitsu"
1556,16749090,CGMLJS,"2026-09-21 09:28:10",0.946,2,"blueghostsssguo,summermengjiao"
1557,16723897,iring58,"2026-09-21 18:19:53",0.946,6,iring58
1558,16706028,"Promise Ekpo","2026-09-29 12:45:02",0.946,5,promiseekpo
1559,16849006,"Lee Shit Hoo","2026-09-08 07:14:23",0.946,3,leeshithoo
1560,16741294,LaiCxm,"2026-09-25 05:36:51",0.946,20,laicxm
1561,16925054,"Steven Feng","2026-09-20 11:10:20",0.946,5,stevenkaiyi
1562,16701758,"Parth Sarnobat","2026-09-23 12:49:56",0.946,1,parthsarnobat
1563,16885829,"Soshi Uejima","2026-09-24 22:08:04",0.946,2,assdafa1223
1564,16488723,techtech69,"2026-09-27 13:04:12",0.946,8,techtech69
1565,16471101,joshrud,"2026-09-29 16:28:04",0.946,2,joshrud
1566,16858375,jfhjfgjhfj,"2026-09-29 08:48:47",0.946,21,jigsawpuzzle
1567,16459268,"THIRUPATHI KANNAN K","2026-09-29 23:58:37",0.946,36,thirupathikannank
1568,16706451,"Marc Poirier","2026-09-08 11:36:40",0.946,21,marcpoirier
1569,16454552,"Harshul Gupta","2026-09-07 15:47:46",0.946,22,harshulgupta77
1570,16560336,"Yubo WANG","2026-09-11 12:27:06",0.946,43,"arksey,yuanpeicai"
1571,16844474,DNCWON,"2026-09-22 12:23:32",0.946,39,dncwon
1572,16454400,JeevanReddy0828,"2026-09-08 02:41:11",0.946,17,jeevanreddy0828
1573,16827488,"Abdulmuiz Abdullateef","2026-09-23 13:21:56",0.946,23,capthwi
1574,16456159,"Vu Tran Hoang","2026-09-08 08:53:29",0.946,7,hoangvux
1575,16458950,lllleeeo,"2026-09-08 11:02:41",0.946,12,lllleeeo
1576,16855041,"rock paper scissors","2026-09-08 16:33:11",0.946,1,downbythesallygarden
1577,16482725,"Rommel Sharma","2026-09-08 23:11:38",0.946,18,rommelsharma
1578,16855678,邱新,"2026-09-09 02:21:04",0.946,1,larklearning
1579,16658161,PursueML,"2026-09-09 06:31:08",0.946,10,pursueml
1580,16480780,"navazsh fathi","2026-09-22 15:28:31",0.946,26,navazshfathi
1581,16858747,"Khôi Đinh nguyên","2026-09-09 11:16:08",0.946,1,cbdsigmas
1582,16779272,"Samuel A Donkor","2026-09-09 17:35:44",0.946,13,calvinsamueldonkor
1583,16771310,karinkaito,"2026-09-13 06:27:07",0.946,6,karinkaito
1584,16458485,"Natalia Jaśkowska","2026-09-10 20:38:17",0.946,39,nataliajakowska
1585,16859326,JeedimetlaCharan213,"2026-09-12 19:13:23",0.946,8,jeedimetlacharan213
1586,16848757,SHIFT_R,"2026-09-10 12:38:59",0.946,1,ryoichiro
1587,16881130,IKUN,"2026-09-13 07:45:26",0.946,3,wuhaofei639993
1588,16881511,Juniperss,"2026-09-12 14:11:57",0.946,5,juniperss
1589,16881756,novasync88,"2026-09-12 15:25:18",0.946,5,novasync88
1590,16509663,"Mehul Sampat","2026-09-12 22:31:54",0.946,1,mpsampat
1591,16769106,Paris404,"2026-09-13 10:09:19",0.946,5,paris404
1592,16457292,U023,"2026-09-14 16:41:31",0.946,1,ryutek
1593,16483100,"Clark Kitchen","2026-09-15 01:21:48",0.946,3,clarkkitchen
1594,16890599,Bin.Han,"2026-09-21 20:29:21",0.946,10,binhan0514
1595,16895925,logicorix,"2026-09-15 09:28:05",0.946,4,logicorix
1596,16849286,ancientLuck,"2026-09-22 16:07:53",0.946,6,ancientluck
1597,16887514,"Laila Abbas","2026-09-15 17:37:35",0.946,1,lailaabbas297
1598,16850148,"Kartik Boxi 12","2026-09-20 07:00:21",0.946,1,kartikboxi12
1599,16729367,"Taichi Nakamura","2026-09-27 03:44:49",0.946,22,taichiiiii
1600,16831991,Wei_Chance,"2026-09-20 16:48:25",0.946,27,bystanderq
1601,16652951,KiKi,"2026-09-23 17:52:30",0.946,10,kingkiller2164
1602,16500229,"Đàm Văn Tài","2026-09-28 07:05:00",0.946,42,damvantai
1603,16867926,"Robert Baburin","2026-09-12 06:35:44",0.946,2,robertbaburin
1604,16744974,"Timothy Adeyemi","2026-09-16 11:03:40",0.946,10,timothyadeyemi
1605,16906821,"Pj Sh","2026-09-17 13:47:13",0.946,2,amirtanha
1606,16821430,Shatatarka,"2026-09-19 04:55:13",0.946,13,shatatarka
1607,16840063,wkdrbwnd1,"2026-09-28 22:45:10",0.946,8,wkdrbwnd1
1608,16555455,"Eng Adam Al mohammedi","2026-09-29 11:26:09",0.946,176,engadamalmohammedi
1609,16920944,chizuchizu,"2026-09-23 02:40:22",0.946,14,chizuchizu
1610,16728079,QuantumArya,"2026-09-21 20:36:58",0.946,1,"dexteritysamridhi,quantumarya"
1611,16464866,"Arnav Salkade","2026-09-29 03:45:00",0.946,63,arnavsalkade
1612,16937569,"Younes Menfalouti","2026-09-28 10:46:52",0.946,5,phecdatropic
1613,16734426,Lindicaphxag,"2026-09-24 02:13:13",0.946,32,oblivicore
1614,16561686,quantshayan,"2026-09-29 00:03:08",0.945,31,quantshayan
1615,16913067,"Kedar Kale","2026-09-18 09:20:31",0.945,4,kedarkale
1616,16461396,"Fahd EL ANSARI","2026-09-29 16:09:09",0.945,3,fahdelansari
1617,16638884,"Lee Johns Shaji","2026-09-11 06:22:37",0.945,51,leejohnsshaji
1618,16856224,"Yash Yadav #2","2026-09-13 20:53:40",0.945,6,yash2072005
1619,16674902,"Tom Yim","2026-09-12 16:01:39",0.945,121,tomyim
1620,16603293,shahram,"2026-09-17 11:20:28",0.945,65,shahramk61
1621,16784492,TK256,"2026-09-29 13:32:54",0.945,18,tk256ailab
1622,16461333,"Vishwas Mishra","2026-09-18 12:36:26",0.945,8,vishwasmishra1234
1623,16688850,"Zihao Zeng","2026-09-27 12:27:21",0.945,20,zihaozeng0021
1624,16459111,dvv_ram,"2026-09-20 12:28:10",0.945,47,ddvram
1625,16756833,"Vladimir Salazar","2026-09-15 05:11:54",0.945,26,vladm2600
1626,16612983,"Yiwei Pu","2026-09-23 02:36:34",0.945,6,"raven20010261,yiweipu"
1627,16778638,Yaojinming,"2026-09-21 14:41:39",0.945,9,yjm0905
1628,16934665,Kizabgd123,"2026-09-21 09:07:40",0.945,4,kiza123123
1629,16585455,ManiPrakashVIT,"2026-09-22 06:31:41",0.945,11,maniprakashvit
1630,16459395,larry54321zhao,"2026-09-26 07:50:16",0.945,24,larry54321zhao
1631,16505632,"Vitalie Cervinschi","2026-09-26 08:55:18",0.945,99,vitaliecervinschi
1632,16852565,"Jishnu Madav","2026-09-13 21:40:41",0.945,7,jishnumadav
1633,16766027,MinhTran2346,"2026-09-10 06:30:42",0.945,8,minhtran2346
1634,16783599,"Bruce Zheng","2026-09-08 00:59:45",0.945,7,brucezheng666
1635,16843966,"Zelin Huang","2026-09-08 10:40:51",0.945,3,blueshyy
1636,16853625,"Vũ Tuấn","2026-09-09 07:31:07",0.945,4,vtunksdlvnj6
1637,16764347,malone001,"2026-09-11 03:52:22",0.945,2,malone001
1638,16886313,novacryptic,"2026-09-13 12:34:35",0.945,2,novacryptic
1639,16884821,reziavon,"2026-09-13 05:29:32",0.945,2,reziavon
1640,16885692,tavrico,"2026-09-13 09:47:41",0.945,2,tavrico
1641,16891134,"Neloy Senapati","2026-09-17 11:40:38",0.945,5,neloysenapati
1642,16892949,OMN1V3R53,"2026-09-27 05:44:45",0.945,15,omn1v3r53
1643,16922645,"Gautier Marti","2026-09-19 13:53:33",0.945,3,gautiermarti
1644,16698137,"Radhe Radhe","2026-09-29 17:30:39",0.945,68,"shilpi2435,sudhishkumar021"
1645,16875627,__Siddhqefarth_gupta____,"2026-09-27 15:26:47",0.945,7,siddhqefarthgupta
1646,16457405,"Rishavendra Sharma","2026-09-24 07:01:36",0.945,93,rishavendrasharma
1647,16622365,"Zairi Amine","2026-09-15 01:05:03",0.945,9,zairiamine
1648,16900400,Hokage-Sama,"2026-09-25 21:52:14",0.945,2,paulojrramiro
1649,16667112,BreezyBard,"2026-09-22 07:41:38",0.945,6,breezybard
1650,16470748,"Tiannan Zhang","2026-09-09 00:24:53",0.945,45,underestimated
1651,16538837,zyvren,"2026-09-11 13:55:11",0.945,7,sharif485
1652,16578128,"Dr Dre","2026-09-18 19:42:05",0.945,83,drevler
1653,16467641,"Yurii Voievidka","2026-09-15 21:50:48",0.945,7,yuriivoievidka
1654,16453687,"Dinesh kumar Thiyagarajan","2026-09-20 15:47:49",0.945,56,dineshkumar0705
1655,16800073,"Liu Classmate","2026-09-10 11:19:45",0.945,6,liuclassmate
1656,16652807,YsM0819,"2026-09-10 06:08:50",0.945,4,ysm0819
1657,16799842,GBWK,"2026-09-18 16:03:23",0.945,8,gabmaury
1658,16665663,"Nguyễn Hồ Duy Trí","2026-09-29 04:52:48",0.945,48,trinhd1009
1659,16814951,khursani,"2026-09-13 08:16:36",0.945,14,khursani8
1660,16673139,JK,"2026-09-25 23:59:05",0.944,74,jtheyogi
1661,16455793,YinboLiu,"2026-09-24 02:19:16",0.944,4,yinboliu
1662,16860167,Kdeb,"2026-09-14 04:21:18",0.944,2,"ayushmankumar819,kumardeblin"
1663,16923874,Nightingale,"2026-09-24 09:37:02",0.944,5,apilkhadka
1664,16530462,hikahika,"2026-09-11 14:08:05",0.944,33,naganohikaru
1665,16672517,Kosakunin,"2026-09-29 17:31:11",0.944,23,yugoawawa
1666,16543272,"Enter your display name","2026-09-29 16:40:26",0.944,133,longnguyenthanh112
1667,16810054,lc今天刷了吗,"2026-09-09 04:54:03",0.944,2,limufeng
1668,16700589,"Menura Sathnindu","2026-09-29 09:08:59",0.944,5,"menurasathnindu,thushiniabey"
1669,16779752,PsyChris,"2026-09-09 11:01:26",0.944,16,psykrishna
1670,16497372,WBF_USA_NYC,"2026-09-11 18:07:19",0.944,17,wbfranci
1671,16805939,HireMe,"2026-09-13 03:01:31",0.944,5,junta1104
1672,16733925,"Dylan Gallagher","2026-08-30 00:39:40",0.944,9,dylangallagher03
1673,16723033,"Ayush Shukla","2026-09-29 07:31:24",0.944,12,ayushivy
1674,16727688,Snorlax,"2026-09-08 03:44:52",0.944,3,pku1400010735
1675,16830823,"Mai Thụy Ánh Tuyết","2026-09-08 11:22:06",0.944,7,mariaanhtuyet
1676,16792774,"Vadim Ermakov","2026-09-29 10:06:05",0.944,18,yermvad
1677,16588062,"Mukesh R","2026-09-09 16:35:18",0.944,8,"mukeshr06,nishitharajesh"
1678,16749468,"Llin Ding","2026-09-09 15:44:31",0.944,6,llinding
1679,16536900,gamesu7107,"2026-09-29 02:46:41",0.944,75,gamesu7107
1680,16710615,忧郁的奶蛙,"2026-09-27 08:19:29",0.944,24,"dengbing27,hope666"
1681,16672701,"Juan Neira","2026-09-29 07:13:38",0.944,82,juancneira
1682,16736682,"Mark Astrid","2026-09-16 07:35:08",0.944,8,markastrid
1683,16670126,PLATIC,"2026-09-22 15:38:54",0.944,7,stijnappelmoes
1684,16838463,"Abdulaziz M","2026-09-23 00:53:43",0.944,1,abdulaziz1440
1685,16942004,tyson,"2026-09-26 04:52:16",0.944,3,tysonwashere
1686,16463033,"PEDRO A. PALACIOS Z.","2026-09-25 02:05:09",0.944,24,pedroapalaciosz
1687,16608546,ttkauer,"2026-09-29 07:29:51",0.944,2,"guskmm,kkahoo,knuiia,ttkauer"
1688,16881197,"CavdadHun - VBECZ","2026-09-14 08:56:03",0.944,3,viktorbecz
1689,16921128,"RASHID M","2026-09-19 05:31:37",0.944,2,rashidmstar
1690,16743672,"Simon Dorcas","2026-09-24 16:23:06",0.944,13,simondorcas
1691,16842142,Seho.Connect,"2026-09-06 23:42:37",0.944,2,sehoconnect
1692,16922112,Shiv28,"2026-09-20 04:58:01",0.943,1,shiv28
1693,16462407,PiD,"2026-09-28 16:00:31",0.943,25,santoshpaidi
1694,16766098,"Sanket Nandkumar Patil ","2026-09-29 05:56:50",0.943,8,sanketnandkumarpatil
1695,16456930,porply,"2026-09-24 07:11:20",0.943,7,porply
1696,16857236,"Yaozhong Hu","2026-09-13 11:50:42",0.943,11,zerethon
1697,16810522,zyiqun,"2026-09-24 13:55:39",0.943,12,zyiqun
1698,16896000,omnifluxor,"2026-09-15 09:37:36",0.943,5,omnifluxor
1699,16566050,"Flying Ninjas","2026-09-15 21:35:22",0.943,4,"dhyaneshanchula,tulluritribhuvan"
1700,16619185,Artem,"2026-09-28 08:18:29",0.943,23,artem8verbov
1701,16847629,"Alex #2","2026-09-09 18:15:28",0.943,3,amunsentom
1702,16619505,"Vedran Hrabar","2026-09-26 00:59:47",0.943,22,vhrabar
1703,16741129,"Winter Lamb","2026-09-09 07:15:19",0.942,4,fabiansyahcahyo
1704,16588319,htnhtn,"2026-09-29 12:45:20",0.942,89,htnhtn
1705,16867731,Tamachan217,"2026-09-11 19:46:27",0.942,5,tamadesu217
1706,16754119,"Thai Hoang","2026-09-13 04:31:11",0.942,23,hnthai
1707,16681639,redblackbst,"2026-09-15 23:14:30",0.942,165,redblackbst
1708,16694491,"Edward Glöckner","2026-09-15 22:14:44",0.942,11,edwardglckner
1709,16693791,"Halit Taş","2026-09-15 17:05:19",0.942,5,halitta
1710,16747128,"Code Flowing on Finger","2026-09-09 19:33:50",0.942,25,"wuduis,xloudmax"
1711,16676219,shuto,"2026-09-05 18:21:12",0.942,12,kisigan
1712,16832835,Kohei,"2026-09-24 00:11:09",0.942,30,kshintani
1713,16795874,alexhhhh0938,"2026-09-15 17:10:16",0.942,15,alexhhhh0938
1714,16612971,Efnutrrionpy,"2026-09-27 00:59:05",0.942,39,efnutrrionpy
1715,16510802,"Ishan Bhargava","2026-09-13 23:09:18",0.942,20,ishanbhargava19
1716,16793911,"Ali Bauyrzhan","2026-09-09 09:03:20",0.942,15,alibauyrzhan
1717,16607198,"Ismail Mabrouki","2026-09-17 23:22:24",0.942,6,ismailmabrouki
1718,16517654,dpquoc,"2026-09-06 09:23:04",0.942,56,dpquoc
1719,16859700,"Kentaro Totsuka","2026-09-29 00:06:15",0.942,97,kotarot1
1720,16497116,k2011yi,"2026-09-18 02:39:20",0.942,53,yutaroito
1721,16875904,"Sakito Horie","2026-09-29 08:42:15",0.942,3,sakitohorie
1722,16639595,MahOMM,"2026-09-15 19:45:12",0.942,9,mahomm
1723,16680644,"Linh Le","2026-09-21 03:14:54",0.942,39,linhlethuy
1724,16906031,europanite,"2026-09-23 09:15:01",0.942,13,europanite
1725,16759230,浪漫血液,"2026-09-25 10:10:49",0.942,27,uncletian2021
1726,16741651,k328293jd,"2026-09-17 12:25:50",0.942,38,k328293jd
1727,16808798,J1aliangX,"2026-09-08 14:07:25",0.942,7,j1aliangx
1728,16464265,"Thuy Nhung Luong","2026-09-17 01:54:12",0.942,27,thuynhungluong
1729,16506850,GMMMMM,"2026-09-07 01:37:40",0.942,2,wkcwkc
1730,16867281,Lanqira,"2026-09-11 03:08:11",0.942,10,lanqira
1731,16730752,appu2431,"2026-09-24 16:08:23",0.942,34,appu2431
1732,16676454,"This cat is called Fumi","2026-09-27 10:17:30",0.942,37,qwer556617123
1733,16739683,Elohabci,"2026-09-07 08:45:51",0.942,18,temizkan
1734,16466584,"jihane Lek","2026-09-14 15:35:46",0.942,38,jihanelek
1735,16473818,"Surya milenial","2026-09-02 18:31:03",0.942,127,suryamilenial
1736,16833163,"Hiro Nomo","2026-09-07 14:32:20",0.942,10,morinokuma3
1737,16848269,"xiang156 xu","2026-09-08 02:37:14",0.942,6,xiang156xu
1738,16459236,"Kunal Sharma","2026-09-07 21:26:44",0.942,8,kunalsharma0x
1739,16480814,"Mohamed Tawfik","2026-09-16 06:46:47",0.942,2,mtawfikm
1740,16455343,Steven_Y,"2026-09-10 02:00:49",0.942,1,yyyu54
1741,16453596,Maxim,"2026-09-13 00:31:55",0.942,4,ektarr
1742,16886397,infoproje,"2026-09-13 12:53:39",0.942,3,infoproje
1743,16886667,okayu234,"2026-09-13 15:06:57",0.942,1,okayu234
1744,16832579,Doranap,"2026-09-14 05:46:55",0.942,9,doranap
1745,16775162,Baotran11,"2026-09-15 05:46:30",0.942,3,baotran11
1746,16582348,tetsu2131,"2026-09-27 08:03:36",0.942,6,tetsutani
1747,16466384,"Zbida Amine","2026-09-08 01:26:58",0.942,7,zbidaamine
1748,16768992,Inzilbêth,"2026-09-05 13:22:22",0.942,17,inzilbth
1749,16701217,"Atri Sukul","2026-09-21 19:26:32",0.942,5,atrisukul14
1750,16457146,"Benadict Infant A","2026-09-15 15:51:17",0.942,32,benadictinfanta
1751,16455570,ㅤㅤㅤ,"2026-09-21 23:56:06",0.942,27,seshurajup
1752,16755720,"Maxim Danilov14","2026-09-06 18:20:50",0.942,19,maximdanilov14
1753,16453388,"Joanna C.","2026-09-06 23:55:39",0.942,31,joannaciesielski
1754,16543085,"Chengchen Duan","2026-09-09 13:53:57",0.942,22,chengchenduan
1755,16744651,TeamBanzaiSL,"2026-09-07 06:28:39",0.942,45,teambanzaisl
1756,16678518,Saivardhan98,"2026-09-07 17:14:40",0.942,3,saivardhan98
1757,16571433,"Bulat Latypov","2026-09-08 09:11:59",0.942,4,bubuilder
1758,16511049,Chu_K,"2026-09-08 11:01:28",0.942,10,chukkkk
1759,16457206,"Soumyajyoti Biswas","2026-09-13 17:08:38",0.942,75,soumyajyotibiswas
1760,16867253,Zorvella,"2026-09-10 14:45:30",0.942,5,zorvella
1761,16697804,palmms,"2026-09-11 17:52:10",0.941,11,alialrisheq
1762,16776946,MrTrueTeller,"2026-09-04 16:36:57",0.941,13,mrtrueteller
1763,16833107,Terence,"2026-09-08 04:34:56",0.941,4,terence0914
1764,16810424,"Shibam Sundar Mahakud","2026-09-04 23:57:56",0.941,1,ssm11011
1765,16584945,"DDDou Bao","2026-09-07 04:45:00",0.941,10,"jiwangzi,xchenxxchenx,xiaopaku,zimskyw"
1766,16457759,"Made a Beautiful Bouquet","2026-09-05 06:13:02",0.941,5,zaiwubian
1767,16589493,"Ryan #2","2026-09-05 11:50:14",0.941,17,"bhtqjlcly,ryan051212"
1768,16819000,melowdramtic,"2026-09-13 04:33:11",0.941,14,melowdramtic
1769,16834779,HolyB,"2026-09-05 16:26:14",0.941,1,holybx
1770,16840594,"Connor Finnerty","2026-09-08 01:25:24",0.941,16,connorfinnerty
1771,16843019,"Elazar fuchs","2026-09-07 16:53:47",0.941,6,elazarfuchs
1772,16460156,"Harshank Matkar","2026-09-15 01:54:32",0.941,22,harshankmatkar
1773,16791827,east,"2026-09-07 11:04:25",0.941,14,eastxe
1774,16891870,"yihan zeng","2026-09-14 16:41:43",0.941,1,yihanzeng123
1775,16903994,vorlian,"2026-09-16 03:17:03",0.941,2,vorlian
1776,16892294,jiazaizhong123,"2026-09-26 06:40:15",0.941,2,jiazaizhong123
1777,16472946,YnsGlç,"2026-09-25 01:12:29",0.941,1,yunusgle
1778,16840596,darcy132,"2026-09-09 13:19:34",0.941,3,darcy132
1779,16790045,knn180,"2026-09-06 14:37:57",0.941,11,knn180
1780,16685139,"Hiroki Deutsch","2026-09-07 13:01:21",0.941,45,hirokideutsch
1781,16537411,Dresden,"2026-09-08 04:19:02",0.941,1,dresdeng
1782,16704928,"eryue shisi","2026-09-09 01:56:07",0.941,6,eryueshisi
1783,16848351,ket,"2026-09-13 00:21:00",0.941,1,kentken
1784,16741365,Stardescent,"2026-09-04 10:36:55",0.941,7,dimas337tum
1785,16511965,"Changye Li","2026-08-15 01:35:20",0.941,32,antoinegg1
1786,16453855,"Rahul Parmeshwar","2026-09-12 20:47:40",0.941,43,rahulparmeshwar
1787,16925529,"Gacha team","2026-09-24 07:39:23",0.941,3,"aconitumaska,karushevalexandr"
1788,16557387,Arnauya,"2026-08-18 08:47:27",0.941,46,arnauya
1789,16890326,Super_Lian,"2026-09-15 13:14:57",0.940,1,ly13934301513
1790,16689465,"Андрей Ворфоломеев","2026-09-03 22:01:36",0.940,27,perperper
1791,16771071,wjrmffldrhrl,"2026-09-04 01:08:37",0.940,21,wjrmffldrhrl
1792,16793114,ObkNik,"2026-09-27 20:03:00",0.940,23,obknik
1793,16827513,"Bartu Erdem","2026-09-04 10:36:04",0.940,5,bartu17
1794,16745168,guruguru000,"2026-09-06 04:04:48",0.940,3,guruguru000
1795,16465353,!?kaggak?!,"2026-09-07 06:21:41",0.940,30,"chriswrh,cudaoutofm,darkheian,yufanliao123"
1796,16541807,ArtemZen,"2026-09-07 18:09:23",0.940,50,artemzen
1797,16793930,"Ayush Shekhar","2026-09-19 05:10:54",0.940,4,ayushshekhar56
1798,16840020,"tri Âu","2026-09-05 14:27:17",0.940,1,triauhcmut
1799,16461323,Anaklusm0s,"2026-09-05 20:59:04",0.940,2,anaklusm0s
1800,16485503,kyoumonemui,"2026-09-13 07:31:01",0.940,2,kyoumonemui
1801,16534629,auouer,"2026-09-29 08:28:06",0.940,4,"auouer,guriken,hkamna,insightfulthinking"
1802,16672399,"Tiger bonbon","2026-09-29 14:13:51",0.940,3,fujiwarayuto
1803,16707768,JungHwan,"2026-09-06 04:58:47",0.940,33,najunghwan
1804,16453826,fdghmggef,"2026-09-29 09:34:55",0.940,3,fdghmggef
1805,16738425,Zero,"2026-09-09 03:39:42",0.940,12,"benjason,loudehua"
1806,16705807,"Zidan Abdul Gani Rengirit","2026-09-29 16:49:37",0.939,7,ziken123
1807,16765131,neuro168,"2026-09-11 06:50:44",0.939,18,lordmc
1808,16740684,triple2,"2026-09-29 08:54:12",0.939,83,"mdongr05,mingma777,wakeupr41n"
1809,16463773,bobbobo,"2026-09-03 07:41:41",0.939,4,james8lo
1810,16799002,MadBalls,"2026-09-03 07:43:05",0.939,4,restovrator
1811,16692888,"elegantangel (628700)","2026-09-03 19:59:33",0.939,5,elegantangel
1812,16460888,"Uchechukwu Ajuzieogu","2026-09-03 22:19:00",0.939,29,uchechukwuajuzieogu
1813,16706030,"Sardor Razikov","2026-09-04 06:31:43",0.939,26,sardorrazikov
1814,16602673,"Egor Trushin","2026-09-07 05:10:25",0.939,23,egortrushin
1815,16733462,shin0ed,"2026-09-13 09:45:12",0.939,26,"shin0ed,zeroxm"
1816,16796689,GabrielC144,"2026-09-29 14:53:26",0.939,29,gabrielc144
1817,16471716,"FasterYouChase FasterIRun","2026-09-05 08:12:00",0.939,104,icoguser
1818,16455457,"Ragunath Ravi","2026-09-17 12:48:53",0.939,9,ragunathravi
1819,16471383,"Aleksandr  Larko","2026-09-03 09:40:34",0.939,13,alexxanderlarko
1820,16456248,cotora2121,"2026-09-03 12:40:08",0.939,3,cotora2121
1821,16731937,ZetX_Zephyr,"2026-09-28 13:06:55",0.938,49,zetxzephyr
1822,16603155,"Dariush Afshar","2026-09-14 06:00:15",0.938,23,dariushafshar
1823,16463988,"Patryk Wolny","2026-09-18 04:52:11",0.938,19,patrykwolny
1824,16552996,Qimra1729,"2026-09-03 00:30:07",0.938,13,qimra1729
1825,16802064,DongwooPark,"2026-09-03 01:04:02",0.938,3,dongwoopark
1826,16811772,Enma,"2026-09-03 02:52:48",0.938,1,tupakulasivashankar
1827,16652236,"Chenxi Zhao21","2026-09-03 05:43:56",0.938,10,chenxizhao21
1828,16723389,"Salty Taro","2026-09-05 04:55:00",0.938,36,notoverkil
1829,16455359,Adaluvu,"2026-09-03 07:56:15",0.938,1,"adaluvu,phamchienunc"
1830,16585332,"Jatin Arutla","2026-09-03 10:28:45",0.938,5,delhialli
1831,16811121,"Alex Kharlamov","2026-09-06 19:22:37",0.938,3,gamers5a
1832,16560764,"Gordeev Max","2026-09-26 13:53:04",0.938,5,gordeevmax
1833,16473741,CuteClaw,"2026-09-02 13:05:55",0.938,73,bloodmoonwq
1834,16504327,quantcrypto3,"2026-09-12 03:13:32",0.938,45,quantcrypto3
1835,16713846,"sissoko cheick","2026-09-03 07:45:13",0.937,26,sissokocheick
1836,16669104,"Philippe REYNAUD","2026-09-29 16:33:28",0.937,20,philippereynaud
1837,16777360,"Álvaro García","2026-09-27 19:12:38",0.936,64,luxidor
1838,16578952,"Valentina Catalano","2026-09-01 18:58:50",0.936,4,valecc
1839,16496671,Supr3mum,"2026-09-03 14:01:41",0.936,1,friklez
1840,16492928,zorac,"2026-09-27 16:26:56",0.936,39,zoracmobilis
1841,16783318,Karthik,"2026-09-23 21:04:03",0.936,19,karg14
1842,16454712,altervation,"2026-09-10 01:21:04",0.936,47,altervation
1843,16741470,@dity!G@=r,"2026-09-03 00:55:22",0.936,4,ditygr
1844,16463210,"Kun Zhang","2026-09-01 14:29:57",0.936,180,beicicc
1845,16641274,mktetts,"2026-09-01 18:03:34",0.936,7,mktetts
1846,16666945,esis_ai,"2026-09-01 20:55:37",0.936,22,alexesn
1847,16760875,"Aayush Sigdel","2026-09-02 01:44:00",0.936,2,aayushsigdel
1848,16803366,"Vanessa Hudan","2026-09-07 05:15:24",0.936,3,vanessahudan
1849,16727562,ORORORORO,"2026-09-02 17:43:51",0.936,10,"akira1194,kou552,waddledeedoo"
1850,16784013,"Morylov Yehor","2026-09-02 18:05:50",0.936,2,morylov
1851,16807807,icelemon2004,"2026-09-03 12:51:09",0.936,3,"icelemon2004,nsklo9osn"
1852,16453674,"Giovanny Rodríguez","2026-09-29 19:24:41",0.936,35,"arnavmishra02,giovannyrodrguez"
1853,16498063,"chen zhu_24","2026-09-03 11:11:05",0.935,2,chenzhu24
1854,16719737,"Alejandro Cuevas","2026-09-23 23:52:40",0.935,10,pollicio
1855,16885820,Solitarys,"2026-09-22 08:41:09",0.935,3,"solitarys,zorafdc"
1856,16798858,rick,"2026-09-02 13:25:25",0.935,2,rick0000
1857,16793349,draqonofwhitestars,"2026-09-01 08:33:06",0.935,4,draqonofwhitestars
1858,16460501,colaaaaaaaa,"2026-09-01 15:47:35",0.935,31,colaaaa
1859,16803697,"Abed Merii","2026-09-02 12:44:22",0.935,5,amerii
1860,16770165,Nikhila,"2026-09-01 17:43:19",0.935,4,nikhila021006
1861,16459759,"Rafael Gomes","2026-09-04 14:11:34",0.935,72,grafael
1862,16462118,"Nadeev Alam","2026-09-02 03:39:51",0.935,11,nadeevalam
1863,16454100,"Harshini Reddy","2026-09-02 19:26:45",0.935,7,luffyh04
1864,16459726,MeeMee,"2026-09-23 06:37:23",0.935,76,yagi46
1865,16600649,kannou,"2026-09-12 09:54:48",0.935,16,kannou
1866,16881576,Venqira,"2026-09-12 14:29:40",0.935,5,venqira
1867,16884897,yovrini,"2026-09-13 05:47:52",0.935,2,yovrini
1868,16884918,torvile,"2026-09-13 05:52:58",0.935,2,torvile
1869,16559636,"Sunesh Praveen Raja Sundarasami","2026-09-12 17:48:06",0.935,7,suneshsundarasami
1870,16596963,DL,"2026-09-14 13:06:24",0.934,175,distiller
1871,16633167,Musliadi,"2026-09-01 05:24:49",0.934,5,timscientia
1872,16460312,"Thien Nguyen","2026-09-01 06:51:51",0.934,3,ntthientn
1873,16798272,VELVRIN,"2026-09-05 08:29:22",0.934,6,avioon
1874,16739796,Peanut,"2026-09-01 07:19:22",0.934,2,aurimasgreicius
1875,16581172,OrionTCG,"2026-09-02 06:47:35",0.934,37,ljs2546
1876,16511741,hhuanghhao,"2026-09-29 06:33:18",0.934,44,hhuanghhao
1877,16481971,"My toes is dividing.","2026-09-09 17:56:03",0.934,74,russcore
1878,16646333,arman1o1,"2026-09-02 06:48:36",0.934,21,arman1o1
1879,16711775,"Kaito Fukami","2026-09-29 12:19:59",0.934,10,kaitofukami
1880,16921674,"Vinayak N Kothari","2026-09-21 07:21:53",0.934,9,vinayaknkothari
1881,16792857,Steven66886688,"2026-09-29 17:32:59",0.934,3,steven66886688
1882,16645547,KenZx0521,"2026-09-02 06:36:52",0.934,3,kenzx0521
1883,16487645,"Felipe Ferreira","2026-09-08 13:59:29",0.934,73,felipeporcher
1884,16793213,onlytimeknows,"2026-09-04 11:01:35",0.934,7,onlytimeknows
1885,16578856,funny,"2026-09-03 14:54:50",0.934,115,satyamchaubey360
1886,16655382,"Jean-Sébastien Kersaint Tournebize","2026-08-28 08:50:12",0.934,23,jeansebsxm
1887,16811974,"Violet Notes","2026-09-03 18:10:25",0.934,1,dominicjamil
1888,16532312,"Megha Aroor","2026-09-29 07:26:17",0.934,6,"meghaaroor,raguram"
1889,16846392,"Hakkı Besim Bardakçı","2026-09-14 06:57:48",0.934,13,xdebron
1890,16770221,"Andrés Santos Sanz","2026-09-03 13:48:31",0.934,29,andressantossanz
1891,16618989,NewBeeMrK,"2026-09-01 13:51:52",0.933,2,"newbeemrk,takeryu"
1892,16579471,CELL2DAY,"2026-09-07 05:43:42",0.933,14,"bellaxxxxxx,shylanie,wuwenmin"
1893,16672026,"Salenkov Dmitrij","2026-08-31 13:12:40",0.933,5,puffywind
1894,16769132,"Matias Luciano Antezana","2026-09-21 03:19:45",0.933,56,matiasantezana
1895,16911829,Izumi_LP,"2026-09-17 22:08:52",0.933,2,amememe
1896,16490981,"Rémi Faucon","2026-09-09 17:12:39",0.933,5,rmifaucon
1897,16793132,"Dharun Suryaa","2026-08-30 14:45:19",0.933,1,dharun4772
1898,16533519,"Murat Beşli","2026-09-03 07:49:18",0.933,14,"ardaarslan10,muratbeli"
1899,16708735,Sojiro.O,"2026-08-30 18:47:47",0.933,10,sojiro314
1900,16556334,"Dimitri ZABRE","2026-08-30 22:21:20",0.933,2,dimitrizabre
1901,16705625,hibana2077,"2026-08-31 02:58:18",0.933,27,hibana2077
1902,16664684,Junlaii,"2026-08-31 07:20:51",0.933,16,junlaii
1903,16766146,Gu,"2026-08-31 14:55:31",0.933,7,xxxccc333
1904,16513761,›⩊‹,"2026-09-03 15:01:49",0.933,2,roniuhle
1905,16590907,"Ali Ahmad","2026-09-28 12:49:01",0.933,14,aliahmadmphil
1906,16867831,"[Deleted] c9bb1ac3-444c-4689-98e5-1cca9859e5ce","2026-09-10 18:48:36",0.933,1,nathaeldias
1907,16457249,Orion,"2026-09-02 08:25:53",0.932,4,fastthanh78
1908,16460011,"Ignacio Martín Sánchez","2026-08-19 12:59:23",0.932,73,ignaciomartnsnchez
1909,16792162,SkoopSkoop,"2026-09-01 07:34:19",0.932,4,skoopskoop
1910,16780859,YaoCipher,"2026-08-31 03:02:51",0.932,1,yaocipher
1911,16459538,Chaloemchai-beer,"2026-09-05 08:58:38",0.932,8,nonamedev
1912,16814698,"Christian Mendoza","2026-09-27 19:00:27",0.932,6,chrishotza
1913,16827196,Takumin,"2026-09-23 15:27:22",0.932,8,novieww
1914,16590810,mohsen2050,"2026-09-29 17:38:23",0.932,5,mohsen2050
1915,16774698,T.Vigneshreddy,"2026-09-02 04:41:57",0.931,8,tvigneshreddy
1916,16590129,"Md Fahad Al Faisal","2026-09-01 11:30:54",0.931,6,mdfahadalfaisal
1917,16793811,PatilPiyushV,"2026-08-31 11:04:57",0.931,1,patilpiyushv
1918,16791821,10pi,"2026-09-02 09:35:37",0.931,6,meredith10pi
1919,16689556,JovanaLab,"2026-08-25 00:21:46",0.931,12,"choonesenlu,joxitsai"
1920,16792486,"SHUO WANG","2026-09-02 13:57:28",0.931,9,shuowang928
1921,16461714,"Dmytro Rakovskyi","2026-09-03 13:44:40",0.930,92,dmytrorakovskyi
1922,16473822,"Kers Aoyagi","2026-08-31 23:12:52",0.930,18,kersaoyagi
1923,16633798,george-nigmatulin,"2026-09-21 08:48:12",0.930,28,georgenigmatulin
1924,16750267,"Harris Bashir","2026-09-03 10:07:56",0.930,8,harrisbashir
1925,16493746,akihiro,"2026-09-29 03:28:40",0.930,123,akihirokkkkk
1926,16454239,theredbluepill,"2026-09-23 17:10:05",0.930,15,poonszesen
1927,16456311,Santhana,"2026-09-29 15:12:28",0.930,44,santhanalekshmic
1928,16579533,yasut0ra,"2026-08-29 16:19:52",0.930,2,yasut0ra
1929,16462579,cya,"2026-08-25 03:04:03",0.929,50,"kirvk013,ngyzly,yoakeelee"
1930,16453839,"Lawrence Long","2026-09-16 01:24:26",0.929,18,lawrencelong
1931,16508130,Biosphere,"2026-09-19 14:18:32",0.929,23,"abdullahgultekin,glsmgltkn"
1932,16463373,kenma,"2026-09-28 09:51:19",0.929,24,kentamasu
1933,16612839,"Martin Brosset","2026-08-28 16:24:21",0.929,32,martinbrosset
1934,16785060,Sunny,"2026-09-05 15:59:14",0.929,8,sourabhnirwanevht
1935,16618307,"BJ Kim","2026-09-01 12:13:50",0.929,12,doitdoit80
1936,16488248,"Bejjala Mani Sai Teja","2026-08-30 13:22:01",0.929,5,bejjalamanisaiteja
1937,16876022,"Jeff Law #2","2026-09-22 03:32:45",0.929,12,jlaw99
1938,16759456,caesiummm,"2026-09-09 14:16:24",0.929,6,caesiummm
1939,16717724,"Menelik Zafir","2026-09-29 11:07:24",0.928,34,monibeefudgekins
1940,16719681,"Florence Wang","2026-09-02 12:07:11",0.928,22,florencewjw
1941,16583630,小出和見,"2026-08-27 23:25:11",0.928,2,kzmk8d
1942,16460582,zakihiro,"2026-08-30 01:50:26",0.928,68,zakihiro
1943,16773863,phongtintruongg,"2026-09-17 18:52:48",0.928,6,phongtintruongg
1944,16571314,KhanZKhan,"2026-09-03 00:01:07",0.928,40,khanzkhan
1945,16753643,mushichou4,"2026-08-28 12:43:25",0.928,2,mushichou4
1946,16490427,"yuji y","2026-08-29 02:11:37",0.928,10,yujiyyy
1947,16475014,"Need teammates plz","2026-08-26 14:14:34",0.927,80,znwe342
1948,16771445,"Rick Shao","2026-08-31 11:46:12",0.927,6,rickyshao
1949,16770160,"Lance Wu","2026-08-30 15:33:45",0.927,7,lancewu722
1950,16470935,DevinNicholson,"2026-09-01 20:11:44",0.927,57,dnicholson
1951,16603891,misc,"2026-09-29 07:42:15",0.927,19,"duojin809,luleeee,sixgodd,weihanshen,yaoxun"
1952,16747376,"S.M Hadi Rizvi","2026-08-24 16:02:27",0.927,15,smhadirizvi
1953,16539278,"Renuka Shanmugam","2026-08-31 12:33:38",0.927,19,s22renuka
1954,16643661,Tim,"2026-09-14 00:36:14",0.927,4,tims457
1955,16780072,BIA,"2026-09-29 12:01:40",0.927,28,"emerleahpar,tristanmanneville"
1956,16457266,shahxsalman,"2026-09-29 10:17:45",0.926,4,shahxsalman
1957,16453974,"Muhammad Faris Abqari","2026-08-30 13:24:40",0.926,15,farisabqari11
1958,16780237,"Mirangga Jakti","2026-09-25 02:42:45",0.926,15,miranggajakti
1959,16774217,kambehmw,"2026-09-05 14:30:12",0.926,12,kanbehmw
1960,16489907,"Kumaran K","2026-08-28 02:45:37",0.926,19,kumarandatascientist
1961,16776829,"Mikhail Bovt","2026-09-29 14:04:07",0.926,8,mikhailsovab
1962,16466744,genesogenesis,"2026-09-28 16:38:59",0.926,97,igorjovanovic
1963,16748572,"Ahmet Yasır Eminoğlu","2026-08-25 13:22:52",0.926,2,ahmetyasreminolu
1964,16539357,"Aryan patel","2026-08-26 13:54:47",0.926,11,aashadevi
1965,16772437,"Muneeba Badar","2026-08-25 21:05:40",0.926,1,muneebabadar
1966,16485140,DRHuyy,"2026-09-02 17:49:36",0.926,15,drhuyy
1967,16479684,Pascal,"2026-08-26 00:37:04",0.926,61,pascalledesma
1968,16536575,"Martin Mbalkam","2026-08-24 13:12:42",0.926,6,martinmbalkam
1969,16500994,"Felipe KNBIS","2026-08-25 15:25:00",0.926,90,felipe1983
1970,16576737,Nadeem,"2026-08-24 23:01:19",0.926,5,nadeembinshajahan
1971,16761933,"Amarachukwu Ezebube","2026-08-25 12:45:38",0.926,3,amarachukwuezebube
1972,16640289,zdawer250,"2026-08-26 08:25:36",0.926,10,zdawer250
1973,16479983,"Imran Ahamed","2026-08-30 19:45:43",0.926,9,immu4989
1974,16755530,MohammadBaselKhalid,"2026-08-26 11:56:13",0.926,17,mohammadbaselkhalid
1975,16774318,A_yuki,"2026-08-26 12:37:08",0.926,1,yukiys
1976,16772513,"Erik Tavares","2026-09-07 19:58:34",0.926,6,eriktavares
1977,16731170,Lperalt,"2026-09-21 01:48:19",0.926,4,lucianobastidas
1978,16455219,"Takeo Shibata","2026-09-09 19:15:49",0.926,3,takeoshibata
1979,16468646,zhangjiaweii,"2026-09-02 01:46:59",0.926,9,zhangjiaweii
1980,16454090,"djamal hani","2026-09-24 22:45:47",0.926,10,djamalhani
1981,16456748,"Varun Rao","2026-08-24 07:40:41",0.925,19,varunraosfanlkan
1982,16608165,konipuman,"2026-09-29 12:30:12",0.925,20,konipu
1983,16768216,"Sourab Ghosh","2026-08-25 14:01:18",0.924,2,sourabghosh
1984,16666890,tp,"2026-09-12 13:04:38",0.924,111,ahmedelfazouan
1985,16583925,Duck,"2026-08-09 10:47:37",0.924,33,shivamanand0
1986,16708859,"Arda Orcun","2026-08-27 05:54:56",0.924,15,ardaorcun
1987,16574193,"Harri Somakanthan","2026-08-16 11:03:47",0.924,77,"harriwashere,prashantinimaniam"
1988,16772568,Jingxiang,"2026-08-26 06:00:06",0.924,5,jingxiango
1989,16833140,"Hi Im Ryo","2026-09-27 14:02:02",0.924,26,loto610
1990,16780376,Rister,"2026-08-27 17:30:18",0.923,1,rister101
1991,16782184,pikachu,"2026-09-02 10:13:35",0.923,15,jzhpfn
1992,16545454,"chrome frames","2026-07-22 07:30:02",0.923,4,svdrecbd
1993,16723977,"Someswararao Tellakula","2026-08-28 04:43:47",0.923,5,someshtellakula
1994,16784117,"Mark Barsoum Markarian","2026-09-08 09:04:23",0.923,8,markbarsoummarkarian
1995,16455771,!!!!!,"2026-09-26 05:15:43",0.923,25,forgakki
1996,16606396,"An Ni RiakWa Kra Dao Khu","2026-09-19 23:00:41",0.923,179,nineyoyoyo2
1997,16454948,nnostradamuzzz,"2026-09-26 10:19:52",0.923,29,"agentzz,rahelhbn,yizreelschwartz"
1998,16728015,"Oscar Yáñez Feijóo","2026-08-24 21:04:23",0.923,3,oscaryezfeijo
1999,16617965,apat1n,"2026-09-29 21:38:09",0.923,12,grennwolf
2000,16763402,yarkhom,"2026-09-29 14:33:31",0.922,131,yarkhom
2001,16485292,"Hiroyasu Okuno","2026-09-04 13:50:27",0.922,20,hiroyasuokuno
2002,16651481,Aksell,"2026-08-25 11:40:25",0.922,35,aksell7
2003,16654319,Aditya,"2026-08-19 10:07:20",0.922,17,adyprat
2004,16454310,"Manan 'Pistacchi' Gupta","2026-08-08 19:21:24",0.921,98,obirdy
2005,16665892,chenhao,"2026-08-18 03:00:19",0.921,35,chenhao2115
2006,16589634,G_ssk,"2026-09-29 07:05:13",0.921,21,thinkphil
2007,16750041,"AJ Calica","2026-08-28 00:03:01",0.921,18,abduljabbarcalica
2008,16708390,"Daniil Shmelev","2026-08-23 08:14:15",0.920,5,daniilshmelev
2009,16665092,"Zhizhou Sha","2026-08-23 04:56:41",0.920,20,zhizhousha
2010,16623941,"Simon Leong","2026-08-21 16:38:40",0.920,25,simonleongcn
2011,16712379,iamnifer,"2026-08-21 17:27:57",0.920,13,iamnifer
2012,16478028,"Eduardo Farina","2026-08-21 22:47:42",0.920,21,eduardofarina
2013,16758752,latter0206,"2026-08-24 01:19:14",0.920,3,shoheiyamanaka
2014,16767212,"Andrei Chiscaru","2026-08-29 10:59:09",0.920,3,andreichiscaru
2015,16761073,"Alejandro Izaguirre","2026-09-10 15:29:27",0.920,10,alejandroizag
2016,16486943,"Thomas Cook","2026-09-14 12:56:23",0.920,32,curiouskoala
2017,16851739,HuyKaizer243,"2026-09-26 09:47:35",0.920,9,huykaizer243
2018,16510160,"Diego Vannoli","2026-09-15 12:11:16",0.920,7,diegovannoli
2019,16551184,"J. Jung","2026-08-14 04:33:29",0.919,35,jjung32
2020,16711357,nanlour,"2026-08-24 12:08:56",0.919,4,nanlour
2021,16458596,"Yuri D.Kobyzev","2026-08-24 08:24:36",0.919,60,yurikobyzev
2022,16655557,kylinhanx,"2026-08-29 15:17:53",0.919,75,kylinhx
2023,16709111,johnsebin97,"2026-08-20 13:57:12",0.919,6,johnsebin97
2024,16718107,gjjkmbggv,"2026-08-22 16:17:10",0.919,6,gjjkmbggv
2025,16454490,"Xiaolei Lian","2026-09-04 17:53:36",0.918,32,xiaoleilian
2026,16789772,Raymang0,"2026-09-08 15:09:50",0.918,2,raymondbrookman
2027,16455638,"Quan Vu","2026-08-22 14:53:30",0.918,38,quan0095
2028,16692338,"Aryavrat Mishra","2026-08-23 03:01:27",0.918,6,aryavratmisrha
2029,16724767,"Timothee Henry","2026-08-30 19:46:35",0.918,19,timhenry
2030,16456093,"Bishnu Ganguly","2026-09-29 04:06:47",0.918,18,bishnuganguly
2031,16605272,"Wenku Wang","2026-08-16 18:56:54",0.918,7,wenkuwang
2032,16742761,"Ishaan Karmokar","2026-08-22 20:25:56",0.918,12,"ishaankarmokar,konark1234"
2033,16466953,"Michał Łapiński","2026-08-26 20:37:11",0.918,24,michaapiski
2034,16562059,sususu,"2026-08-19 19:11:22",0.917,39,suminshim
2035,16494728,Haumea,"2026-08-08 06:15:51",0.917,78,chaitanyagullapalli
2036,16557100,"Raed Ennab","2026-09-10 03:24:20",0.917,13,raedennab
2037,16729702,YinuoChen271,"2026-08-17 17:25:50",0.917,2,yinuochen271
2038,16723474,"Raef Guizani","2026-08-22 09:51:53",0.917,17,raefguizani
2039,16455079,小陈同学,"2026-08-18 09:29:23",0.917,3,czastu
2040,16552446,SangGold,"2026-08-18 14:51:10",0.917,2,sanggold
2041,16740897,"Alexander Kokshenin","2026-08-19 11:01:26",0.917,2,kokshenin
2042,16569611,"Bright O.H.","2026-08-19 19:36:34",0.917,11,brightoh
2043,16603533,hrbatra,"2026-08-19 23:24:29",0.917,3,hrbatra
2044,16458072,"Hajimi Nanbeilvdou","2026-08-29 10:08:33",0.917,6,shipuxu
2045,16613605,harawa,"2026-09-05 13:33:27",0.917,7,harawa
2046,16753737,mov,"2026-08-21 11:52:00",0.917,1,movvvc
2047,16730651,victorvv,"2026-08-23 17:01:24",0.917,1,whs66666666666
2048,16759235,"KAIS ALJAMMAL","2026-08-24 11:37:31",0.917,2,kaisaljammal
2049,16786242,shenxin123,"2026-09-22 06:34:00",0.917,21,shenxin123
2050,16677382,"Tyler Myers","2026-08-14 00:44:54",0.917,30,tydymy
2051,16612070,"Saksham Gupta","2026-08-13 18:53:55",0.917,12,sakzgupz
2052,16490912,"Asma Houimli","2026-08-26 21:59:45",0.917,3,asmahwimli
2053,16513236,victor,"2026-08-07 03:01:23",0.916,73,vicmcorrea
2054,16731107,"uma mahesh23","2026-08-17 14:13:43",0.916,1,umamahesh23
2055,16606207,"shize Li","2026-08-24 11:20:55",0.916,4,sptuno
2056,16579412,"Pranav Magadi","2026-09-03 07:01:52",0.916,11,pranavmagadi
2057,16454479,Sam,"2026-08-16 17:35:57",0.916,21,beartrader
2058,16458936,"Nur Srijan","2026-09-24 16:18:01",0.916,14,nursrijan
2059,16604966,lihua778,"2026-08-05 12:35:47",0.916,20,lihua778
2060,16456498,"Scott Willis","2026-08-03 01:06:34",0.916,48,scottgwillis
2061,16714728,"Joseph Paggeot","2026-08-24 06:15:59",0.916,20,josephpaggeot
2062,16752025,"Luan Kunyu","2026-08-21 07:55:58",0.916,1,luankunyu
2063,16727851,"Hamza Bilal","2026-09-05 10:44:38",0.916,7,hamziioio
2064,16611170,T.SHIGA,"2026-08-18 21:32:54",0.916,35,takumashiga
2065,16702316,"Witold Dziurdz","2026-08-18 17:19:41",0.916,12,witolddziurdz
2066,16625069,"HIbiki Awai","2026-09-22 12:54:40",0.916,11,"hibikiawai,matsushimatoshiki"
2067,16699625,"Uzumaki Julius","2026-08-12 05:02:26",0.916,4,uzumakijulius
2068,16603615,"Kyle Wang","2026-08-11 09:54:43",0.916,27,ky1ewan9
2069,16549930,零號軌跡,"2026-08-07 08:01:05",0.916,68,y1amadeus
2070,16675548,"Siwotha You","2026-08-13 12:10:37",0.916,22,siwotha
2071,16641259,roreternity,"2026-09-28 19:07:12",0.915,9,roreternity
2072,16639500,maekeso,"2026-09-24 14:51:49",0.915,92,maekeso
2073,16455016,JohnLussier,"2026-08-19 17:28:10",0.915,41,johnlussier
2074,16495180,"Tariku Mehdi","2026-08-30 03:00:13",0.915,29,tarikumehdi
2075,16455444,"Rohan Alex Bimal","2026-08-09 11:41:09",0.915,65,rohanalexbimal
2076,16459970,"Duong Nguyen","2026-08-20 09:51:08",0.915,6,nguyncdngs
2077,16454432,"ZITAI ZENG","2026-09-19 10:23:28",0.915,27,"gruubyhimself,trieuhy"
2078,16697178,"William Hau","2026-08-12 03:17:24",0.915,2,williamhau
2079,16554448,"Marco DG","2026-08-12 07:47:31",0.915,21,marcodg
2080,16491354,Ron506,"2026-08-17 14:37:24",0.915,25,ron506
2081,16598559,"ZICHENG LING","2026-08-11 13:21:49",0.915,10,"chalmerstian,lingzicheng"
2082,16707979,Pones_kaggle,"2026-08-15 01:37:25",0.915,24,pyd966
2083,16690938,ed2608,"2026-09-29 12:50:13",0.915,69,ed2608
2084,16713525,Anruan,"2026-08-12 16:48:49",0.915,1,xiaowanshen
2085,16463565,yuuuuuuuuri,"2026-08-13 13:37:53",0.915,36,yuuuuuuuuri
2086,16566798,"Filip Jediný","2026-08-09 08:06:33",0.915,7,filipjedin
2087,16454348,"Issac “Izreal” Davis","2026-08-19 01:05:10",0.915,52,issacizrealdavis
2088,16461316,"Cihan Atak","2026-08-02 19:05:50",0.915,29,cihanatak
2089,16454244,"Ivan Sabev","2026-08-06 06:02:02",0.915,39,ivansabev
2090,16603392,bai2ertwo,"2026-08-09 20:08:43",0.915,37,bai2ertwo
2091,16462369,"Roma Tikhonov","2026-09-22 21:50:18",0.915,72,tikhonovroma
2092,16680169,AOI___3333,"2026-08-23 14:10:07",0.915,9,aoi3333
2093,16584151,"HARUKI HARADA","2026-09-06 03:05:33",0.915,28,harukiharada
2094,16456108,Cosmic,"2026-08-15 10:26:05",0.915,4,shubhamkambli11
2095,16453926,zinutag,"2026-08-23 09:45:45",0.915,4,zinutag
2096,16931841,kawhi0.0,"2026-09-29 13:34:24",0.915,14,kawhi00
2097,16591703,dut-dmu,"2026-08-22 09:23:58",0.915,17,"lntuzhaochen,simanli627"
2098,16726284,rperez04,"2026-08-20 22:02:48",0.915,7,rperez04
2099,16600192,Mark_RowSet,"2026-08-16 01:17:17",0.915,6,markrowset
2100,16496751,"Pascal #2","2026-08-09 21:08:02",0.915,27,pperle
2101,16471876,musculer,"2026-08-27 03:10:41",0.915,28,musculer
2102,16499213,yiyu0716,"2026-08-16 08:00:34",0.915,15,yiyu0716
2103,16634089,"LI MO ZI YA","2026-08-09 15:38:43",0.915,10,limoziya
2104,16695863,"Giampietro Pregnolato","2026-08-10 15:26:29",0.915,2,giampietropregnolato
2105,16660855,"lxh unbound","2026-08-10 06:45:20",0.915,17,lxhunbound
2106,16456633,Nikita,"2026-08-10 17:59:03",0.915,14,nikitagajbhiye30
2107,16474828,Tushar,"2026-08-11 14:39:10",0.915,10,tushartalukder
2108,16687521,ringbearer,"2026-08-22 23:24:05",0.915,3,mehmetbarankrat
2109,16696771,"maximo lorenzo y losada","2026-08-13 01:40:51",0.915,8,maximolorenzoylosada
2110,16712733,hiro,"2026-08-13 08:19:09",0.915,1,ad1999
2111,16722284,kkogai,"2026-08-14 22:49:37",0.915,1,kkogai
2112,16489611,shige,"2026-08-17 22:02:58",0.915,14,shigechan
2113,16722912,"Md. Mehedi Hasan","2026-08-16 23:17:25",0.915,4,mehedi052
2114,16454212,Weatherhead,"2026-08-15 04:39:37",0.915,46,"jakeweatherhead,jamesweatherhead"
2115,16530758,"nk for work","2026-09-26 18:27:23",0.915,19,nkforwork
2116,16639753,r h d 12138,"2026-09-22 07:21:21",0.915,22,"alexanderrick,rhd12138"
2117,16726690,tmcater,"2026-08-16 09:38:26",0.915,1,tmcater
2118,16726050,"Two Epochs","2026-08-16 19:32:46",0.915,4,"ketan987,saur3x"
2119,16471323,"Changyuan Chen","2026-09-29 09:21:27",0.915,20,changyuanchenmit
2120,16712993,"Paul Guillemin","2026-08-24 12:22:33",0.915,11,paulguillemin
2121,16639966,"Abhimanyu R B","2026-09-09 13:49:55",0.915,24,"aagneye,abhimanyu122"
2122,16481224,BurntPotato,"2026-08-25 16:48:30",0.915,14,burntpotato
2123,16491000,akmr,"2026-09-20 12:30:57",0.915,32,akimaru
2124,16457383,"Code Alpha","2026-08-22 13:30:31",0.915,2,chunmunbanerjee
2125,16543160,nqy123,"2026-08-30 11:45:13",0.915,24,nqy123
2126,16609198,Fable5,"2026-08-01 12:53:59",0.915,23,"dangdung177,dianpham,haivan11,ngocphong03"
2127,16464103,"Ammar Sohail","2026-08-05 12:35:16",0.915,5,mar555555
2128,16473091,"PowerPuff Girls","2026-08-05 11:06:20",0.915,97,shivasai77
2129,16456754,ShreeDSanthagunam,"2026-08-07 06:00:00",0.915,28,shreedsanthagunam
2130,16461959,Abdulsamad,"2026-08-09 06:44:32",0.915,124,abdulsamadjod1234
2131,16668687,"Hoàn Đoàn","2026-08-05 15:41:57",0.915,1,hoandoan1603
2132,16538919,MUGABROS,"2026-08-18 10:01:19",0.915,17,"drrocktotpalkonwarh,monjyotid"
2133,16457067,QQQXXX123,"2026-08-17 03:28:23",0.915,30,qqqxxx123
2134,16574212,Wilson,"2026-08-11 04:00:12",0.915,21,wiiilson111
2135,16490006,"Mateus Cruz","2026-08-08 13:31:36",0.915,6,matteuscruz
2136,16652890,KananK,"2026-08-07 06:02:08",0.915,8,kanank
2137,16586551,SDA000,"2026-08-07 16:57:28",0.915,2,sda000
2138,16689900,AMIR,"2026-08-09 16:37:46",0.915,7,amiiiiiiir
2139,16458497,COLD,"2026-09-08 05:50:48",0.915,12,maulikgajera
2140,16561015,ss,"2026-08-10 19:51:59",0.915,2,forest2026
2141,16640827,Moawiz,"2026-08-16 21:15:26",0.915,7,moawiz
2142,16599884,"Tyler James","2026-08-16 02:17:21",0.915,22,jmidski
2143,16691622,"Abhiraj Singh","2026-08-14 00:04:53",0.915,2,cyberdrago
2144,16509263,"Yashpal M","2026-08-14 00:15:50",0.915,2,r17754
2145,16714508,"Mina Gayid","2026-08-16 12:26:48",0.915,1,minagayid
2146,16589013,"and more","2026-08-23 11:21:46",0.915,6,kym2022
2147,16693269,nkn079,"2026-09-15 13:43:41",0.915,2,nkn079
2148,16478037,"Daniel Crocker","2026-08-23 20:41:14",0.915,3,djcrocker07
2149,16722751,"JOSHUA EDWIN JACOB V 24F","2026-08-15 11:02:15",0.915,2,joshuaedwinjacobv24f
2150,16685229,"Justin Sabu Sebastian","2026-08-19 21:29:00",0.915,1,justinsabusebastian
2151,16716785,佐藤俊一郎,"2026-08-22 00:06:02",0.915,13,pikakin
2152,16624107,"Jaison Saji Chacko","2026-09-07 03:42:26",0.915,17,jsnsaji
2153,16712269,mark,"2026-08-12 20:33:32",0.915,2,markobozov
2154,16589046,"Yisher Xia","2026-07-29 05:57:33",0.914,11,yisherxia
2155,16539692,njucs,"2026-08-01 10:33:36",0.914,18,"taijunhao,yaodongchenwww"
2156,16660383,Shubhamo0o,"2026-09-28 12:47:57",0.914,96,shubhamo0o
2157,16618611,"RR 606d","2026-08-13 06:26:57",0.914,19,rr606d
2158,16690093,t2better,"2026-08-12 05:02:39",0.914,9,t2better
2159,16613411,VinhNguyenTha,"2026-08-21 00:06:52",0.914,16,vinhnguyentha
2160,16600222,"Taishi UEYAMA","2026-08-04 15:25:39",0.914,32,taishiueyama
2161,16665020,"Sujith Kumar Sashikanth","2026-08-10 05:05:37",0.914,10,sujithsashi
2162,16641676,habranch,"2026-08-23 22:58:23",0.914,18,kuroshiro07
2163,16499664,"Gavedu AI","2026-08-04 18:09:38",0.914,65,verise6211
2164,16676258,k2-gc,"2026-09-29 15:17:43",0.914,131,penguingc
2165,16639201,"Aaron Samuel","2026-08-09 11:33:43",0.914,23,aaronmosamuel
2166,16538475,"Mitosis Maximalists","2026-08-08 20:50:01",0.914,37,"alexzhang05,shuolinyin"
2167,16459113,"Marcin Wojciechowski","2026-08-16 18:17:32",0.914,39,marcinwojciechowski
2168,16603557,"Haohan Tsao","2026-07-30 06:34:59",0.914,4,haohantsao
2169,16516104,ynhuhu,"2026-08-02 09:09:40",0.914,8,ynhuhu
2170,16579814,"Aadi Gupta","2026-07-31 08:06:53",0.914,3,aadigupta1601
2171,16580852,"Runnel Zhang","2026-08-02 16:38:11",0.914,8,runnelzhang
2172,16574096,LarryIvanHan,"2026-08-01 09:32:24",0.914,19,larryivanhan
2173,16601638,yellowleaf,"2026-08-03 15:31:40",0.914,2,wcqyfly
2174,16454474,sukirman,"2026-08-04 01:08:45",0.914,3,rakbidb
2175,16630687,coderRKJ,"2026-08-04 02:00:54",0.914,1,coderrkj
2176,16489071,wuliao_0,"2026-08-04 14:19:20",0.914,5,wuliao0
2177,16551425,"Krasnov Daniil","2026-08-04 18:20:24",0.914,3,daniilkrasnovvv
2178,16454516,yaphanqiii,"2026-08-19 10:28:05",0.914,18,yaphanqiii
2179,16457128,Nikolenko_Sergei,"2026-07-27 17:01:39",0.914,30,nikolenkosergei
2180,16470586,Ryo,"2026-08-22 00:52:24",0.913,60,ryosukekurakami
2181,16605743,jiangzhenyue,"2026-08-02 14:47:12",0.913,4,jiangzhenyue
2182,16592362,"WU YOU","2026-07-29 07:58:43",0.913,15,willowwww
2183,16578073,Yuki_ARL,"2026-09-29 11:22:32",0.913,22,yukiarl
2184,16551555,pipi14ramu,"2026-09-13 01:34:06",0.913,14,pipi14ramu
2185,16483454,"Max Manushin","2026-07-29 12:51:18",0.913,31,innerf1re
2186,16497519,Fususu,"2026-08-11 12:05:15",0.913,102,phuongncn
2187,16454101,Earthwalker,"2026-07-28 07:29:36",0.913,31,etwk01
2188,16489215,orionis,"2026-08-02 08:51:41",0.913,13,orionis
2189,16509446,Bert,"2026-08-09 20:24:05",0.913,8,bertlovesleeping
2190,16686263,"Juan Moreno","2026-08-08 14:57:59",0.913,2,juanmoreno01
2191,16459981,Kevin,"2026-08-10 04:13:03",0.913,28,kevinzodiac
2192,16536027,"Thorlapati Nikhil","2026-08-05 08:51:43",0.913,27,thorlapatinikhil
2193,16496804,AravG97,"2026-08-01 05:57:24",0.913,18,aravg97
2194,16548524,DiegoSolarte,"2026-08-19 02:59:34",0.913,39,diegosolarte
2195,16457030,htatsumi,"2026-08-14 06:43:03",0.913,23,"tatsumihasebe,yutomaezawa"
2196,16466949,"Sahil Deogade","2026-07-28 18:23:49",0.913,18,sdeogade
2197,16453393,"Optimal Prime","2026-08-02 14:57:45",0.913,46,caelix
2198,16461902,"Mikey Marszewski","2026-08-03 05:35:45",0.913,14,mikeymarszewski
2199,16604556,Kwq_Zzx_XDU_BigestDick,"2026-07-29 09:14:27",0.913,15,"kangwqzhangzx,yifliuuuu"
2200,16589946,"Arman Chaudhary","2026-07-29 12:02:06",0.913,5,armanchaudhary
2201,16459112,"Abdul Wahab Khan","2026-07-29 12:11:55",0.913,3,abdulwahab2321
2202,16595414,"Shuvam Swapnil Dash","2026-07-29 14:10:36",0.913,9,"shashwatmandal,shuvamswapnildash"
2203,16486559,Arun,"2026-07-29 15:06:57",0.913,5,wasbornlazy
2204,16458055,mucahitrtn,"2026-08-07 04:40:16",0.913,40,mucahitrtn
2205,16618283,RaymondFu_flm,"2026-08-04 02:01:21",0.913,2,raymondfuflm
2206,16531880,ASGModels,"2026-08-04 11:27:25",0.913,7,mkjhfghfgh
2207,16587785,eszn,"2026-07-31 04:53:52",0.913,18,esznxx
2208,16454993,Genki,"2026-07-31 08:54:32",0.913,10,genkiwatanabe
2209,16610622,YiLiu,"2026-09-08 01:45:58",0.913,34,yiliu6111
2210,16483435,"Dante #2","2026-08-02 08:16:45",0.913,20,tawaragiyuhei
2211,16489262,uesi,"2026-07-31 14:40:13",0.913,2,uemura687
2212,16572660,"Murat A. Genc","2026-08-05 06:50:25",0.913,20,muratagenc
2213,16492575,hilbate,"2026-08-02 01:31:03",0.913,35,hilbate
2214,16601763,prvsiyan,"2026-08-01 07:30:38",0.913,4,prvsiyan
2215,16577495,"Maimouna T. Coulibaly","2026-08-03 16:37:04",0.913,6,maimounatcoulibaly
2216,16555492,"josh k1111","2026-08-02 08:06:32",0.913,20,joshk1111
2217,16462572,"Guangjian Dong","2026-08-02 12:56:24",0.913,3,guangjiandong
2218,16612452,one2ndpiece,"2026-08-02 17:09:45",0.913,2,one2ndpiece
2219,16610461,skrxxi,"2026-08-04 09:13:49",0.913,3,skrxxi
2220,16652707,"Yedidya Kahire","2026-08-04 10:20:52",0.913,2,yedidyakahire
2221,16654977,xyph3r,"2026-08-04 16:36:37",0.913,3,faisalahmedsifat
2222,16661535,"Dennis Gioche","2026-08-04 16:46:10",0.913,4,dennisgioche
2223,16462998,"Arodex Lin","2026-08-04 17:05:26",0.913,12,arodexlin
2224,16533877,"Liao Zixu","2026-08-24 03:38:14",0.913,7,liaozixu
2225,16472708,"Ali mohon","2026-08-07 19:34:42",0.913,2,alimohon
2226,16667777,imkpth,"2026-08-08 12:32:30",0.913,2,imkpth
2227,16466760,"Patrick M.","2026-08-09 06:04:34",0.913,2,pigenesis75
2228,16640962,jidaoluckey,"2026-08-08 17:19:43",0.913,2,jidaoluckey
2229,16599977,"Napoleón Pérez","2026-08-09 01:41:32",0.913,2,"mariorodriguezrt,napoleonperez"
2230,16655133,"Orest Myth","2026-08-14 16:06:13",0.913,7,orestmyth
2231,16592172,"H vv sathwik","2026-08-13 04:31:45",0.913,2,hvvsathwik
2232,16461143,"Mukhan Seitov","2026-08-25 18:34:10",0.913,19,mukhanseitov
2233,16704525,"Piyal Chowdhury","2026-08-30 20:02:46",0.913,8,piyalchowdhury
2234,16492007,RO,"2026-07-17 06:40:31",0.913,10,rokauchi
2235,16501760,"Ashutosh Gandhi","2026-08-09 21:39:51",0.913,18,ashutoshgandhi666
2236,16671743,"Cholaraja R P","2026-09-10 15:46:36",0.913,10,cholarajarp
2237,16661555,"for alll 100","2026-08-09 08:34:22",0.913,9,foralll100
2238,16517151,"Hariprasanth Paranjothy","2026-08-03 13:40:39",0.913,11,hariprasanth8
2239,16616664,NguyenAn27,"2026-08-01 10:35:45",0.913,3,nguyenan27
2240,16472340,"Victor Wahome","2026-08-02 14:35:45",0.913,8,pepeetouvercmt
2241,16513419,Siontist,"2026-07-29 13:53:03",0.912,25,timothyossowski
2242,16590994,"Biruk Desta","2026-07-25 14:56:22",0.912,6,bd0855
2243,16482833,littlestronomer,"2026-07-26 06:54:46",0.912,10,littlestronomer
2244,16610075,sky,"2026-07-27 21:19:38",0.912,8,"houjihao,sleepysky"
2245,16531025,"Arthur Kim","2026-08-02 14:28:25",0.912,30,lkntrp
2246,16509212,"Barbaros Murat Dönmez","2026-07-26 12:51:25",0.912,8,barbarosmuratdnmez
2247,16591876,"Jason Matthew Suhari","2026-08-02 05:23:47",0.912,16,jasonmatthewsuhari
2248,16456004,Rohit,"2026-09-03 04:09:32",0.912,18,rohitthakur
2249,16561273,Star_xinglan,"2026-07-27 13:15:44",0.912,4,starxinglan
2250,16454002,"Mart Mikey","2026-07-29 00:12:52",0.912,10,martmikey
2251,16454906,DhawalModi,"2026-07-28 03:19:08",0.912,11,daveconnor
2252,16453476,"Darshan Makwana","2026-07-28 05:18:14",0.912,8,ellipticaloranges
2253,16608786,"Shuhei Kuroiwa","2026-07-28 11:51:00",0.912,5,shuheikuroiwa
2254,16453741,"Ruben Millan-Solsona","2026-07-28 23:12:42",0.912,17,rubenmillansolsona
2255,16534655,"Turgay Coruh","2026-07-29 11:38:01",0.912,8,turgaycoruh
2256,16616224,"Mark Slavin","2026-07-29 22:17:37",0.912,2,markslavin
2257,16600293,hinapontaro,"2026-08-26 02:40:17",0.912,9,hinapontaro
2258,16607988,Zhanpeng.W,"2026-08-03 12:44:42",0.912,22,zhanpengw
2259,16477974,"Sébastien MATHIEU","2026-07-31 06:51:03",0.912,4,negtitep
2260,16602405,"Shankar Madhira","2026-07-31 08:14:40",0.912,1,shankarmadhira
2261,16493099,"Adhithyaa Paramasivam","2026-08-06 18:25:34",0.912,16,adhithyaaparamasivam
2262,16497732,"Ryan Talcoff","2026-08-11 16:17:00",0.912,17,ryantalcoff
2263,16454485,"Hesham Mohamed","2026-08-02 02:02:29",0.912,6,hesh1m
2264,16642018,monar0425,"2026-08-03 13:00:47",0.912,5,monar0425
2265,16645449,"Renhe Wang","2026-08-03 11:18:10",0.912,3,pendragonarthur
2266,16475849,Cervelo_Costa,"2026-08-03 18:41:41",0.912,24,cervelocosta
2267,16474650,Gali,"2026-08-04 10:06:40",0.912,12,galinilin
2268,16622141,"Krishnendu Sinha","2026-08-19 05:31:07",0.912,7,krishnendusinhaml
2269,16463125,"Naga Bhanuja","2026-08-07 10:56:48",0.912,2,nagabhanuja
2270,16644507,Qualzz,"2026-08-07 11:14:27",0.912,6,qualzz
2271,16682240,pizzaboy,"2026-08-11 00:09:19",0.912,8,pizzaboythe3rd
2272,16474106,"kitory Yeah やきとり","2026-08-19 14:53:57",0.912,46,kitoryyeah
2273,16724534,dbookie,"2026-08-18 19:11:45",0.912,3,dbookie
2274,16708474,"Liaoyi Xu","2026-08-15 13:25:25",0.912,12,liaoyixu
2275,16729012,dqvide,"2026-08-17 13:13:31",0.912,6,dqvide
2276,16557703,StSTXion,"2026-09-23 14:12:44",0.912,32,ststxion
2277,16535158,"Hyunsik Park","2026-08-22 11:59:37",0.912,2,hyunsikpark
2278,16713575,"Aastik Rajan15","2026-08-22 23:15:00",0.912,4,aastikrajan15
2279,16734525,nicepi,"2026-08-29 17:16:49",0.912,8,pinice
2280,16693206,summer_orange,"2026-09-05 11:33:36",0.912,14,summerorange
2281,16595217,SamoraDC,"2026-09-24 21:21:24",0.912,2,samoradc
2282,16732246,"Enzo Pio","2026-09-12 10:06:05",0.912,12,enzopio
2283,16459122,"Shixiang Yan","2026-09-16 15:31:51",0.912,1,shawnchile
2284,16930663,"Abdalrahman mohamed","2026-09-23 13:24:17",0.912,3,abdalrahmanmohamed3
2285,16596433,abobakrosman87,"2026-09-29 02:00:25",0.912,1,abobakrosman87
2286,16481696,"Niloy Deb Barma","2026-08-03 16:44:39",0.912,2,niloydebbarma
2287,16468773,Hi,"2026-07-25 18:54:43",0.912,1,yuryaleksin
2288,16941581,PAB97,"2026-09-24 12:16:21",0.912,7,rftexas
2289,16912381,wadakz,"2026-09-19 11:15:20",0.912,4,wadakz
2290,16454125,"Hugo Gascon","2026-08-26 11:26:39",0.912,32,hugogascon
2291,16791978,"uriel villegas govea","2026-08-30 15:31:16",0.912,2,urielvillegasgovea
2292,16830983,"Aaron Kanzer","2026-09-06 00:30:22",0.912,3,scigantic
2293,16456631,"Hikmet Calayır","2026-08-11 05:44:27",0.911,1,hikmetcalayr
2294,16591564,JMChen3160,"2026-07-27 06:39:25",0.911,6,jmchen3160
2295,16598294,TTT,"2026-07-25 12:10:19",0.911,1,tadahiroasami
2296,16616591,"Asapacsin Farland","2026-08-17 16:17:48",0.911,12,asapacsinfarland
2297,16475356,"Thiago Munhoz da Nóbrega","2026-07-28 16:44:18",0.911,26,thiagommtmn
2298,16456602,"UEN TINNLEA","2026-07-24 10:11:52",0.911,18,uentinnlea
2299,16530994,ShunkiKyoya,"2026-07-29 22:38:46",0.911,6,shunkikyoya
2300,16454436,pr4deepr,"2026-08-11 09:56:02",0.911,62,pr4deepr
2301,16592781,"Shaoqing Ni","2026-07-24 08:34:47",0.911,2,nishaoqing
2302,16578635,Randyrahmansyah,"2026-07-25 12:32:30",0.911,12,randyrahmansyah7
2303,16585286,Baishuijianxin,"2026-07-26 10:52:27",0.911,7,"baishuijianxin,koreyit,wfqq0830,yaram11,zuyunliu"
2304,16456347,"Ayon Dandapath","2026-07-24 09:46:07",0.911,18,ayondandapath
2305,16564064,"Akagha Chimgozirim","2026-07-24 09:54:24",0.911,8,chiakazirim
2306,16460025,"эльмад наоборот мадэль","2026-07-24 10:57:49",0.911,18,johnjanson
2307,16591709,"[Deleted] 3ce14954-c40c-43b1-b370-cf9830c6c25f","2026-07-24 14:08:00",0.911,2,ryota517
2308,16501762,onebitbrain,"2026-08-06 16:56:16",0.911,15,onebitbrain
2309,16486982,Softcurrent,"2026-07-23 17:58:02",0.911,20,softcurrent
2310,16504804,Khalid,"2026-08-04 18:06:58",0.910,95,khalid000000
2311,16501892,Cefiyana,"2026-08-25 15:14:08",0.910,19,cefiyana
2312,16576360,JavaZero,"2026-07-21 03:59:31",0.910,4,jimmyisme1
2313,16926973,"abir bouhajja","2026-09-26 08:49:40",0.910,1,abirbouhajja3
2314,16453729,"Ziya Shaikh","2026-08-21 06:00:14",0.910,31,ziyask
2315,16701962,mhossain,"2026-08-28 06:28:43",0.909,5,mdshakhaowathossain
2316,16712211,"mahdad shakiba","2026-08-31 14:13:54",0.909,10,mahdadshakiba
2317,16617647,gakuma,"2026-09-07 12:04:26",0.909,29,takedagaku
2318,16589749,"Yoan Martínez López ","2026-07-30 07:07:41",0.909,19,ymlopez
2319,16570482,lingheng,"2026-07-25 21:23:00",0.909,26,"lingheng,xianhaolin6077"
2320,16453449,"Roman Rozen","2026-07-30 15:09:02",0.909,11,romanrozen
2321,16656935,Drowsy,"2026-09-09 09:55:12",0.909,34,imagen
2322,16598095,Zhenlan,"2026-08-01 18:55:53",0.909,1,zhenlanwang
2323,16492174,"Shawn Zhang","2026-07-28 01:25:40",0.909,8,shawnzhang12
2324,16462545,"Hedley Robertson","2026-08-03 17:13:13",0.909,15,hedleyrobertson
2325,16586803,"Miles Wang","2026-07-26 02:32:25",0.909,9,xibaiw
2326,16589515,Czzzzzln,"2026-07-26 12:16:54",0.908,1,czzzzzln
2327,16584848,yyh666188,"2026-07-27 06:27:53",0.908,3,yyh666188
2328,16459836,"Gambling Debt","2026-07-27 09:51:20",0.908,10,"subinsm7,tanetisanjay"
2329,16468547,"koushik sinha","2026-07-26 18:52:53",0.908,3,kousinha
2330,16792758,susutem,"2026-09-29 18:48:50",0.908,21,"simmons1025,susutem"
2331,16542637,"[Deleted] 34659fb7-374d-4a17-a8c3-aee0b7fb174c","2026-07-26 16:53:29",0.908,7,del=24862c61dbac3ea0
2332,16457408,F.A.Nina,"2026-07-23 08:33:05",0.908,1,nina2025
2333,16564225,"Кирилл Алешин","2026-07-23 14:52:21",0.908,17,kirneo
2334,16590503,ダルシャン・キラリ,"2026-07-23 16:46:09",0.908,1,darshankilari
2335,16569583,"jacob OKOTH O","2026-07-25 12:00:12",0.908,1,jacobokotho
2336,16461464,Shameer.k,"2026-07-26 18:38:54",0.908,12,shameersham
2337,16466536,"Emre Akpınar","2026-09-24 21:24:21",0.908,34,emreakpnr
2338,16585167,zhangyues,"2026-07-24 06:38:55",0.908,9,zhangyues
2339,16550536,"weizhou liu","2026-07-24 08:28:19",0.908,24,weizhouliu
2340,16544336,"Cary Chan","2026-07-24 06:40:38",0.908,2,srchancary
2341,16582861,zhangyues0000,"2026-08-29 08:10:17",0.908,18,zhangyues0000
2342,16585736,zzgtylors,"2026-08-19 22:29:58",0.908,9,zzgtylors
2343,16493082,"Runsheng Tian","2026-07-26 10:41:31",0.908,9,runshengtian
2344,16643045,AnthZ,"2026-08-03 20:03:54",0.908,4,anthzorax
2345,16536311,DarkStell,"2026-08-03 16:03:48",0.908,5,darksteeldragon
2346,16656314,"Syed Shayan Ali Shah","2026-08-04 17:36:10",0.908,1,dsshayan
2347,16635933,"João Paulo Afarelli","2026-08-06 05:37:15",0.908,4,joopauloafarelli
2348,16711838,"The light that shines","2026-08-30 07:14:40",0.908,3,nkosindwandwe
2349,16743201,"Crazy Spirits","2026-08-24 02:22:16",0.908,6,latents
2350,16738404,Amineeee,"2026-08-21 14:00:35",0.908,2,uraiji
2351,16771276,zhaowenyi7,"2026-08-29 06:24:39",0.908,3,zhaowenyi7
2352,16795328,Growingduck,"2026-09-04 00:56:30",0.908,4,jaeminkang2021
2353,16827756,"N Divij","2026-09-07 04:35:35",0.908,2,divijio
2354,16487439,"fagbola peter","2026-09-26 12:27:27",0.908,14,fagbolapeter
2355,16906714,"Gaurav Vyas","2026-09-17 07:32:30",0.908,3,ctogaurav
2356,16860121,"Alexandros Alexiou","2026-09-18 21:27:12",0.908,1,alexioualexandros
2357,16908168,"Tasmin Ara Chowdhury","2026-09-27 04:24:23",0.908,22,tasminarachowdhury
2358,16548277,"Quang Nguyen","2026-07-27 22:37:44",0.908,9,ox17ng
2359,16556751,eido29,"2026-07-21 16:49:50",0.908,3,eido29
2360,16454035,"Nikhil Karthik","2026-08-28 17:48:48",0.908,42,nikhilskarthik
2361,16573882,"Minkyu Jung","2026-07-22 15:09:42",0.908,4,lepus2
2362,16573923,"suhzh zjjzh","2026-07-20 11:03:46",0.908,5,suhzhzjjzh
2363,16577214,mdy,"2026-07-22 23:43:53",0.908,4,xxxxxx6x
2364,16582369,"Bochun Ran","2026-07-23 03:32:10",0.908,7,younglinan
2365,16851115,MtN,"2026-09-29 00:26:02",0.908,22,mariotrsn
2366,16554424,"Ngọc Hưng Nguyễn","2026-07-24 08:33:26",0.908,5,nnhzzz
2367,16557224,"Koki Funahashi","2026-07-24 08:01:45",0.907,9,funashi
2368,16459860,"Zahir HAMROUNE","2026-07-20 13:47:00",0.907,9,zahirhamroune
2369,16793259,"Leo Belotti","2026-09-01 12:00:15",0.907,7,leobelotti
2370,16456036,Fernandosr85,"2026-08-07 13:18:10",0.907,28,fernandosr85
2371,16465221,"Beste Taşçılar","2026-07-24 11:29:01",0.907,50,bestetalar
2372,16462085,AM,"2026-07-25 04:33:31",0.907,15,adammekky
2373,16608095,RaThePharoah,"2026-08-01 08:42:21",0.907,7,rathepharoah
2374,16455112,"Neal K.","2026-07-19 19:19:27",0.907,57,nealkri
2375,16886453,"Amer Alkhalili","2026-09-29 09:40:52",0.907,4,ameralkhalili
2376,16489199,"Nerijus Areska","2026-07-29 15:28:44",0.907,17,nerijusareska
2377,16454293,"Scott Vogel","2026-08-25 15:38:21",0.907,79,jscottvogel
2378,16557646,SwastikaSahu03,"2026-08-05 18:08:35",0.906,7,swastikasahu03
2379,16727392,mz-biohub-team,"2026-09-23 02:34:05",0.906,13,mzlatic1
2380,16459865,Karina,"2026-08-21 09:46:30",0.906,16,karinak
2381,16696411,"Utkarsh #3","2026-09-03 07:08:26",0.906,18,n0va007
2382,16530902,"Rustam Bazarbayev","2026-09-24 15:29:26",0.906,31,rustambazarbayev
2383,16506533,"Hong Dae Kim","2026-08-28 05:13:59",0.906,67,hongdaekim
2384,16499844,"dongdong zhang","2026-09-01 03:09:15",0.905,4,mcdongdongzhang
2385,16515403,"Albert Ruehlman","2026-07-11 01:03:38",0.905,2,albertruehlman
2386,16456209,"Ayesha Summaiyya ","2026-09-15 06:19:13",0.905,13,ayeshasummaiyya
2387,16488075,Ichigo_E,"2026-07-18 08:18:11",0.905,16,ichigoe
2388,16553057,emtcole,"2026-07-24 06:31:45",0.904,4,emtcole
2389,16455745,"Uday Kiran646788","2026-07-30 10:16:23",0.904,19,udaykiran646788
2390,16808832,"Shiyuan Wang","2026-09-29 14:54:10",0.904,3,ricardoevolto
2391,16587207,TmDofi,"2026-09-29 11:20:31",0.904,1,tmdofi
2392,16490145,UnRealYoussef,"2026-09-21 14:43:19",0.904,21,"hodaamr2007,youssefsalemishere"
2393,16454088,islet,"2026-08-21 09:21:40",0.903,51,kojimar
2394,16463627,Moonlight,"2026-09-28 04:02:49",0.903,27,rajesh1joc
2395,16537062,JC2003,"2026-09-28 16:46:15",0.903,32,jiaruicao7
2396,16870327,Zcy,"2026-09-20 12:18:55",0.903,2,laura831
2397,16548384,Asmartoctopus,"2026-08-04 08:49:04",0.903,5,vu9480
2398,16460248,"M Rislan Tristansyah","2026-07-17 14:38:25",0.903,35,mrislantristansyah
2399,16459270,AnarchyL,"2026-07-19 08:24:32",0.903,34,anarchyl
2400,16533068,"fadhila djenba","2026-07-16 17:09:12",0.902,8,fadhiladjenba
2401,16635338,Claude.XD,"2026-09-29 14:45:54",0.902,64,kingychiu
2402,16539822,LinZihanAdam,"2026-07-17 10:23:51",0.902,9,linzihanadam
2403,16666738,Void_Rune,"2026-08-25 11:09:55",0.902,24,voidrune
2404,16565618,"Yanzhan Yang","2026-07-22 01:25:24",0.902,12,yangyanzhan
2405,16480421,"Hirota Yusuke","2026-07-26 19:07:52",0.902,60,hirotayusuke
2406,16454365,Juliewww,"2026-07-22 04:38:10",0.902,50,fluffyotter
2407,16516103,"Zhile Zhao","2026-07-20 05:27:47",0.902,9,visterbai
2408,16456401,"Prince Raiyani","2026-07-20 06:25:34",0.902,25,"princeraiyanim,ramoliyadarshan"
2409,16535404,Student,"2026-07-20 12:24:44",0.902,28,jonahm
2410,16570808,"Vahe Sokhoyan","2026-07-20 18:21:51",0.902,1,vahesokhoyan
2411,16490804,PFM,"2026-07-17 04:28:58",0.902,2,"flaviosartori,mattiaubertini,nessimlouafi,pierluigimuzzeddu"
2412,16479575,Justin,"2026-07-21 05:09:29",0.902,24,justin6540
2413,16474975,RazyDave,"2026-07-22 12:55:54",0.902,25,temuujinerdene
2414,16536939,PyJa,"2026-07-25 01:03:50",0.902,13,pixiux
2415,16459274,"Zain Ali Nasir","2026-07-15 19:04:05",0.902,1,zainalinasir
2416,16474260,"Lucas Henrique Mateo","2026-07-23 15:36:24",0.902,23,lucashmateo
2417,16499631,"Yiding Wang","2026-07-20 13:44:04",0.902,3,yidingwangwill
2418,16553673,colt,"2026-07-16 06:32:49",0.902,1,xiaomaguo
2419,16462037,"bishoy kaleny","2026-07-19 14:14:55",0.902,17,bishoykaleny
2420,16556816,Brishian,"2026-07-16 20:42:40",0.902,2,brishian
2421,16473874,nori8774,"2026-07-27 08:49:18",0.902,9,norimasayamamoto
2422,16500171,unknown,"2026-08-13 02:07:24",0.902,6,abdullahshafi2021
2423,16515984,"Saran Boddu","2026-07-21 16:08:00",0.902,13,saranboddu
2424,16558290,areslan,"2026-07-21 06:27:53",0.902,2,areslan
2425,16496898,Nozprod,"2026-07-15 11:17:37",0.902,9,nozprod
2426,16457095,"Shyam Shetty","2026-07-16 19:34:19",0.902,8,shyamshetty
2427,16516604,viber3221,"2026-07-20 08:10:40",0.902,5,viber3221
2428,16555786,"JIVRAJ SINGH","2026-07-17 05:53:36",0.902,2,jivrajsingh
2429,16459758,"Haider Mohammed","2026-07-17 02:46:58",0.902,7,thefuturenetwork
2430,16462899,vht1230981255,"2026-07-18 03:12:41",0.902,4,vht1230981255
2431,16476004,"Quey Stanle","2026-07-18 18:05:54",0.902,27,queystanle
2432,16532225,"betty's manitagination","2026-07-24 08:07:32",0.902,8,"betlmerey,erdeemt"
2433,16554144,"Bogdan Kovenko","2026-07-16 08:54:06",0.902,1,"bogdan355,gfarew"
2434,16555016,soul,"2026-07-16 12:23:24",0.902,1,soul80
2435,16473393,kaggle_bbgg,"2026-09-29 00:51:55",0.902,10,kagglebbgg
2436,16581882,oliver,"2026-08-11 15:42:51",0.901,20,oliverlang
2437,16534550,Chiranjith,"2026-07-19 12:29:45",0.901,28,chiranjithdharma
2438,16467183,"Samson Enoch","2026-08-03 03:42:56",0.901,24,samsonenoch
2439,16514799,zyc777689,"2026-07-14 12:57:56",0.901,12,zyc777689
2440,16558462,"Chirapathleo Saelim","2026-08-25 15:01:21",0.901,22,chirapathleosaelim
2441,16689071,mytm,"2026-09-27 06:44:02",0.901,24,tomoyamiyazawa26
2442,16563993,yangsiyu_1,"2026-07-26 11:14:25",0.901,3,yangsiyu1
2443,16472136,minch,"2026-07-12 12:53:23",0.901,26,yoonmincheol
2444,16735431,Rorical,"2026-08-24 17:48:46",0.901,6,hash548
2445,16538709,frogkingg,"2026-07-14 07:45:22",0.901,5,frogkingg
2446,16484419,"KAIWALYA RAUT","2026-08-13 11:40:48",0.901,20,kaiwalyaatulraut
2447,16482028,"juu meng","2026-07-14 03:48:21",0.901,3,juumeng
2448,16479934,Ravindra,"2026-07-20 10:44:12",0.901,10,ravi123a321at
2449,16455950,"Horikita Saku","2026-07-14 04:50:25",0.901,19,horikitasaku
2450,16536646,"haoyu wang","2026-07-15 20:08:03",0.901,7,haoyuwanghhh123
2451,16516703,"Yang-Yang Yu","2026-07-14 12:28:03",0.901,4,realyuyangyang
2452,16459447,"Vishesh Banna","2026-07-14 19:29:27",0.901,5,visheshbanna
2453,16454787,gbadedata,"2026-07-14 20:58:07",0.901,1,oluwagbadeodimayo
2454,16543321,"Anas Riaz","2026-07-20 19:48:00",0.901,3,anasriaz
2455,16488397,"Ian Feng","2026-07-15 00:42:36",0.901,11,ianf339
2456,16472411,Ryan,"2026-07-15 01:46:41",0.901,3,ryanshunsuke
2457,16457927,"Akshat Rai","2026-07-15 06:09:53",0.901,8,akshatrai07
2458,16459712,CodeHacker,"2026-07-17 08:39:17",0.901,6,junhanzangai
2459,16543817,tadashikato,"2026-07-17 06:01:39",0.901,2,tadashikato
2460,16514721,weiwei,"2026-07-19 18:39:34",0.901,6,weiweiv1911
2461,16535066,"Kursat K","2026-07-22 01:47:04",0.901,9,minercoder
2462,16560431,"Đức Hải Hà","2026-09-28 02:27:33",0.901,18,tankinguyen
2463,16570572,"Aryan Yadav","2026-07-27 18:55:43",0.901,5,simplexcomplex
2464,16477918,Samsay24,"2026-07-29 10:07:44",0.901,4,samsay23
2465,16618129,"Vansh Gupta","2026-07-31 15:03:15",0.901,4,vanshrl9ine
2466,16455627,"Nazura Wirayuda Tama","2026-08-03 14:39:32",0.901,12,nazurawirayudatama
2467,16653067,suxing-star,"2026-09-14 02:14:36",0.901,7,suxingstar
2468,16475237,"Omprakash Patra","2026-08-15 19:00:09",0.901,10,omprakashpy
2469,16664723,"Udit Jain #2","2026-09-12 00:36:27",0.901,6,iamudit
2470,16457815,"Yanshu Patel","2026-09-11 17:00:37",0.901,5,yanshupatel
2471,16852087,Arvin,"2026-09-08 03:18:01",0.901,1,chesterx
2472,16896884,"hemloock ","2026-09-15 12:35:10",0.901,2,hemloock
2473,16481480,"Yuya Shintani","2026-09-21 18:21:29",0.901,15,uplus26e7
2474,16473276,"Amay Annasamudram","2026-08-22 20:05:45",0.901,51,amayan05
2475,16759778,Randy,"2026-08-26 17:51:52",0.901,12,rvndyerwin
2476,16824861,"Dhruv Agarwal","2026-09-12 21:12:07",0.901,8,"adhruv1008,mehularora023"
2477,16453900,gvrgrn,"2026-07-20 20:13:08",0.901,14,gvrgrn
2478,16455154,Mighty,"2026-08-03 14:16:11",0.901,13,"krishvpatel,mehulprajapati15,patelved37834836"
2479,16462718,"Maryam Tahir","2026-07-14 20:36:53",0.901,13,maryamtahir09
2480,16465525,Arzuubal,"2026-07-22 14:24:38",0.901,1,arzuubal
2481,16659946,BeTitanX,"2026-09-03 12:14:44",0.900,26,betitanx
2482,16743984,"Βασιλης Σουρλας","2026-08-22 08:04:06",0.900,4,bill222
2483,16462556,"Zhen Liu","2026-07-17 05:14:33",0.900,50,allensmithgodlike
2484,16491862,Tanuki_boosting,"2026-07-17 05:10:04",0.900,10,miyamotodaiya
2485,16543171,Real-SIM-Real,"2026-07-19 14:05:38",0.900,8,liqiangyang
2486,16499621,common-people-whereIsMyFuckingPrize,"2026-07-19 08:25:57",0.900,12,aizealotwu
2487,16466620,"sebastian kurniawan","2026-07-19 09:42:27",0.900,10,sebastiankurniawan
2488,16537858,"Tony Stark10188","2026-07-13 10:52:36",0.900,2,tonystark10188
2489,16537843,"Nency Bansal","2026-08-18 07:43:59",0.900,13,"bharatmohan,nencybansal"
2490,16470910,HY00YH,"2026-09-29 05:50:29",0.900,56,hy00yh
2491,16454799,illunome,"2026-07-19 11:25:43",0.900,33,tergelmunkhbat
2492,16585220,"Muhan Qiu","2026-09-06 16:59:00",0.900,4,muhanqiu
2493,16504809,"Boris Djagou","2026-07-20 12:15:17",0.900,2,borisdjagou
2494,16455032,OnRoad,"2026-07-13 07:43:25",0.900,13,kongconf
2495,16490364,ym_xqm121,"2026-07-18 11:45:34",0.900,2,ymxqm121
2496,16462655,"Raspberry pie <3","2026-07-13 12:13:20",0.900,1,mmummmm
2497,16638302,"Andrew See","2026-08-11 13:04:16",0.900,10,andrewfranklinsee
2498,16612063,imainjob,"2026-08-28 17:29:25",0.900,13,imainjob
2499,16673278,"Phạm Ngọc Thiên Ân","2026-09-29 03:35:44",0.900,49,pntan17
2500,16505311,"HELIOS reasonning","2026-07-13 01:58:25",0.900,8,heliosreasonning
2501,16531036,anyasri,"2026-08-09 08:00:05",0.900,6,anyasri
2502,16474324,"[Deleted] 62348597-2798-4575-847a-1d49e302de45","2026-07-18 07:13:22",0.900,10,del=a8f3af9aeaa6ae2f
2503,16456684,Grantley,"2026-07-12 09:53:24",0.900,11,grantleycullar
2504,16458059,vkhydras,"2026-07-19 10:13:09",0.900,17,vickimar
2505,16470177,gosu.Kouts,"2026-07-20 10:51:10",0.900,37,gosukouts
2506,16482726,"Muhammad Ibrahim Qasmi","2026-07-17 18:51:26",0.900,4,ibrahimqasimi
2507,16459015,stonebell,"2026-07-28 14:27:51",0.900,12,jinstat
2508,16541392,RuiKimura4,"2026-07-18 15:49:28",0.900,6,ruikimura4
2509,16516443,"Dharmendra Singh Rathore","2026-09-24 15:47:21",0.900,5,dsrathore11
2510,16572578,"Shin Ae0123","2026-07-20 05:00:58",0.900,5,shinae0123
2511,16634254,takoyakimaru,"2026-08-01 04:47:32",0.900,1,takoyakimaru
2512,16514963,"SIDDHARTH SINGH","2026-07-13 02:53:40",0.899,3,siddharthsingh7545
2513,16533215,"Sahil Sahney","2026-07-19 20:58:03",0.899,7,sahni18
2514,16469079,Jokrasa,"2026-07-13 17:16:14",0.899,32,jonaskreutz
2515,16640493,"T ARIEF Setiawan","2026-08-17 06:31:37",0.899,6,tariefsetiawan
2516,16459456,"sven weidenmann","2026-07-14 12:07:41",0.899,19,svenweidenmann
2517,16453832,"Yaroslav kholmirzayev","2026-07-13 22:09:08",0.899,15,yaroslavkholmirzayev
2518,16513648,we2,"2026-07-22 13:32:40",0.899,6,"samhitmantrala,susman310"
2519,16796338,"AM #2","2026-09-05 10:09:55",0.899,4,cassinicraft
2520,16454569,maniginam,"2026-09-14 03:00:05",0.898,22,maniginam
2521,16592894,"Mikhail Kamenshchikov","2026-07-26 03:13:49",0.898,5,greenwolf
2522,16530394,"Koosha S","2026-07-11 01:06:09",0.898,1,kooshas
2523,16457558,jackykchan,"2026-07-11 03:35:37",0.898,4,jackykchan
2524,16495936,Colhomy,"2026-07-11 03:41:04",0.898,3,colhomy
2525,16494618,"Samuil Petkov","2026-09-22 22:37:49",0.898,10,samuilpetkov
2526,16509056,Amer,"2026-07-11 11:56:16",0.898,6,amerhu
2527,16460291,"kiran kumar 3031","2026-07-11 12:19:42",0.898,7,kirankumar3031
2528,16478030,"Jack Etheredge","2026-07-11 14:39:43",0.898,5,jacketheredge
2529,16482082,"century sun","2026-07-11 18:34:31",0.898,7,centurysun
2530,16533394,"Kyles Light","2026-07-12 10:12:05",0.898,3,kyleslight
2531,16476077,"tensor choko","2026-09-12 07:21:26",0.898,4,tensorchoko
2532,16488985,"Yin Htwe","2026-08-28 14:45:29",0.898,21,pplusk23
2533,16508263,tekatoncat,"2026-07-14 18:13:09",0.898,4,tekatoncat
2534,16513241,"Ilya Yakavets","2026-08-02 15:33:11",0.898,9,"danielhocevar,ilyayakavets"
2535,16551892,"Badal Singh@09","2026-07-15 18:24:47",0.898,1,badalsingh09
2536,16472729,dirhq88,"2026-07-16 04:11:12",0.898,1,dirhq88
2537,16462772,LogicLab,"2026-07-24 02:54:29",0.898,20,logiclab
2538,16454232,"Giuseppe Lentini","2026-07-07 19:18:27",0.898,28,sepp1999
2539,16486506,"Arthurs Torres24","2026-07-12 04:52:29",0.898,25,arthurstorres24
2540,16536720,ickma2311,"2026-07-13 23:58:50",0.898,3,ickma2311
2541,16453646,TG_Aetheryx,"2026-07-11 06:32:04",0.898,33,subzerin
2542,16457068,"Rushank Choksi","2026-07-11 10:03:29",0.898,1,rushankchoksi
2543,16585662,akhellad,"2026-07-28 08:23:00",0.898,4,akhellad
2544,16731609,"HD h Joratos","2026-08-24 18:08:34",0.898,11,hdhjoratos
2545,16656142,tmp,"2026-09-17 01:53:59",0.898,24,baosenguo
2546,16592753,Elpicaco,"2026-07-28 10:09:07",0.898,2,"elpicaco,jacobomartin"
2547,16459675,Mehdi,"2026-09-25 13:00:19",0.898,23,mehdibukhari
2548,16593976,"Naval Singh","2026-07-31 04:17:27",0.898,33,navalwoanders
2549,16543806,Atsushi04,"2026-09-24 11:02:06",0.897,116,atsushi04
2550,16454806,"Justin Kim","2026-07-14 14:19:48",0.897,38,justinkim1216
2551,16666181,Feuorme,"2026-09-20 08:04:17",0.897,2,feuorme
2552,16497611,Lovlace、,"2026-07-10 01:23:09",0.897,16,"irisis,lovlace"
2553,16454753,"Wedge Development LLC","2026-08-03 16:35:06",0.897,11,taylorcpowell
2554,16458684,"Yiğit Efe Albaş","2026-07-19 11:24:00",0.897,11,yiitefealba
2555,16458076,TheOne_0121,"2026-08-13 16:23:12",0.897,37,theone0121
2556,16808011,"José Luiz Luna-Xavier","2026-09-29 17:09:26",0.897,9,josluizlunaxavier
2557,16493628,Zulqar,"2026-07-29 04:54:27",0.897,20,johndoe2011
2558,16603989,Parag,"2026-08-11 06:11:59",0.897,10,paragkale
2559,16501397,"Khoi Dang","2026-07-21 03:17:09",0.897,9,ngockhoidang
2560,16489005,Aiden,"2026-07-07 09:10:24",0.896,4,aidenbaugh11
2561,16455290,"Seungmin Ha","2026-07-13 01:07:20",0.896,7,seungmin2987
2562,16784339,PrasadChopade213,"2026-08-31 16:08:31",0.896,8,prasadchopade213
2563,16459864,Jet,"2026-08-01 02:44:39",0.896,29,drkongvis
2564,16493926,SYiLiu,"2026-07-19 07:47:45",0.896,8,syiliu
2565,16464933,"Fabian Henning","2026-07-07 06:23:12",0.896,2,crustacean
2566,16453770,"Jacopo Repossi","2026-07-18 16:10:33",0.896,28,jacoporepossi
2567,16492249,"Justin Kimlim","2026-07-28 06:07:13",0.896,74,justinkimlim
2568,16464598,"Otmane Elmahda","2026-07-09 19:34:22",0.896,12,otmaneelmahda
2569,16463279,"z shuyang","2026-07-08 08:38:16",0.896,17,zshuyang
2570,16493287,Bright,"2026-07-07 16:15:10",0.896,7,omagebright
2571,16498840,kekuru,"2026-07-21 17:15:40",0.896,3,soyaishihara
2572,16488550,"SteveHY Shih","2026-07-10 13:22:53",0.896,1,stevehyshih
2573,16463345,"Hyun-woo Kim","2026-09-18 06:42:53",0.896,3,hwkims
2574,16589847,"Ahmed Samir","2026-07-23 23:56:20",0.896,1,ahmedsamir1598
2575,16487914,yanjixiang,"2026-07-25 02:31:05",0.896,1,yanjixiang
2576,16453801,"Brothers of Creations","2026-07-07 10:27:30",0.896,12,"praveensivanandham,rahulrathnavel,sivasabari"
2577,16485875,"SangMoon Lee2","2026-07-10 07:07:06",0.896,5,sangmoonlee2
2578,16454680,"Jananthan Paramsothy","2026-08-09 21:52:22",0.896,22,jananthanparamsothy
2579,16471194,Ajay_Rao_43,"2026-09-14 11:10:02",0.896,5,ajayrao43
2580,16698181,Bilzard,"2026-09-29 22:27:55",0.896,6,tatamikenn
2581,16468295,"Yaro Perventsev","2026-09-07 18:58:09",0.896,15,yaroslavperventsev
2582,16457737,"ali sardar","2026-09-28 13:33:54",0.896,16,alisardar
2583,16585212,"Jiaming Zhou","2026-08-11 06:18:18",0.896,16,jiamingzhou230612
2584,16670652,"Justin Arndt","2026-09-27 00:19:05",0.896,17,justinarndt
2585,16487420,"Dhe Yeong","2026-09-28 13:50:44",0.896,19,dheyeong
2586,16464949,"Đoàn Công Pho","2026-07-23 01:08:10",0.896,7,"hinminhnguyn,oncngpho"
2587,16893357,arkan,"2026-09-16 01:29:46",0.896,5,hestarico
2588,16861918,iwa,"2026-09-24 08:38:21",0.895,6,ichiko
2589,16600071,Unicorn,"2026-07-26 14:36:06",0.895,3,scutxuanyu
2590,16833162,"Bora Inc","2026-09-15 15:09:52",0.895,10,borainc
2591,16464827,"Abdellah ELKHAZRAJY","2026-09-29 13:00:47",0.895,49,abdellahelkhazrajy
2592,16556555,t/RCT+,"2026-08-20 01:20:41",0.895,27,"doniyorilyosov,javohirx,sarvarislamov"
2593,16484464,"Arpit Singh","2026-07-19 23:12:43",0.895,24,arpitsingh8809
2594,16798313,"Rishik Arya","2026-09-02 18:47:51",0.895,3,rishikarya
2595,16638916,"Vismay Pattedar","2026-08-04 07:08:44",0.895,8,vismaypattedar
2596,16453739,TGMATH,"2026-07-08 00:19:30",0.895,21,tgmath
2597,16881813,"Solving maths","2026-09-14 15:17:15",0.895,2,royanupam
2598,16462276,MattFeng414,"2026-07-22 22:11:40",0.895,11,mattfeng414
2599,16534291,"Chandan Verma","2026-08-23 01:52:00",0.895,4,chandanverma
2600,16470341,"Yusif Jabbarzade","2026-07-24 11:16:52",0.894,3,yusifjabbarzade
2601,16604853,"Muhammad Ahmed","2026-08-08 17:34:38",0.894,6,muhammad4hmed
2602,16458521,"José Manuel Rodríguez Vélez","2026-08-24 16:12:47",0.894,9,marthinal
2603,16670135,UD,"2026-08-23 16:37:51",0.894,3,utkuduzen
2604,16697137,"Antoine Matemane Mahirwe","2026-08-18 13:19:20",0.894,21,antoinemah
2605,16459013,zhenglei_001,"2026-08-13 08:00:18",0.894,55,zhenglei001
2606,16492042,yashima88,"2026-07-08 07:36:52",0.894,3,yashima88
2607,16453520,"Simon Rüba","2026-07-19 09:35:08",0.894,13,simonrba
2608,16468990,JaimeF,"2026-07-10 23:06:31",0.894,11,druidh
2609,16500974,"Vadim Borisov","2026-07-09 16:26:22",0.894,7,hireme
2610,16506992,chenwenqiang_001,"2026-08-05 06:48:50",0.893,50,chenwenqiang001
2611,16455479,CyberWalker888,"2026-08-06 21:23:04",0.893,37,cyberwalker888
2612,16455159,"Moon walk","2026-07-31 17:15:47",0.893,38,manish756
2613,16454119,"Victor Mercklé","2026-07-09 10:36:40",0.893,52,vmerckle
2614,16483509,"Jesse Bullard","2026-07-20 02:11:39",0.893,14,jessebullard
2615,16463682,"David List","2026-07-06 11:26:58",0.893,1,davidlist
2616,16491917,"Udit Jain","2026-07-07 07:41:41",0.893,2,uditjain13
2617,16499518,Vanshika,"2026-07-07 07:47:09",0.893,1,velvetcrystal
2618,16496265,"Yi Wang","2026-07-09 15:33:23",0.893,13,yiwang88
2619,16653224,"Mcenroe Raymond Lopes","2026-08-21 04:48:38",0.893,36,mcenroeraymondlopes
2620,16768830,"simple span","2026-09-29 02:54:03",0.893,1,lanmu212
2621,16509017,SCLim2022080004,"2026-07-27 17:28:27",0.893,12,sclim2022080004
2622,16467748,"Saif eddine Faten","2026-07-06 09:01:15",0.893,5,mihoek12
2623,16463508,"Dimas Pasha Akrilian","2026-08-26 12:55:46",0.893,20,dimaspashaakrilian
2624,16456242,"Sangram Patil","2026-07-19 08:59:11",0.893,51,sangrampatil5150
2625,16490464,"Vibeesh S S","2026-07-06 18:03:03",0.893,3,"vibeeshss,vijayadithiya"
2626,16465909,Muhandro,"2026-07-23 20:10:01",0.893,6,muhandro
2627,16454450,"Marc Silveira","2026-07-17 20:28:20",0.893,32,marcsilveira
2628,16514688,"Mohammed salah aldeen","2026-07-10 02:16:39",0.893,1,mohammedsalahaldeen
2629,16586631,Rostislav,"2026-07-30 13:04:25",0.893,1,rl0h4w
2630,16925127,"li huaiming","2026-09-20 06:27:09",0.893,6,lihuaiming
2631,16480883,"lewis lovelock","2026-07-06 09:07:29",0.893,1,lewislovelock
2632,16494123,"Nadezhda Smurova","2026-07-06 09:43:00",0.893,1,nadezhdasmurova
2633,16465468,Lukchard,"2026-07-07 12:11:17",0.893,14,lukchard
2634,16456076,"Kaushik Ramayya Chikkala","2026-07-30 07:51:29",0.892,8,kaushikramayya
2635,16455585,Mr.キノコ,"2026-07-06 10:40:57",0.892,15,mrkinoko
2636,16515373,g0bsters,"2026-07-14 08:42:42",0.892,3,g0bsters
2637,16588018,"xisheng feng","2026-07-24 11:18:47",0.892,3,xishengfeng
2638,16461515,Kamal,"2026-07-10 20:07:28",0.892,11,aarvit
2639,16456422,"Rahul Jiwane","2026-08-21 17:45:31",0.892,7,rahuljiwane
2640,16495922,"surya shekhawat","2026-07-16 05:17:47",0.892,3,suryashekhawat
2641,16490640,无风可掇,"2026-07-09 02:43:58",0.892,6,wufengkeduo
2642,16469048,"Sergey Nefedov","2026-07-27 10:37:00",0.892,5,sergionefedov
2643,16490574,weiyang,"2026-08-09 12:05:35",0.892,4,weiyangeliu
2644,16456308,Charlieherrs,"2026-07-08 15:09:13",0.892,2,charlieherrs
2645,16785653,"Tanush Goel","2026-09-01 10:49:51",0.892,4,tanushgoel
2646,16471668,La_Flamie,"2026-07-13 17:00:14",0.892,15,duclailapttrinh
2647,16623022,"Samuel Abramov","2026-08-11 17:03:20",0.892,7,samyssmile
2648,16623204,"ziyad abidate","2026-09-29 16:07:12",0.892,8,ziyadabidate
2649,16727294,"Md.Mahfujul Karim","2026-09-29 11:47:00",0.892,44,mdmahfujulkarim
2650,16483634,"Salman Khaliq","2026-07-06 14:57:27",0.892,7,salmankhaliq22
2651,16491656,"magembe frank","2026-07-06 09:33:01",0.892,1,magembefrank
2652,16766767,Taeung,"2026-09-18 11:13:51",0.892,4,nabi744
2653,16489080,"Syed Saad Hasan Emad","2026-08-17 07:26:12",0.892,5,syedsaadhasanemad
2654,16772478,"Bryan Cheng","2026-08-28 07:36:34",0.892,6,bryancheng023
2655,16607108,"Anh Lam","2026-08-18 01:51:11",0.892,11,amelialam
2656,16457785,"Himanshu Shekhar","2026-07-09 06:44:25",0.892,13,trackastra2307
2657,16472863,"ora Whale","2026-07-10 09:26:40",0.891,8,orawhale
2658,16497731,moeuuu,"2026-07-15 16:12:05",0.891,2,moeuuu
2659,16485876,anxuanng,"2026-07-06 19:03:25",0.891,7,anmatngu
2660,16644488,"Alissa King","2026-08-06 01:01:39",0.891,6,alissaking
2661,16808990,"Pratyush Bhardwaj","2026-09-29 19:46:58",0.891,10,kakarotlucfierr
2662,16697939,AoiNoWaltz20,"2026-08-20 19:21:06",0.891,2,aoinowaltz20
2663,16929428,takusemba,"2026-09-26 19:02:01",0.891,12,takusembba
2664,16480272,MiaoZiDongZhi,"2026-07-12 07:51:46",0.891,3,miaozidongzhi
2665,16472129,Huangxiayiluo,"2026-07-11 06:10:02",0.891,6,huangxiayiluo
2666,16732114,"codex rybaka","2026-08-19 04:58:16",0.891,7,yuriplot
2667,16594813,沼里太誠,"2026-07-25 04:15:21",0.891,2,numaritaisei
2668,16578739,rssa,"2026-09-29 13:22:43",0.891,2,yuxiahang
2669,16460869,Handudu,"2026-07-04 13:55:26",0.890,3,handudu
2670,16463567,monbayashi,"2026-07-05 09:03:07",0.890,13,monbayashi
2671,16565880,"Davide Brunori","2026-07-20 19:47:00",0.890,4,davidebrunori
2672,16726482,MohamedYAbdelaziz2,"2026-08-23 10:00:04",0.890,9,mohamedyabdelaziz2
2673,16654871,"Mohit Reddy","2026-08-03 21:02:21",0.890,2,mohitvarred
2674,16616324,NM12,"2026-08-02 02:58:40",0.890,2,mnathic
2675,16509706,"Mikkel Blæsbjerg","2026-07-15 13:50:19",0.890,5,mikkelblsbjerg
2676,16514136,NoeKun,"2026-07-11 09:12:08",0.890,4,noekun
2677,16531995,"Толян Мастрюков","2026-07-12 11:27:24",0.890,5,tolkkk1
2678,16456598,MylaJazz,"2026-07-09 22:15:51",0.890,4,"kateadkins,mylajazz"
2679,16473756,"Pastor Soto","2026-07-10 14:19:38",0.890,12,pastorsoto
2680,16513280,"Aleksei Zarubin","2026-08-25 19:32:41",0.889,7,larnort
2681,16457263,"Jeroen Cottaar","2026-09-24 03:19:30",0.889,19,jeroencottaar
2682,16492491,EricBrattain,"2026-07-09 17:38:49",0.889,6,brattain
2683,16515490,hilbet,"2026-07-10 08:01:39",0.889,1,hilbet
2684,16460097,NJU-3DV,"2026-07-13 19:49:09",0.889,20,"yanwenwang2001,zjwxdu,zyliangk"
2685,16730061,hiros,"2026-08-27 04:30:28",0.889,5,hiroshige1
2686,16471667,"Long Hu","2026-07-04 11:05:20",0.889,2,longhul
2687,16454578,"Ehimen Nathaniel","2026-07-09 04:06:57",0.889,25,ehimennathan
2688,16453875,Aryan,"2026-07-21 22:26:31",0.889,6,perseus7
2689,16468006,"Sean Jones","2026-07-10 13:07:59",0.889,12,seanjones444
2690,16456923,"RITTWIK BHOWMICK","2026-07-09 04:15:57",0.889,11,rittwikbhowmick
2691,16511757,Vulcain,"2026-07-09 13:07:22",0.889,2,redachenna
2692,16463733,"Gopal Krishna Gundumalla","2026-07-24 14:19:46",0.889,54,gopalkrishnag
2693,16516477,"yousef Elshahat","2026-07-10 11:48:16",0.889,1,yousefelshahat2
2694,16491480,"Amrit D","2026-07-11 00:13:12",0.889,8,amritad7
2695,16458703,"Raiyana Rufaida","2026-07-12 12:14:21",0.889,4,shes1r
2696,16455668,JuseTiz,"2026-07-25 05:16:10",0.889,5,jusetiz
2697,16567145,yun,"2026-07-20 21:49:06",0.889,5,yuyumarupython
2698,16587419,"Edson Souza","2026-07-26 10:00:44",0.889,7,edsonsouzaids
2699,16624258,Kazuhiro_Yogo,"2026-08-24 08:23:11",0.889,4,kazuhiroyogo
2700,16663920,Keisuke,"2026-08-06 23:26:04",0.889,4,kesuke
2701,16453521,"Muhammad Haaris 27083","2026-09-04 04:11:33",0.889,3,muhammadhaaris27083
2702,16551355,"valentino ray isabell","2026-09-28 11:53:13",0.889,9,valentinorayisabell
2703,16512539,"Han-Tang Chen","2026-07-09 14:37:12",0.889,1,hantangchen
2704,16507179,Flin,"2026-07-11 06:50:24",0.889,1,linf545
2705,16501854,"Navodita Mathur","2026-07-20 20:17:49",0.889,1,navoditamathur
2706,16882804,dottaj,"2026-09-14 14:35:17",0.889,6,dottaj
2707,16459308,aido,"2026-07-14 19:26:58",0.889,8,aido05
2708,16617872,oai,"2026-07-30 07:42:42",0.889,1,jackeson
2709,16454731,kwang,"2026-08-04 13:17:22",0.889,4,gmhost
2710,16712879,NicolasCayuela,"2026-08-12 22:11:09",0.889,5,nicolascayuela9
2711,16459671,"Joey Fredrickson","2026-07-08 13:12:25",0.889,12,joeyfredrickson
2712,16455347,"Kapilraj R","2026-08-29 17:40:01",0.888,4,kapilrajr
2713,16859851,"Yongji Lyu","2026-09-26 14:35:09",0.888,9,yongjilyu
2714,16718485,AB_Melhem,"2026-08-16 22:57:25",0.888,12,kenjimelhem
2715,16606643,Cell-Fish,"2026-08-07 15:34:13",0.888,3,nayancsejust
2716,16506441,happylongliveduck!,"2026-08-12 10:40:48",0.888,5,happylongliveduck
2717,16697859,Nasser,"2026-08-10 12:37:08",0.888,3,nchams3
2718,16579496,"Sidharth Hulyalkar","2026-08-20 07:13:11",0.888,5,sidharthhulyalkar21
2719,16756523,"Shashikant Bind","2026-09-11 06:42:11",0.888,14,shashikantbind123
2720,16619354,"shinji niwa","2026-08-07 09:34:26",0.887,2,niwashing
2721,16576896,SeMe4K0,"2026-07-30 12:25:21",0.887,6,seme4k0
2722,16507510,Derrick168,"2026-08-12 13:00:07",0.887,46,derrick168
2723,16878312,viohub,"2026-09-12 13:05:49",0.887,2,victorogobi
2724,16624005,"Pengcheng Zhang1991","2026-08-12 01:24:50",0.887,3,pengchengzhang1991
2725,16458862,doheon114,"2026-07-06 16:13:07",0.887,10,doheon114
2726,16484932,YellwoJune083,"2026-07-06 12:02:35",0.887,10,yellwojune083
2727,16470269,"Sebastian Fuchs","2026-07-12 23:33:44",0.887,3,sfuchs1
2728,16510353,magp,"2026-07-19 05:25:18",0.887,13,wjdzxh
2729,16592929,Fukuty,"2026-07-28 15:45:23",0.887,1,fukuta0614
2730,16584326,"Roy Wei","2026-08-02 18:19:24",0.887,2,renyiwei
2731,16670561,"Benz Sniper","2026-08-06 23:31:04",0.887,3,ahmadabdoumalickdiop
2732,16806737,"Ashok Kumar Garain","2026-09-02 06:50:35",0.887,1,ashokkumargarain
2733,16794146,"Xero Scythe","2026-09-02 18:36:03",0.887,2,xeroscythe
2734,16890110,"Hongbin Gu","2026-09-18 22:29:12",0.887,6,guhongbin
2735,16725464,junseonglee11,"2026-08-22 11:51:09",0.887,6,junseonglee11
2736,16766382,"Krishna Mohan Shah","2026-09-01 07:43:46",0.887,2,krishnamohanshah
2737,16771746,BHarisankar_07,"2026-09-29 16:40:58",0.886,5,bharisankar07
2738,16492713,sakuya1652,"2026-07-10 06:19:13",0.886,6,sakuya1652
2739,16495947,"Gaurav Aggarwal","2026-07-15 18:32:19",0.886,4,gauravaggarwal08
2740,16510488,SicilyTing,"2026-07-09 03:03:59",0.886,1,sicilyting
2741,16473786,mmath2,"2026-07-11 04:28:33",0.886,2,mmath2
2742,16583439,cyberia,"2026-07-22 07:59:21",0.886,1,cyberia
2743,16455021,IKD,"2026-09-01 06:02:44",0.886,6,makotoikeda
2744,16504417,"Vishnu R Mohan","2026-07-26 16:56:07",0.886,10,vishnurmohan
2745,16517954,"Mr Peponee","2026-08-02 17:55:49",0.886,12,mrpeponee
2746,16632526,"Ritu bu","2026-07-31 16:19:17",0.886,1,bariarituratibhai
2747,16611205,"Dipan Shaw","2026-08-03 23:53:41",0.886,1,dipanshaw003
2748,16678696,"Yessine Zghal","2026-08-07 03:46:46",0.886,6,yessinezghal
2749,16509996,"Alexandre Pedrosa","2026-09-14 21:44:22",0.886,12,alexandrepedrosai
2750,16587422,sebastian,"2026-09-15 15:29:38",0.886,10,sebastianvpal
2751,16745379,"KOKI NISHIMURA","2026-09-24 16:18:39",0.886,1,hekke12122424
2752,16565473,Shin7jp,"2026-07-20 13:33:18",0.886,12,shin7jp
2753,16458748,SeaEag1e,"2026-07-05 11:52:22",0.886,2,seaeag1e
2754,16458239,Chrysan,"2026-07-05 14:24:42",0.886,2,dzakyprastiadi
2755,16456185,QIGESHIJIE,"2026-07-06 01:44:27",0.886,20,qigeshijie
2756,16885380,QSynPrim,"2026-09-14 13:11:26",0.886,5,ksmashhero
2757,16690015,"In-cheol Shin","2026-08-09 05:44:15",0.886,3,incheolshin97
2758,16786510,starkhushi,"2026-09-01 10:18:33",0.886,3,starkhushi
2759,16511535,Nirvana,"2026-07-22 03:48:08",0.886,8,alchemist101
2760,16454238,"Dig Bick in Pight Tussy","2026-09-17 14:30:41",0.885,17,"accelra,finnvnoi,izukia"
2761,16658995,gktdgktdgktd,"2026-08-05 08:58:07",0.885,7,gktdgktdgktd
2762,16458781,"Arkajyoti Sarkar","2026-09-14 11:47:26",0.885,6,arksrk26
2763,16588223,hibscolony,"2026-07-23 11:28:45",0.885,1,hibscolony
2764,16692019,"Antonio Trias","2026-08-17 18:37:42",0.885,4,tronpil
2765,16583081,"Md Farhad Hussain","2026-07-21 19:56:38",0.885,1,mdfarhadhussain
2766,16501873,seckin,"2026-08-02 13:00:06",0.885,4,seckinadali
2767,16595287,"Yulong Yang","2026-07-30 19:41:58",0.885,4,yulongt
2768,16708900,jahalex,"2026-08-16 23:15:34",0.885,4,jahalex
2769,16467008,"Mr. Bruce","2026-07-23 04:48:09",0.885,2,muhammaddanyalmalik
2770,16461762,"Younes Mazouz","2026-07-06 03:08:50",0.885,2,start11
2771,16459141,RAMAKRISHNANYADAV,"2026-07-05 18:50:05",0.885,5,ramakrishnanyadav
2772,16896997,"Den Pugovkin","2026-09-25 04:39:05",0.885,3,denpugovkin
2773,16468029,"Ryosuke Shiroshita","2026-07-06 00:24:44",0.885,10,ryosukeshiroshita
2774,16456328,"Tejas Gluth","2026-07-05 08:15:20",0.885,13,tejasgluth
2775,16559647,"Mert Kuzu","2026-07-20 08:16:53",0.885,3,mertkuzu1
2776,16456035,"Robin Tomar","2026-08-27 09:43:23",0.885,2,robintomar11
2777,16574505,vamos_field,"2026-07-20 09:57:27",0.885,1,kotaroosako
2778,16574797,"Khánh Vinh Lưu","2026-07-20 10:37:04",0.885,1,khnhvinhlu
2779,16557149,9_26,"2026-07-21 00:38:47",0.885,4,batchevall
2780,16454064,sakaitt,"2026-08-14 13:46:04",0.885,30,sakaitt
2781,16890275,"Laxmikanta Roy","2026-09-15 18:12:55",0.885,2,"laxmikantaroy,moumitaaaaaa"
2782,16468934,"Nezihe Sözen","2026-09-14 15:34:33",0.885,1,nezihesozen
2783,16533584,"Mehdi Boumiza","2026-09-17 00:38:54",0.885,4,mehdiboumiza
2784,16459697,"Inder Puneet Singh","2026-07-22 21:57:50",0.885,2,inderpuneetsingh
2785,16471877,"Vladimir Voitovich","2026-08-06 06:02:43",0.885,7,hitimai
2786,16594269,"Aditya Krishnan Mohan","2026-07-24 18:00:55",0.885,1,adityakrishnanmohan
2787,16461427,JamshaidSohail,"2026-07-24 20:22:09",0.885,1,jamshaidsohail5
2788,16584657,"Sadidul Islam","2026-07-28 03:06:11",0.885,2,sadidul012
2789,16610035,Sachidanand,"2026-08-03 05:14:41",0.885,2,sachchidanandadaki
2790,16616233,"Hamza Kanice","2026-07-29 22:03:13",0.885,1,hamzakanice
2791,16500193,"Recursion Error","2026-07-30 15:30:28",0.885,1,"hukatapo,nobongddak"
2792,16632991,webjdi,"2026-08-01 06:33:28",0.885,1,webjdi
2793,16634949,"[Deleted] e0d7e43d-9053-4c8c-8da0-9f9128b38b91","2026-08-02 07:38:24",0.885,1,del=c21e6a8a03ad3b3c
2794,16672101,YouJi,"2026-08-09 22:53:05",0.885,8,exceptlight
2795,16454544,とろけるカフェオレ,"2026-08-07 13:16:06",0.885,2,sakayuya
2796,16603847,badboyhalo1801,"2026-08-11 05:21:57",0.885,1,badboyhalo1801
2797,16727639,"Jignesh Mistry","2026-08-16 07:32:03",0.885,2,jignesh96
2798,16492170,keiere3,"2026-09-04 09:33:42",0.885,13,keitalovereri
2799,16675202,HK,"2026-08-17 11:14:49",0.885,2,hizurukonishi
2800,16472234,Dnyanesh,"2026-09-23 08:32:58",0.885,11,dnyaneshbharambe
2801,16771600,"Zakariya Shuriye","2026-08-25 18:15:48",0.885,1,zakariyashuriye
2802,16771137,"Julian #2","2026-08-25 23:59:42",0.885,2,mob404
2803,16536107,Shivangoudaa,"2026-08-30 08:17:04",0.885,6,ishivapatil
2804,16795749,skw1990,"2026-09-01 15:39:46",0.885,2,skw1990
2805,16800117,Nianhua1,"2026-09-01 12:38:31",0.885,3,nianhua1
2806,16806982,"Ameya Tanikella","2026-09-02 06:09:35",0.885,1,axizcc
2807,16814398,"Atharv Santosh","2026-09-03 05:56:14",0.885,1,atharvsantosh
2808,16795670,cold_star,"2026-09-04 03:57:05",0.885,1,a406161167
2809,16841062,JudyWatermelon,"2026-09-07 04:36:16",0.885,2,judywatermelon
2810,16842387,dreamtear,"2026-09-06 08:11:13",0.885,2,mohanzeng
2811,16672255,"Lamine Yamal","2026-09-07 22:13:26",0.885,1,ermanman
2812,16860503,"Nawriz Ahmed Turjo","2026-09-09 12:23:09",0.885,1,nawrizturjo
2813,16758679,matsurih,"2026-09-09 15:16:04",0.885,2,matsurihime
2814,16876950,hgh404,"2026-09-11 18:48:57",0.885,3,hgh1024
2815,16487945,"Gutten Ahbend","2026-09-14 07:25:00",0.885,2,ulinnuhaabduh12345
2816,16928541,Geb_W,"2026-09-22 11:50:58",0.885,1,hawangs
2817,16584880,TuMinhDang,"2026-08-22 13:43:01",0.885,8,darkswordmg
2818,16459642,"Zehra Korkusuz","2026-07-26 12:26:07",0.885,2,zehrakorkusuz
2819,16651414,TY.Yang,"2026-08-03 09:09:22",0.885,1,tianyiy
2820,16494357,swordsman,"2026-08-06 01:48:40",0.885,1,liuyanfeng
2821,16611600,wanyuan,"2026-08-27 02:47:05",0.885,6,veiocy
2822,16775794,betterme,"2026-08-28 16:00:52",0.885,3,betterme12345
2823,16579735,"Dmitry Belan","2026-08-27 14:33:19",0.885,1,dimong4
2824,16685362,doublek,"2026-08-31 02:45:50",0.885,3,doublek
2825,16795178,"Sahil Kabir","2026-09-18 17:20:28",0.885,2,kabir00
2826,16454940,nnc,"2026-07-30 08:17:53",0.885,8,daimarusui3
2827,16881594,refluxor,"2026-09-13 11:18:02",0.885,4,refluxor
2828,16463812,"Seniya Liya","2026-08-04 10:01:20",0.885,9,vibuthisen
2829,16773975,Михаил,"2026-08-26 07:34:31",0.884,1,msingatullin
2830,16770670,cjsj156,"2026-08-30 05:48:59",0.884,3,cjsj156
2831,16453848,Orca,"2026-08-20 11:12:40",0.884,4,riteshreddyg1205
2832,16756904,胡萝卜,"2026-09-17 11:00:38",0.884,2,carrotvc
2833,16725986,ammxarr,"2026-09-10 21:49:34",0.884,3,ammxarr
2834,16487310,Kaustubh,"2026-07-05 09:40:32",0.884,2,euphora
2835,16497045,ShahidAttar,"2026-09-28 22:45:47",0.884,5,shahidattar7777
2836,16844749,"ola sadek","2026-09-06 19:07:33",0.884,1,olasadek
2837,16459582,askbox,"2026-07-05 07:38:46",0.884,15,askboxnet
2838,16456722,"Tamas Simonds","2026-07-05 16:24:30",0.884,7,tamassimonds
2839,16466365,Ahmet-Gmsts,"2026-08-04 15:00:36",0.884,6,red6161
2840,16466465,"Paul Whitten","2026-09-01 21:02:45",0.884,11,paulwhitten
2841,16728435,"Nishant Kharga","2026-08-17 16:51:37",0.884,1,nishantkharga
2842,16553201,Yaserntx',"2026-07-20 08:25:45",0.883,2,yashanathaniel
2843,16573297,"Artem Kholmanskii","2026-07-24 08:13:55",0.883,4,artemkholmanskii
2844,16855302,"Deiaa Ahmed Abdo Lootf","2026-09-27 17:41:21",0.883,5,dhiaalhemdani
2845,16483571,"Eslam Elzamkan","2026-07-06 02:07:25",0.883,3,eslamelzamkan
2846,16842484,Charlesm85,"2026-09-06 07:27:08",0.883,1,charlesm85
2847,16463847,"Raiyan Ibrahim","2026-07-20 18:41:11",0.883,1,raiyanibrahim
2848,16455330,grifth,"2026-09-09 14:04:31",0.883,5,grifth
2849,16568808,zyhuanghuang,"2026-07-21 09:43:54",0.883,1,zyhuanghuang
2850,16597589,charizard,"2026-07-25 08:10:32",0.883,1,sharmaharshit
2851,16731721,Bonkoturyu,"2026-08-17 09:27:47",0.883,1,bonkoturyu
2852,16767532,"Umut Toygar Göz","2026-08-31 16:10:08",0.883,1,umuttoygargoz
2853,16563482,A@D,"2026-09-28 08:46:40",0.883,33,"adiithape,rickdebjyoti"
2854,16557998,"Kexin You","2026-09-10 07:07:28",0.883,2,cathyyou
2855,16769372,Hexagon,"2026-09-17 04:15:10",0.883,10,youngjunh
2856,16538547,"Diana Daher","2026-08-02 07:01:31",0.883,13,dianadaher
2857,16662676,"Ibad Ur Rahman","2026-08-04 17:43:51",0.882,1,ibadia
2858,16461558,"Tarun Kumar","2026-07-08 18:09:57",0.882,7,tarunkumar3103
2859,16458629,"Sudharsan Velumani","2026-08-20 04:51:14",0.882,25,sudharsanvelumani
2860,16486968,Guest_User66,"2026-07-06 01:52:54",0.882,6,guestuser66
2861,16877359,"Runze Sha","2026-09-11 21:59:40",0.881,1,runzesha
2862,16535972,"Serkan Paker","2026-08-01 13:52:41",0.881,2,serkanpaker
2863,16561817,Devil,"2026-07-19 03:09:24",0.881,2,zhaozhisong
2864,16675276,usk,"2026-09-12 19:25:53",0.881,8,yusukeoi
2865,16463763,outwrest,"2026-07-19 05:39:25",0.881,6,outwrest
2866,16459729,LeeWhieldon,"2026-09-15 13:35:45",0.880,23,leewhieldon
2867,16770746,Baligh,"2026-08-31 12:40:20",0.880,5,balighmehrez
2868,16596371,"min fuka","2026-08-14 05:32:23",0.880,20,minfuka
2869,16458235,"Truong Giang","2026-07-18 09:23:48",0.880,9,p1ayer0ne
2870,16466629,"Aashish Negi","2026-07-07 21:06:34",0.880,8,aashishnegi23
2871,16565573,"Hannes Öhler","2026-07-18 13:35:51",0.880,1,hannes82
2872,16532948,"[Deleted] 1388f537-8c1c-4dd3-b19f-86e2ae0e36b5","2026-08-31 02:10:06",0.880,6,del=31afa72412a9e552
2873,16617628,Haibara114514,"2026-07-30 10:37:06",0.879,1,haibara114514
2874,16547992,"Willy Fitra Hendria","2026-07-16 09:49:24",0.879,3,willyfitrahendria
2875,16591623,"Vijaya Kumbaji","2026-07-28 22:01:47",0.879,5,vijayakumbaji
2876,16571668,"Morgan Hough","2026-07-21 16:38:59",0.879,2,mhough
2877,16762878,"Ishaan Gupta #2","2026-08-30 19:55:35",0.879,5,ishaancodes
2878,16455222,"Vijay Krishna Lanka","2026-09-27 01:29:51",0.879,10,vijaykrishnalanka
2879,16673307,"rik srimany","2026-08-24 06:18:53",0.879,21,riksrimany
2880,16876789,"Chris Deotte","2026-09-17 22:02:40",0.878,15,cdeotte
2881,16493716,"ธีภพ รัตนทรัพย์ศิริ","2026-09-29 03:20:16",0.878,12,theepop
2882,16774357,"Eelis V","2026-09-15 08:56:33",0.878,8,eelisv
2883,16454970,wheeeeee!,"2026-08-04 02:43:22",0.878,15,alexanderswang
2884,16549345,"Jai mohabeer ","2026-09-29 17:42:49",0.878,4,jaimohabeer
2885,16472620,Chaitanya1121,"2026-07-04 18:28:28",0.878,1,chaitanya1121
2886,16454739,SMPL,"2026-07-24 03:03:05",0.878,15,jamesnkim
2887,16463711,Andy,"2026-08-16 14:26:48",0.877,4,"feistar,ziyiyang1020"
2888,16457025,"Editor Jugnu AI","2026-09-29 16:34:17",0.877,57,editorjugnuai
2889,16566179,"Achref Jarray","2026-08-03 17:16:23",0.877,17,achrefjarray
2890,16768817,salmabadavi,"2026-08-25 14:52:37",0.877,3,salmabadavi
2891,16623551,okta,"2026-09-17 10:49:12",0.877,2,oktavianusmisro
2892,16458672,"Hafida Belayd","2026-08-12 15:34:33",0.877,9,hafidabelayd
2893,16462008,DRBhatiaSanjay,"2026-08-18 12:17:43",0.877,2,drbhatiasanjay
2894,16465626,Senn88,"2026-07-23 14:06:46",0.877,4,senn88
2895,16543302,"Manuel F. Mollon","2026-07-23 15:17:38",0.877,2,manuelfmollon
2896,16605473,"Manasi Pandit","2026-07-29 09:51:11",0.877,4,manasi197
2897,16463014,"Yuka,Ota","2026-08-07 07:15:11",0.877,2,yukaika
2898,16560544,"José Luis","2026-07-17 19:21:14",0.877,2,joseluissz
2899,16560816,"Tian hao Qing Nano7ko","2026-07-17 19:55:12",0.877,2,tianhaoqingnano7ko
2900,16565802,"Gopi M","2026-08-05 07:12:20",0.877,10,gopimali
2901,16454164,"Suba S","2026-07-18 22:06:57",0.877,12,jupiter79
2902,16544781,"Muhammad Ahsan Atiq","2026-07-23 18:20:41",0.877,5,ahsanatiq
2903,16924913,"Phoenix #2","2026-09-19 09:59:46",0.877,1,chetanagrawall
2904,16930382,"Nishant Dahal","2026-09-20 11:38:59",0.877,1,nishantdahal
2905,16661424,"Sushrut Shendre","2026-09-21 03:15:17",0.877,1,sushrut17
2906,16935504,"[RU] Evgeniy Kamyshan (sharing)","2026-09-21 12:01:52",0.877,2,svo1488zov
2907,16611853,Yutty2003,"2026-09-10 09:41:11",0.876,6,yutty2003
2908,16667314,kunai,"2026-09-25 10:36:06",0.876,14,kun4qi
2909,16705433,"Shinichi #2","2026-09-02 10:59:45",0.876,2,shinuk
2910,16484020,hugo567,"2026-07-06 01:55:01",0.875,1,hugo567
2911,16698746,monnu,"2026-08-15 05:03:08",0.875,3,fuumin621
2912,16457611,DaylightH,"2026-07-12 07:09:06",0.875,3,daylighth
2913,16463287,Bharat,"2026-09-23 12:20:48",0.875,39,bharat0
2914,16569315,"Taha Bouhsine","2026-07-20 16:28:14",0.874,1,skywolfmo
2915,16611267,"Khalil Almazaideh","2026-09-29 16:49:46",0.874,7,khalilalmazaideh
2916,16584091,"Denzel Robinson","2026-09-29 19:29:47",0.873,70,denzelrobinson
2917,16497339,Molly,"2026-09-28 22:51:50",0.873,14,mollee
2918,16497144,Aster911,"2026-07-23 02:40:43",0.873,13,aster911
2919,16489254,"Ravi Kumar","2026-09-18 13:56:29",0.873,7,ravi11dec1990
2920,16672546,"Evan zhu","2026-08-15 17:23:40",0.872,2,zhuyifanss
2921,16534495,"Nikita Vasilenko","2026-09-06 17:52:37",0.872,12,nikitavasilenko231
2922,16454321,"Daryl Okeke","2026-07-03 22:00:26",0.872,7,darylokeke
2923,16462862,Ivarick,"2026-07-05 03:52:27",0.872,9,ivarickdev
2924,16509107,"Shuyu Tang","2026-08-23 05:36:16",0.872,4,shuyutang2012
2925,16540113,"Billy McIntyre","2026-07-21 17:12:22",0.871,17,williammack
2926,16484123,"Leonardo Domingues","2026-08-04 21:14:43",0.871,3,leonardodomingues
2927,16454583,"Jose Leal","2026-07-24 09:39:13",0.871,31,jalealg
2928,16806034,"Siva Kumar","2026-09-28 15:24:36",0.871,45,sivapnlr80
2929,16487267,brianiac-star,"2026-07-06 11:32:14",0.871,8,konichiwasepogaichi
2930,16471143,Harvey,"2026-07-29 07:27:14",0.870,8,harvyk
2931,16654521,"Jin Niu","2026-08-25 11:26:03",0.870,1,gufanmingmie
2932,16454009,CIOS,"2026-09-27 04:19:14",0.870,4,isaiahawashington
2933,16463754,"Zhanran Li","2026-07-04 05:17:56",0.870,11,zhanranli
2934,16484041,"Tuan Nguyen","2026-07-04 07:21:14",0.870,1,manhtuanbn12
2935,16561147,"Daisuke HOSHINA","2026-08-24 20:58:25",0.870,2,daisukehoshina
2936,16458163,"Boniface Godwin","2026-07-09 12:56:18",0.869,13,beeface
2937,16869101,"ares fabregat","2026-09-29 06:50:53",0.869,10,aresfabregat
2938,16485277,"Alex Han","2026-07-09 05:00:42",0.869,2,alexhan6666
2939,16727088,"Mostafa Rezk","2026-09-04 21:57:04",0.868,4,mostafarezk1
2940,16606856,rm9999,"2026-08-26 20:17:23",0.868,14,rajivnmurthy
2941,16561781,"Seong-Min Park","2026-07-27 20:45:13",0.868,5,xcrossai
2942,16768167,_hans,"2026-08-25 13:36:46",0.868,2,deepdreamer
2943,16548737,nemo,"2026-08-17 11:17:20",0.868,15,"arthurlonguefosse,jerryishihara"
2944,16468777,SimonAx,"2026-07-09 11:32:54",0.867,3,simonaxel
2945,16535123,"Pravinth Raghudhevan","2026-07-13 01:46:30",0.867,6,pravinthraghudhevan
2946,16540520,Zishoo,"2026-07-22 05:01:00",0.867,6,zishuque
2947,16556748,"Mai Kevin","2026-08-08 08:32:40",0.867,7,maikevin
2948,16718082,ZZZZGOD,"2026-08-16 04:58:13",0.867,2,zzzzgod
2949,16725619,"Soshi Tanabe","2026-08-16 04:09:44",0.867,5,soshitanabe
2950,16461929,Araby,"2026-09-06 09:14:44",0.867,12,"omararaby1,ranaaraby"
2951,16761294,cha7ura,"2026-09-01 11:29:57",0.867,6,cha7ura
2952,16539647,"Abdallah ibraheem","2026-08-04 13:57:46",0.867,18,abdallahibraheem19
2953,16670847,"Aliaksei Kaliutau","2026-09-29 15:19:43",0.867,12,akaliutau
2954,16457432,"Hakan OZCAN","2026-07-06 21:29:03",0.867,10,mnrhakanozcan
2955,16459085,JeremyH43,"2026-07-06 03:02:19",0.866,7,jeremyh43
2956,16453433,Ralf,"2026-07-06 14:41:18",0.866,10,ralfffhs
2957,16467967,lumos_maxima,"2026-07-15 01:23:16",0.866,63,aksharthegamer
2958,16467606,radozaprazny,"2026-09-05 06:40:06",0.865,11,radozaprazny
2959,16454534,"q zh","2026-07-06 00:49:05",0.864,5,hrbzhq
2960,16473880,"vivieka wedayanti","2026-07-06 06:22:58",0.864,3,"maulanaadit,viviekawedayanti"
2961,16492553,hufubufen,"2026-07-08 02:33:48",0.864,4,hufubufen
2962,16491483,chase,"2026-09-27 14:48:35",0.864,38,ccolbert
2963,16497147,"Sarah Wanjiru","2026-09-08 12:59:20",0.863,10,sarahnjunge
2964,16766330,"Can Akbaş","2026-09-21 08:33:12",0.863,29,hcanakbas
2965,16660942,xin811,"2026-08-28 14:17:45",0.863,3,xin811
2966,16455565,"Rob Boyd","2026-07-05 16:35:58",0.863,17,robboyd
2967,16454699,"Suman Sharma","2026-08-08 22:00:59",0.863,17,suman2208
2968,16454634,"DeepSOTA AI","2026-07-24 14:32:41",0.862,13,deepsotaai
2969,16460854,erdanieee,"2026-07-17 05:50:37",0.862,4,erdanieee
2970,16491417,Yoizumi,"2026-07-24 19:35:39",0.861,38,etakaya
2971,16728957,Achilov15,"2026-08-16 14:46:25",0.861,1,achilov15
2972,16841275,"Luis Garza Gonzalez","2026-09-18 06:29:38",0.860,3,luisgarzagonzalez
2973,16488291,Camaro,"2026-09-12 07:55:50",0.860,4,bamps53
2974,16462076,Focus,"2026-07-03 13:29:25",0.859,1,overvalueawareness
2975,16881088,NITISH5236GOEL,"2026-09-19 19:54:47",0.859,13,nitish5236goel
2976,16624023,frogsilverberryleoi,"2026-08-26 17:10:53",0.859,1,frogsilverberryleoi
2977,16604364,"iit-23-039 Maskeen SINGH","2026-08-06 20:17:33",0.859,7,iit23039maskeensingh
2978,16663575,"Fan Wang","2026-08-10 21:51:37",0.859,5,wangfan420
2979,16455003,shion,"2026-09-15 04:45:32",0.859,14,k0tame
2980,16456876,"Shubham Veer","2026-09-02 22:11:28",0.859,31,shubhamveer
2981,16468281,Pirozhok,"2026-07-08 15:17:06",0.858,7,kornilova
2982,16669166,Yuyajk,"2026-09-24 23:59:46",0.858,42,yuyajk
2983,16598870,YM,"2026-09-27 09:08:53",0.858,30,saneyuki
2984,16757028,"William A Ramos","2026-09-29 16:48:38",0.857,5,williamaramos
2985,16590591,"Sanath S Srivatsa","2026-09-02 14:24:42",0.857,7,sanathssrivatsa
2986,16695351,"Abhirup Choudhury","2026-09-03 09:58:00",0.857,11,abhirupchoudhury073
2987,16505461,"Dat Dinh","2026-07-21 01:00:52",0.857,13,dathbdinh
2988,16556725,"Alexandr Utkov","2026-07-19 11:04:56",0.857,1,alexandrutkov
2989,16751939,"Sasha Sam","2026-08-31 13:41:26",0.857,7,sashasam
2990,16786241,maxedhunter,"2026-08-29 23:31:38",0.857,4,maxwellhe9
2991,16716356,Bayarbat,"2026-09-22 06:00:43",0.857,4,baba1230
2992,16471047,"Mikhail Kotyushev","2026-08-14 06:18:29",0.856,11,mkotyushev
2993,16700460,yoonseojin0001,"2026-09-29 19:50:42",0.856,1,yoonseojin0001
2994,16482044,Pietro,"2026-07-03 15:25:17",0.856,1,pietro002
2995,16500315,igorobed0,"2026-07-14 10:16:58",0.856,2,igorobed0
2996,16682217,"Shriyansh Patnaik","2026-08-13 11:25:16",0.856,10,shriyanshpatnaik
2997,16454251,"Suleiman Tawil","2026-07-05 16:46:29",0.856,6,suleimantawil
2998,16473128,"Davit Khantadze","2026-08-25 16:57:39",0.856,13,davitkhantadze
2999,16481593,rn8205,"2026-07-03 22:40:53",0.856,5,rn8205
3000,16464062,MLxAnimesh,"2026-07-03 12:07:47",0.856,4,animeshiitk29
3001,16613778,"Khush Vaghela","2026-09-14 18:27:28",0.853,16,khushvaghela
3002,16457717,"Tsukasa Hamaoka","2026-08-18 02:35:34",0.853,17,tsukasahamaoka
3003,16458407,baumbaron,"2026-07-06 14:30:04",0.853,1,baumbaron
3004,16485476,Yuta09,"2026-07-10 07:49:11",0.852,21,yuta09
3005,16681404,"Yusuke Hayashi","2026-08-10 09:44:55",0.852,3,yhay81
3006,16485980,Nomannic,"2026-07-05 12:16:06",0.852,2,nomannic19
3007,16552931,KyusangJang,"2026-07-20 04:23:43",0.851,1,kyusangjang
3008,16605566,msobanb,"2026-07-31 16:42:12",0.851,4,msobanb
3009,16453882,seven,"2026-09-14 23:37:49",0.851,4,morikawatakeshi
3010,16927948,kvswim,"2026-09-29 16:18:37",0.849,3,kvswim
3011,16466409,"Abu Hurrairah","2026-09-29 06:31:54",0.849,2,abuhurrairahm
3012,16456781,qt,"2026-09-28 05:48:33",0.849,8,"ishantiwari2000,rohitrajesh"
3013,16509498,"David Marquez Oller","2026-07-14 10:21:05",0.849,16,"davidmarquezoller,nucarvi28"
3014,16545430,"Kenan Kocadurdu","2026-08-08 22:54:19",0.849,3,kenankocadurdu
3015,16463424,"Damian Palumbo","2026-08-24 23:53:46",0.848,23,damianpalumbo
3016,16732692,GabriManz,"2026-08-20 08:15:43",0.848,2,gabrikaggel
3017,16515262,"Soumyasish Dutta","2026-09-29 08:55:51",0.847,7,"prarthanamanickam,soumyasishdutta"
3018,16546749,"Hasan BASBUNAR","2026-07-15 19:48:54",0.847,6,"basakbasbunar,hasanbasbunar"
3019,16457412,"Ohm Mingrath","2026-07-05 06:01:23",0.847,13,mingrathmekavichai
3020,16459099,ryancole1,"2026-07-11 16:44:33",0.847,7,ryancole1
3021,16463517,"Red Mango","2026-07-10 05:18:26",0.846,9,redmango97
3022,16831891,kongman,"2026-09-11 09:09:59",0.845,13,kongman
3023,16456758,"Onyeacholem Ifeanyi Joshua","2026-07-24 00:37:27",0.845,30,ifechuku1
3024,16464479,"Stellaron Hunters","2026-07-05 17:39:19",0.844,5,castorice01
3025,16471009,"Zhe Arthur","2026-07-06 02:35:40",0.844,11,zhearthur
3026,16455997,Shubhranshu,"2026-07-04 07:42:27",0.843,2,shubhranshu331
3027,16566200,"Onishchenko Bogdan","2026-07-19 12:22:26",0.843,4,windnict
3028,16545131,nanare,"2026-08-19 06:12:36",0.843,4,nanaresudo
3029,16495661,PK,"2026-09-29 16:49:58",0.843,16,"krrishkumarkk,parthg2007"
3030,16480389,"Vinu Kaveesha","2026-07-03 16:29:44",0.843,1,vinukaveesha
3031,16456969,"Yaswanth Alla-25","2026-07-06 08:23:53",0.843,4,yaswanthalla25
3032,16466050,Lurkers,"2026-07-02 18:36:13",0.843,5,praveensahukari
3033,16470434,"Amirreza Aleyasin","2026-07-03 23:00:10",0.842,6,amirrezaaleyasin
3034,16466732,BhargavaAbhi,"2026-07-02 13:18:45",0.842,3,bhargavaabhi
3035,16454600,Ketalana,"2026-07-04 00:26:01",0.842,8,shevtsovapolina
3036,16473870,EL,"2026-07-09 16:14:38",0.842,5,raphaelgusmao
3037,16542210,"Mohit Rao","2026-07-17 13:38:52",0.842,11,vmohitrao
3038,16498259,"조권율 (혼잘놀)","2026-07-26 11:05:14",0.842,2,jogwonyul
3039,16456067,"Gaurav Kushwaha","2026-07-04 12:09:05",0.842,5,fridaycode
3040,16782191,daguniang,"2026-08-31 05:37:38",0.841,2,daguniang
3041,16766150,"Gabriele Santoro","2026-09-07 10:20:49",0.841,3,gabrielesantoro
3042,16617903,Ronty00,"2026-08-05 15:29:53",0.841,8,ronty00
3043,16478095,"Minal kharat123","2026-09-25 05:58:47",0.841,8,minalkharat123
3044,16457260,Ousagi,"2026-07-09 08:21:14",0.841,10,enzowalter
3045,16718553,"Urazalinov Baurzhan","2026-09-13 18:16:02",0.840,27,baurzhanurazalinov
3046,16456187,"Yash Gurjar","2026-07-03 13:30:34",0.839,3,yashgurjar09
3047,16730668,ktyser,"2026-08-25 17:42:38",0.839,7,keithtyser
3048,16494152,PowerLawsEverywhere,"2026-07-10 11:31:54",0.839,5,powerlawseverywhere
3049,16454355,Papyrus,"2026-07-02 02:27:31",0.839,6,munkhsuld
3050,16471902,"Xinlong Zhang","2026-07-02 05:42:59",0.838,1,zxl2022
3051,16453585,"Kameron Kilchrist","2026-07-03 00:36:08",0.838,15,kameronkilchrist
3052,16453785,Light&Thunder,"2026-07-04 08:21:17",0.838,6,yerne39
3053,16463442,"Sumant V J","2026-07-10 03:10:19",0.838,14,sumantvj
3054,16474522,dr.procton,"2026-07-02 15:10:55",0.837,1,procton
3055,16841506,"Andrey Zhuravlev","2026-09-28 03:37:00",0.837,6,andreyzhuravlev26
3056,16461825,dragoshh1984,"2026-08-13 15:04:44",0.836,7,dragoshh1984
3057,16459845,"Lidor Foguel","2026-07-02 18:32:11",0.836,6,foguellidor
3058,16881019,"i220884 Syed Dilawar","2026-09-24 18:33:55",0.836,2,i220884syeddilawar
3059,16701519,kazukazupi,"2026-09-06 12:32:51",0.836,2,kazukazupi
3060,16462332,"Mohammed Saqib","2026-07-25 04:37:40",0.836,5,saqibm128
3061,16470818,"Igor Kartashov","2026-07-02 09:59:35",0.836,3,igorkartashov
3062,16494772,ksk72,"2026-07-22 12:52:25",0.836,2,skeisuke
3063,16480404,TheOneTheOnly,"2026-07-05 15:58:23",0.836,3,theonetheonly
3064,16714136,"Yosphat Srithanasakulchai","2026-08-19 00:50:46",0.836,5,yosphats
3065,16769500,Straw_hats,"2026-08-31 17:47:45",0.835,4,charanno
3066,16474985,Tihh,"2026-07-03 11:08:59",0.835,4,katihi
3067,16458184,"Anh Bui","2026-07-04 09:05:14",0.835,12,bibanh
3068,16473487,Patrick,"2026-07-02 11:21:32",0.835,1,patricklaokul
3069,16908278,DRSB42,"2026-09-23 05:42:38",0.835,2,drsb42
3070,16463936,JHCodeQuest,"2026-08-05 21:53:39",0.835,2,josephkhassan
3071,16616844,"Chengyu Huang","2026-07-30 06:40:21",0.835,2,johnsonice
3072,16455210,SajayR,"2026-07-01 15:56:43",0.834,1,sajayr
3073,16686909,Martin,"2026-08-13 04:28:28",0.833,10,martinwasswakalema
3074,16768374,kshileeva,"2026-09-28 18:41:06",0.833,5,kshileeva
3075,16691183,Drifffffft,"2026-09-06 18:08:54",0.831,15,rudispresence
3076,16457545,"Kadeejath Shoaiba","2026-09-22 09:43:23",0.831,9,kadeejathshoaiba
3077,16463370,"Hossein Ahmadi","2026-07-05 21:05:03",0.830,18,ahmadihossein
3078,16466745,"T Araki","2026-07-28 16:15:30",0.830,1,takamitsuaraki
3079,16708416,CloseAI,"2026-08-14 23:31:35",0.830,1,devansh26
3080,16579366,ravichbits,"2026-07-22 01:58:51",0.830,4,ravichbits
3081,16454523,"Eric Keller","2026-08-08 11:54:58",0.829,1,erickeller2
3082,16925175,"Haseeb Majoka","2026-09-22 19:36:24",0.829,3,haseebmajoka
3083,16462500,alejandroradisic,"2026-07-03 18:28:39",0.829,6,alejandroradisic
3084,16513042,"Frederic BONNET_MDIBL","2026-07-20 00:01:53",0.828,11,fredericbonnetmdibl
3085,16460567,"Armine Shaboyan","2026-07-02 10:50:12",0.828,8,armineshaboyan
3086,16514621,tuannm3812,"2026-07-24 01:29:34",0.827,4,tuannm3812
3087,16938852,"Daniel Peng","2026-09-22 03:38:36",0.827,1,codewithdaniel1
3088,16456689,"E1 ร้านชาบู x E20 gasohol","2026-07-05 15:37:03",0.827,15,"bananafuji001,thanithpolt,worraprachsrir"
3089,16533930,"Murari Ambati","2026-08-09 22:20:45",0.827,1,murariambati
3090,16467774,"fakhri faros","2026-07-08 13:22:21",0.827,8,fakhrifarosss
3091,16457370,"The Coder Geek Squad Leader","2026-07-01 17:08:11",0.827,4,soulemaneisissifou
3092,16453649,Angantyr,"2026-07-12 21:15:23",0.827,8,angantyr
3093,16470165,"Hemadri Rawat","2026-08-09 17:04:44",0.827,4,hemadri2208
3094,16472696,"[Deleted] 148911cd-25b5-4cea-8fe9-21587d7e7ae8","2026-07-04 07:11:56",0.827,3,del=62f75f64691cc7c3
3095,16471792,"Sanya Rastogi","2026-07-04 05:16:45",0.827,2,sanyarastogi123
3096,16530425,ASCSATC,"2026-07-11 02:16:30",0.827,1,jiangzuang
3097,16553488,"ÖMER FARUK KATKAT","2026-07-16 06:23:28",0.827,2,merfarukkatkat
3098,16482452,Kango,"2026-08-09 18:12:41",0.827,1,datingwang
3099,16579295,"Muhammad Safwan Ahmad Saffi","2026-08-14 12:49:16",0.827,7,safwanahmadsaffi
3100,16634562,"rapika rosalia","2026-08-17 16:55:22",0.827,1,rapikarosalia
3101,16454831,"FABRICIO DA SILVA","2026-09-19 20:57:45",0.827,2,fabriciodasilva
3102,16550107,"Julio Contreras","2026-09-29 22:17:21",0.827,60,juliocontreras
3103,16454976,"Debabrata Pattnayak","2026-09-23 15:39:00",0.827,2,debadev
3104,16481442,"João Pedro Ferreira","2026-07-11 12:38:31",0.827,4,jpsferreira
3105,16754100,VecNull,"2026-08-24 11:25:27",0.827,10,vecnull
3106,16455641,"Shivam Shinde","2026-07-01 12:39:09",0.826,1,shindeshivam
3107,16930562,yuliangcheng,"2026-09-20 15:09:12",0.826,4,yuliangcheng
3108,16759741,"Tochukwu Olie","2026-09-25 19:27:13",0.826,4,"danielajuzie,tochukwuolie"
3109,16515013,SundharSteyn,"2026-08-11 15:01:47",0.826,43,sundharsteyn
3110,16603080,"mohammed irfan","2026-08-27 19:46:37",0.826,10,mohammedirfan123987
3111,16535004,"Shishir Adhikari","2026-07-17 17:54:19",0.826,5,"akritirijal04,binayaadhikari13,shishiradhikari11"
3112,16454015,"ISAKA Tsuyoshi","2026-07-01 07:21:45",0.826,5,isakatsuyoshi
3113,16467058,"Zhecho Mitev","2026-07-01 14:35:30",0.826,1,zhechomitev
3114,16468888,SAURABH_RAI_1729,"2026-07-01 18:35:39",0.826,1,saurabhrai1729
3115,16456934,"Basil Hazem  Jaziny","2026-07-01 21:58:36",0.826,3,basilhazemjaziny
3116,16470730,"Py Begi","2026-07-01 23:45:06",0.826,1,konodera
3117,16458797,"Oyindamola Olatunji","2026-07-02 07:50:57",0.826,4,ikeadeoyin
3118,16455590,"Soham Mhatre112","2026-07-06 15:47:17",0.826,14,sohammhatre112
3119,16453929,suguuuuu,"2026-07-05 02:22:21",0.826,1,sugupoko
3120,16490301,"Nicolai Karcher","2026-07-05 21:37:29",0.826,3,pejophylo
3121,16472208,"Kunaal Sahu","2026-07-16 09:42:00",0.826,13,kunaalsahu004
3122,16481174,PabloTBA,"2026-08-03 22:21:15",0.826,5,pablotba
3123,16565788,"Zen kōan","2026-07-19 19:54:23",0.826,1,vc9408
3124,16577172,Milly,"2026-09-28 04:46:05",0.826,7,genadieva
3125,16463679,"Urja Ahuja","2026-08-19 08:57:07",0.826,9,urjaahuja
3126,16608532,"Vishal Sharma","2026-07-31 11:49:26",0.826,6,vishal40182
3127,16580556,"Haotian lv","2026-08-03 10:02:26",0.826,2,lightovo
3128,16659043,"arsh789 ","2026-08-05 12:52:09",0.826,4,arsh789
3129,16678801,"Jacoby Jaeger","2026-08-10 01:33:10",0.826,3,jacobyjaeger
3130,16455858,寿!,"2026-08-09 13:14:27",0.826,3,taka3776toshi
3131,16694052,Sense,"2026-08-13 09:15:50",0.826,1,yuuuuuuuuchu
3132,16662675,"Yigit Kahraman","2026-08-13 13:41:07",0.826,2,yigitkahraman
3133,16613166,"Dawid Fleischer","2026-08-21 10:44:29",0.826,3,dawidfleischer
3134,16729511,"Sarthak Sharma","2026-08-27 22:52:00",0.826,3,sarthaksharma14
3135,16575180,"Gi-in Kim","2026-08-11 07:21:30",0.824,12,giinkim
3136,16464631,Garv88,"2026-07-01 09:59:20",0.824,1,garv88
3137,16454219,LeoSanchezSolis,"2026-07-07 03:45:34",0.824,12,leosanchezsolis
3138,16454282,shu01,"2026-09-18 05:15:45",0.824,1,shu01jp
3139,16497648,AILuke,"2026-07-07 15:15:48",0.823,3,ailuke
3140,16689767,"kirubel nigusu","2026-08-09 15:35:26",0.823,2,kirubelnigusu
3141,16703613,Markdd520,"2026-09-28 18:04:50",0.823,1,markdd520
3142,16688322,MaxChen303,"2026-08-19 17:32:30",0.822,4,maxchen303
3143,16454596,NinjaNick,"2026-07-05 03:55:31",0.822,17,ninjanick
3144,16462219,Supernole1,"2026-07-10 00:24:15",0.821,8,supernole1
3145,16454901,Mbote-Joseph,"2026-07-02 07:32:29",0.821,10,mbotejoseph
3146,16599872,primal,"2026-08-09 22:24:28",0.821,11,primalhost
3147,16463593,Steven,"2026-07-08 05:46:22",0.821,8,stevenpp
3148,16455748,"Aur Shalev Merin","2026-07-01 22:00:48",0.821,4,aurshalevmerin
3149,16808519,"Ryan #4","2026-09-25 10:07:22",0.820,4,duhnoob1010gamer
3150,16508982,Oshbocker,"2026-07-08 21:52:23",0.820,1,oshbocker
3151,16514627,"Katsutoshi Makino","2026-08-05 02:46:19",0.820,17,katsutoshimakino
3152,16845880,KD0G22,"2026-09-07 18:15:40",0.819,4,kd0g22
3153,16454193,JosephErikRibeiro,"2026-09-28 05:29:01",0.819,49,josepherikribeiro
3154,16654936,jjakimoto,"2026-08-11 23:08:38",0.819,4,jjakimoto
3155,16845072,SSV,"2026-09-06 21:34:51",0.818,1,vigneshirtt
3156,16533971,"Mokshit Sheoran","2026-08-05 18:26:27",0.818,10,mokshitsheoran
3157,16592306,okabon,"2026-09-28 02:49:25",0.818,2,toshihirookamoto
3158,16544088,takahiro_hi,"2026-08-12 02:29:32",0.818,16,takahirohi
3159,16458665,Telliott22,"2026-07-03 20:27:40",0.818,6,telliott22
3160,16590146,"Mahmoud Sameh","2026-08-16 15:04:01",0.818,6,mah01sam
3161,16516652,"Vladimir Iglovikov","2026-09-27 05:05:00",0.817,1,iglovikov
3162,16476089,"AHMED EL YOUSSEFI","2026-07-05 22:15:45",0.817,6,ahmedelyoussefi
3163,16534455,Khaledalnuaimi,"2026-07-14 13:32:50",0.817,15,khaledalnuaimi
3164,16906296,"Nobuko IT","2026-09-27 18:40:24",0.817,11,nobukoit
3165,16690461,"Amal Saad Alshehri","2026-08-11 11:11:23",0.816,6,amalalshehri
3166,16468748,hydrogenbonds,"2026-08-12 09:49:19",0.816,19,jeffreyntse
3167,16682999,Tao_tsuchiya,"2026-08-18 03:33:22",0.816,7,doyakun
3168,16756821,"Alex Amirkhanyan","2026-08-27 13:33:14",0.815,10,aleksamirkhanyan
3169,16709792,"Yusuke Igarashi","2026-08-27 15:43:52",0.815,3,yusuke1515
3170,16472412,"Sachin Budania","2026-08-04 13:10:22",0.812,26,"rohanbudaniya,sachinbudania885"
3171,16453822,biologist,"2026-07-01 07:16:16",0.812,3,biologist
3172,16655126,"Mikhail Fadin","2026-08-30 14:02:07",0.812,3,mikhailfadin
3173,16673538,Jason-Oh,"2026-08-18 12:29:29",0.811,11,dossantoss
3174,16463227,Spica08,"2026-07-07 16:18:56",0.810,5,spica08
3175,16757715,"Ryan Owens @ Membrak","2026-09-24 17:23:14",0.810,2,ryanowensmembrak
0,16460185,"UNet Baseline","2026-06-30 14:26:12",0.810,1,
3176,16455497,Venomblue,"2026-06-30 11:07:01",0.810,2,preetham89856
3177,16460316,"Aman Sharma","2026-06-30 17:20:46",0.810,1,aman5153684
3178,16461460,"Evgenii Rudakov","2026-06-30 18:48:13",0.810,1,dolphininacoma
3179,16453748,Manav_patel06,"2026-06-30 18:54:18",0.810,2,manavpatel06
3180,16461830,André🇧🇷,"2026-07-01 00:35:28",0.810,2,andrefernand
3181,16461838,"Shashank Srivastava","2026-09-18 23:27:11",0.810,6,shashankresearch
3182,16461990,"yohan deshpande","2026-07-02 19:16:16",0.810,9,yohandesh
3183,16463050,HongyuChen123321,"2026-07-01 03:17:13",0.810,1,hongyuchen123321
3184,16463218,ademicho123,"2026-07-04 13:38:37",0.810,5,ademicho123
3185,16454171,"Xiaofei Zhao","2026-07-01 23:06:01",0.810,6,xiaofeizhaoh2o
3186,16454315,POR160893,"2026-07-05 20:27:16",0.810,5,por160893
3187,16454177,"Emil Gasimov","2026-07-02 13:53:16",0.810,2,ellysian
3188,16478131,YYma1201,"2026-07-03 05:28:17",0.810,1,yyma1201
3189,16461566,justashu,"2026-07-09 09:04:12",0.810,9,justashu
3190,16508353,nsharma_03,"2026-07-09 06:39:55",0.810,1,navin03
3191,16506227,Richard_Liu,"2026-08-09 10:14:14",0.810,4,zxcvbn369z
3192,16557338,bombombom,"2026-07-17 15:22:45",0.810,2,cupcakepirate
3193,16582816,kwonj0815@gmail.com,"2026-07-21 17:51:34",0.810,1,kwonj0815gmailcom
3194,16560721,mdbarnes,"2026-07-21 18:41:37",0.810,2,mdbarnes
3195,16602830,"Sagar Honnungar","2026-08-01 18:56:06",0.810,2,sagarhonnungar
3196,16680650,"tianwen zhang1","2026-08-16 03:21:50",0.810,2,tianwenzhang1
3197,16513549,Taffy1883,"2026-09-06 08:26:59",0.810,6,taffy1883
3198,16674888,"Riddhi Powle","2026-08-11 12:33:51",0.810,3,r1ddh1p
3199,16707574,"Ogulcan Cetin","2026-08-11 13:35:03",0.810,1,ogulcancetin
3200,16635619,HiroKaneYP,"2026-08-15 08:19:21",0.810,1,hirokaneyp
3201,16725202,"Masataka Suzuki","2026-08-16 23:47:29",0.810,2,masatakasuzuki
3202,16599864,sota1111,"2026-08-22 15:21:00",0.810,22,sota1111
3203,16762159,"Shota Hirao","2026-08-23 13:44:17",0.810,1,shotahirao
3204,16746830,Quixotik,"2026-08-25 05:06:31",0.810,1,xiaokangqin
3205,16769032,Ahmedullah,"2026-08-25 12:17:51",0.810,1,ahmed5030
3206,16689134,Pieismath,"2026-08-25 20:52:16",0.810,3,pieismath
3207,16795518,"Aakash Kavuru","2026-09-08 23:38:44",0.810,4,aakashkavuru
3208,16856201,BeanApologist,"2026-09-09 00:06:23",0.810,1,sarahmarin
3209,16878813,ZhiXiangYang,"2026-09-12 05:41:52",0.810,3,zhixiangyang123123
3210,16593917,"Sayandeep Ghosh","2026-09-12 18:08:04",0.810,4,sayandeepghosh
3211,16898765,Bxckwood,"2026-09-15 20:39:45",0.810,1,bxckwood
3212,16906601,"Rintaro Moriwaki","2026-09-16 13:36:53",0.810,1,rintaromoriwaki
3213,16908681,Polina2003,"2026-09-16 21:12:42",0.810,1,polina2003
3214,16911474,AkiSun,"2026-09-17 12:08:43",0.810,1,akisun
3215,16482321,"Devansh Raulo","2026-09-21 19:59:39",0.810,2,devanshraulo
3216,16453653,"Obruthe Ebah","2026-09-22 19:43:14",0.810,1,obrutheebah
3217,16601334,"Vivien Jiaqian Zhu 朱嘉倩","2026-09-29 18:17:06",0.810,1,vivienjz
3218,16456483,"Dmitry Bardonov","2026-07-02 01:07:27",0.810,7,bdesim
3219,16730303,"Murat Kolic","2026-08-20 07:40:35",0.808,12,muratkolic
3220,16591169,"Jobayer Hossain","2026-09-06 03:05:36",0.807,3,jobayerhossain
3221,16884450,"Ludwig Agurto Contador","2026-09-14 02:47:54",0.806,2,ludwigagurtocontador
3222,16456831,muyouqian4,"2026-09-05 11:01:27",0.805,6,muyouqian4
3223,16463851,"Karnakbayev Artur","2026-07-01 08:43:52",0.805,5,karnakbaevarthur
3224,16539198,"Malthumkar Pavani","2026-09-29 15:53:17",0.804,4,"jayant99acharya,malthumkarpavani"
3225,16730482,Hutao715,"2026-09-02 12:34:42",0.803,18,apostle715
3226,16775697,IsonaEi,"2026-08-26 18:25:25",0.802,2,isonaei
3227,16805637,Vladislav,"2026-09-06 08:02:00",0.801,18,vladislavlassa
3228,16838900,ra5anchor,"2026-09-20 08:09:45",0.800,2,junmitsui
3229,16582872,"Goutham Indukuri","2026-07-22 02:04:26",0.799,2,gouthamvarmaindukuri
3230,16461014,Akai+Inu,"2026-07-01 14:36:32",0.799,1,akaiinu
3231,16735226,"Shih Hua Chou","2026-08-22 14:58:47",0.799,3,shihhuachou
3232,16471658,Raiden.B,"2026-08-08 09:18:47",0.799,9,raidenb
3233,16762478,"Anass Mellouki","2026-08-23 19:24:38",0.798,2,anassmellouki1
3234,16623048,Ammar,"2026-08-04 15:59:14",0.797,2,ammarhameed
3235,16458330,ktiwari121,"2026-07-10 18:06:05",0.797,9,ktiwari121
3236,16479822,"Ouedraogo somkieta","2026-08-05 17:40:44",0.797,27,ouedraogosomkieta
3237,16500591,"Hóf Tamás","2026-09-01 20:45:39",0.797,43,hftams
3238,16457301,"James Aisenberg","2026-07-12 21:39:27",0.797,18,jaisenberg
3239,16560620,"brandon hager","2026-07-22 18:21:36",0.796,3,brandonhager
3240,16581628,"Jiao Jiaming","2026-08-21 14:01:48",0.795,1,jiaojiaming
3241,16482557,"Daniel Rivera Lloret","2026-07-19 00:57:55",0.793,10,dannyriveralloret
3242,16453847,Ezequiel,"2026-07-15 10:54:32",0.793,2,ebernatene
3243,16481821,"Youri Matiounine","2026-07-22 12:25:21",0.792,12,ymatioun
3244,16668804,"Rohan Shankar","2026-08-11 03:13:20",0.791,3,rohanshankar10
3245,16579134,"Ayush ","2026-09-29 14:09:54",0.790,15,verma8513
3246,16454957,gezi,"2026-09-02 00:21:59",0.789,10,goldenlock
3247,16456590,"prithwish ghosh","2026-08-23 03:52:01",0.789,1,prithwishghosh55
3248,16586934,NurpeyisRiskeldi,"2026-08-20 19:21:13",0.789,3,nurpeyisriskeldi
3249,16460570,"Deepesh Ahlawat","2026-07-03 10:41:40",0.788,4,deepeshahlawat001
3250,16453425,"Mohamed El-Nageeb","2026-08-19 23:37:29",0.785,14,thelastsmilodon
3251,16663698,MiguelS,"2026-08-12 23:08:16",0.785,7,lordm758
3252,16572778,xulei,"2026-08-18 01:37:33",0.785,7,simlewxulei
3253,16763908,Nosh72,"2026-09-13 06:42:10",0.784,2,nosh72
3254,16691944,"Hassan Algizani","2026-08-14 02:08:52",0.784,3,hassanalgizani
3255,16816255,KIT0,"2026-09-28 23:54:47",0.784,11,kit024
3256,16690239,"William Godfrey","2026-09-12 15:35:41",0.784,7,willgo167
3257,16495609,KNT93,"2026-08-25 08:12:55",0.784,6,hkanetake
3258,16693362,"Cem Dudu","2026-08-23 05:58:12",0.783,1,cemdudu
3259,16861643,YaolingHan,"2026-09-11 17:04:37",0.782,6,yaolinghan
3260,16555192,ganbayard,"2026-07-21 00:45:19",0.782,7,ganbayardamdindorj
3261,16470747,"Richardson Allan Ferreira De Souza","2026-09-12 18:00:18",0.780,15,richardsonsouza
3262,16475040,"Amy Yuan","2026-08-03 05:12:01",0.779,9,cozytato
3263,16817627,"Dale Rampton","2026-09-07 06:57:26",0.779,3,dalerampton
3264,16587109,xmkevin2004,"2026-08-18 23:39:17",0.778,5,xmkevin2004
3265,16453628,Aishwik,"2026-07-23 07:12:10",0.776,6,aishwik
3266,16459271,"Magnus Drake Proxtend","2026-07-01 11:17:24",0.775,1,magnusdrakeproxtend
3267,16865406,"XDz Zyq","2026-09-21 12:34:48",0.775,1,xdzzyq
3268,16501779,"Li Mingyang","2026-07-08 20:34:09",0.775,4,limityoung
3269,16460561,"Suleiman Hassan","2026-06-30 18:34:14",0.774,5,suleimanhassan77777
3270,16454255,spuice,"2026-06-30 06:39:42",0.774,2,spuice
3271,16891782,"mohamed saafan","2026-09-15 04:33:05",0.773,2,mohamedsaafan
3272,16710478,harsh_lalakiya,"2026-08-13 09:04:59",0.773,5,mlforharsh
3273,16656918,"Peter John Paul","2026-09-23 02:31:03",0.773,35,peterjohnpaul
3274,16755516,"NEHA SHARMA","2026-09-29 13:19:48",0.773,6,nehash0123gmailcom
3275,16470765,fuelman,"2026-07-13 13:33:06",0.771,7,fuelman
3276,16613885,Paranoia,"2026-07-31 09:08:51",0.770,2,"redamancy0,yiyiyisong"
3277,16531640,"Isanka Diddeniya","2026-07-17 07:48:23",0.769,5,isankadiddeniya
3278,16455234,di,"2026-07-04 02:13:36",0.769,11,denysiliash
3279,16705599,"Irvin Toh","2026-08-13 03:06:43",0.768,3,irvintoh
3280,16458973,GhostsDragons,"2026-07-19 15:43:32",0.768,12,"ghostdragons,vikramadityasinghai"
3281,16754027,"Arvind Kumar.dev","2026-09-29 09:33:25",0.768,1,arvindkumardev
3282,16680659,Akabecos,"2026-08-29 01:38:32",0.767,3,hkthbk
3283,16684798,ljdzzz10,"2026-08-21 07:32:27",0.766,2,ljdzzz10
3284,16914215,"Pavel Novikov","2026-09-20 17:32:04",0.766,6,approxoptimprob
3285,16459314,"Ümit TÜRKYILMAZ","2026-07-31 07:14:39",0.766,21,mittrkyilmaz
3286,16743510,"ROHAN Exploit","2026-09-07 10:30:31",0.765,10,rohanexploit
3287,16455062,"KELI kekeli christ","2026-07-02 09:16:07",0.765,9,kelikekelichrist
3288,16463395,"Shriya Chandel","2026-09-29 19:17:12",0.765,3,shriyachandel
3289,16691216,"Nishant Agrawal","2026-08-12 09:41:01",0.764,2,imw0lf
3290,16508252,lrast,"2026-07-11 22:08:40",0.763,2,lerast
3291,16588482,"Radha Krishna Deshpande","2026-07-23 06:27:34",0.763,1,radhakrishna2486
3292,16582452,"Porch Goose","2026-09-18 02:43:31",0.763,8,jaclyndeem
3293,16651940,"Yogesh Jadhav","2026-08-17 07:46:06",0.763,1,dynamo14324
3294,16599640,"Tanaz Safique","2026-09-29 10:17:58",0.763,1,tanazsafique
3295,16474323,"Aaron Winegrad","2026-07-16 23:32:36",0.763,4,aaronwinegrad
3296,16609922,"LV YICHEN0616","2026-09-25 13:28:00",0.763,16,lvyichen0616
3297,16839132,huangbin,"2026-09-05 09:14:50",0.762,2,huangbin1
3298,16475360,"Vihaan Singh","2026-07-18 22:00:42",0.762,5,vihaansingh67
3299,16454116,"akshay gutha ravi ","2026-07-10 22:30:10",0.762,1,akshaygutharavi
3300,16768171,"Nizar Jeridi","2026-08-25 13:59:55",0.762,1,nizarjeridi
3301,16693945,K_K,"2026-09-16 08:29:53",0.762,2,kabirk22
3302,16509550,LiveSun,"2026-09-26 13:28:35",0.761,4,"eman3000,omegasun"
3303,16456195,"Avvaru Srinivasulu","2026-07-02 11:46:39",0.759,3,avvarusrinivasulu
3304,16593825,"SURYA SRIKAR","2026-09-26 19:00:36",0.758,32,kssrikar4
3305,16694817,"Milosh Janevski","2026-08-27 12:49:30",0.758,5,miloshjanevski
3306,16942980,"joshi malav","2026-09-29 13:16:36",0.757,2,joshimalav
3307,16706293,"Hiroshi Kono","2026-08-15 10:55:32",0.757,2,hiroshikono
3308,16455494,"Agostinho Soto","2026-09-27 15:41:16",0.755,20,agostinhosoto
3309,16574027,Rubylicious,"2026-07-29 08:18:31",0.755,2,labibahalya
3310,16731402,abcbcbc,"2026-08-25 06:52:32",0.751,6,abcbcbc
3311,16460920,"Zhenyu Zhang","2026-07-01 03:45:41",0.750,1,horizen12
3312,16454445,"Nhi Thuy Ha","2026-07-08 17:03:58",0.750,1,thuyaha
3313,16792880,"Daniel Kalicki","2026-09-26 07:53:38",0.750,7,dankal
3314,16459509,"cristian mendoza","2026-07-03 03:58:11",0.749,2,ictj01
3315,16470784,"Samir Hossain099","2026-07-10 10:34:17",0.747,5,samirhossain099
3316,16682023,orangepolar,"2026-09-04 04:29:11",0.747,4,orangepolar
3317,16458911,"tarun kumar","2026-07-10 18:53:12",0.746,8,tarunnn123
3318,16461352,"NAOUM ","2026-09-29 00:00:21",0.746,4,naoumben832
3319,16491720,"Danielle Cui","2026-07-05 23:11:03",0.746,1,daniellecui
3320,16471507,Floukie,"2026-07-06 20:06:52",0.745,3,vantavek
3321,16460255,Nightpool.33,"2026-09-20 11:43:18",0.745,1,nightpool33
3322,16749443,"Fatih Tepe","2026-08-25 10:09:35",0.745,27,fatihtepe1903
3323,16802206,"Mani Kanta Kalluru","2026-09-08 14:57:05",0.744,5,manikantakalluru
3324,16651472,"Zoltan Ersek","2026-08-03 15:09:37",0.743,4,zoltanersek
3325,16594597,bigsuperplum,"2026-07-25 10:20:23",0.741,1,bigsuperplum
3326,16459554,"Byron Odhiambo","2026-07-06 05:45:37",0.740,12,byronodhiambo
3327,16458528,Threadclaim,"2026-07-01 05:09:52",0.740,5,threadclaim
3328,16764128,"Manyu Li","2026-08-26 09:58:45",0.740,1,manyuli
3329,16513384,Brian74804,"2026-07-17 13:35:03",0.738,3,tsengchienchih
3330,16485910,"Yasin Yılmaz","2026-08-05 00:24:23",0.737,4,yasinylmaaz
3331,16724575,Ansh_Gupta2702,"2026-09-06 05:46:32",0.736,9,"anshgupta2702,manyab311"
3332,16469999,Md-Ali-Azad,"2026-08-12 19:08:10",0.736,8,mdaliazad
3333,16927096,"Parth Gupta","2026-09-20 07:34:16",0.733,2,parth259iitd
3334,16470954,"Victoria Tauanny","2026-09-16 00:25:55",0.733,10,victoriatauanny
3335,16563092,"Arum Puri ","2026-09-29 16:32:26",0.733,41,arumpuri
3336,16764574,"Lisa Shevchenko","2026-08-27 12:05:39",0.732,1,lisashevchenko
3337,16487694,"Matt Davis","2026-07-13 09:23:47",0.732,4,matteius
3338,16482444,Moggle,"2026-07-11 17:10:17",0.732,3,motokisatokaggle
3339,16582125,Yoganjaneyulu,"2026-08-26 11:13:59",0.731,12,yoganjaneyulu
3340,16661394,"Andrey Aristov","2026-08-05 17:25:56",0.730,1,andreyaristov
3341,16459233,hattyoriiiiiii,"2026-07-01 17:03:35",0.729,2,hattyoriiiiiii
3342,16456643,Jirka,"2026-07-04 11:39:11",0.728,9,jirkaborovec
3343,16467086,"Uthman Kareem Tunde ","2026-07-10 21:43:57",0.728,7,uthmankareemtunde
3344,16531330,"Arin Tripathi","2026-07-11 15:20:00",0.728,1,arintripathi
3345,16468837,Kaushik1216,"2026-07-11 16:17:42",0.728,11,kaushi1216
3346,16579630,"Muzaffar Mahamood","2026-09-29 08:19:51",0.728,13,muzaffarmahamood
3347,16459285,Atabey,"2026-09-28 06:27:39",0.728,9,drakus74
3348,16456158,"MUHAMMAD SAAD","2026-08-11 17:49:32",0.727,5,muhammadsaad12345
3349,16692052,Hassan1417,"2026-08-09 19:24:35",0.727,1,hassan1417
3350,16791823,"Samir Patel","2026-09-03 10:20:05",0.726,9,mesamirpatel
3351,16453865,"Panagiotis Niarchos","2026-07-25 16:48:35",0.726,8,panagiotisniarchos
3352,16533821,"Minghao Pang","2026-07-19 01:41:44",0.725,1,minghaopang
3353,16541628,TRalee-ui,"2026-09-05 04:49:05",0.724,14,traleeui
3354,16811104,Arash,"2026-09-06 16:16:26",0.724,6,querexstudio
3355,16716401,"Belousov Artem","2026-09-05 07:58:17",0.723,3,belousovarts
3356,16618044,uzair,"2026-07-30 17:02:18",0.722,3,uzairlol
3357,16458073,Nkwabyte,"2026-07-12 18:45:08",0.720,2,nkwabyte
3358,16461928,AnHelleon,"2026-07-09 20:06:32",0.720,7,anhelleon
3359,16464270,Zen_0910,"2026-07-17 15:02:50",0.720,8,zendeptrai
3360,16457987,RameshG888,"2026-06-30 08:24:18",0.720,1,ramesh888
3361,16458098,YangAoTian,"2026-06-30 09:26:57",0.720,1,yangaotian
3362,16470064,"Marius Heuser","2026-09-26 08:42:29",0.719,2,mariusheuser
3363,16459619,"Yihan Guo","2026-06-30 13:09:52",0.716,1,yihanguo
3364,16851673,"Richard Pagan","2026-09-08 07:22:15",0.716,1,richardpagan
3365,16590872,"Anuj Saha","2026-08-03 20:35:43",0.715,17,anujsaha0123456789
3366,16497187,"Christopher Jones","2026-07-20 12:38:21",0.715,10,cjonesmo
3367,16896459,"Denis Foripost","2026-09-19 04:15:24",0.714,1,denisforipost
3368,16506670,"Joost Hazelzet","2026-09-22 06:43:31",0.714,13,joosthazelzet
3369,16481882,"LUH-TNT Allstars","2026-08-07 10:38:23",0.713,2,timokaiser
3370,16480957,"Eman Yasser","2026-08-30 07:00:53",0.713,22,"alaaelgendy22,emankhattap,ibthalahmed,maibeltagy"
3371,16692951,"Antonello Cito","2026-08-13 10:36:40",0.712,2,antonellocito
3372,16453965,"Andrea Floria","2026-09-04 02:13:09",0.711,63,andreafloria
3373,16464123,"Clawdy Huang (Andy's AI)","2026-07-03 11:19:04",0.709,1,clawdyhuang
3374,16598828,Hajar_ib,"2026-09-28 23:14:47",0.708,1,ibhajar
3375,16714677,Meghana284,"2026-08-20 00:48:44",0.707,2,"anikanagavara,meghana284,tanvimehta27"
3376,16621588,"Le Ai Nhu ","2026-09-25 03:51:51",0.707,2,leainhu
3377,16548074,"Adrian Morales Pastor","2026-07-28 09:21:48",0.704,2,adrianmoralespastor
3378,16453966,Hellboy,"2026-08-24 14:19:57",0.703,14,helmirinaldi
3379,16485768,"Vivek Joshy","2026-07-04 19:37:49",0.701,2,daegontaven
3380,16458503,"Alabi Ruth","2026-09-28 12:14:03",0.701,11,alabiruth
3381,16826522,"Kaichi Morimoto","2026-09-04 13:47:10",0.699,2,kaichimorimoto
3382,16533248,"Alberto Luengo","2026-08-23 22:45:31",0.698,16,albertorkive
3383,16475943,"Leandro Ishi Lima","2026-07-04 21:19:51",0.698,4,leandroishilima
3384,16509946,"Vishram Urs","2026-07-24 15:36:42",0.696,4,"virajurs91,vishramurs"
3385,16490266,"Alan Thanickal","2026-07-31 09:13:03",0.696,20,alanthanickal
3386,16531607,"Anurag Mishra108","2026-07-14 11:12:44",0.696,6,anuragmishra108
3387,16490513,"claudia cerasale","2026-08-09 14:29:42",0.695,4,crscld
3388,16640775,"John Artzi","2026-08-05 22:07:47",0.690,1,johnartzi
3389,16719014,tracking_chaos,"2026-08-25 01:59:40",0.688,8,shivay101
3390,16455349,"Amit Verma","2026-06-30 10:16:14",0.688,5,amitverma24
3391,16458579,"Sudhanshu Thakur","2026-07-18 18:42:01",0.688,3,sudhanshuuthakur
3392,16455051,"Philip John Basile","2026-07-01 01:52:30",0.687,8,philipjohnbasile
3393,16454735,"Leah Gantalao","2026-06-30 02:18:45",0.687,1,leahgantalao
3394,16454104,"Christopher B. Dowden","2026-06-30 05:33:12",0.687,1,christopherdowdenplb
3395,16454195,"Grzegorz Sionkowski","2026-06-30 06:20:28",0.687,3,sionek
3396,16456986,AdvancedUnO,"2026-06-30 06:21:34",0.687,1,advanceduno
3397,16456939,Manu,"2026-07-07 14:45:51",0.687,4,manu531
3398,16454396,vbookshelf,"2026-07-01 04:06:33",0.687,7,vbookshelf
3399,16460131,"Sabreen Elkamash","2026-09-20 19:57:00",0.687,101,sabreenelkamash
3400,16463253,THONE,"2026-07-27 09:01:53",0.687,21,someone1331
3401,16458678,"Devendra Tripathi","2026-07-01 10:07:28",0.685,3,devendratripathi
3402,16474500,"AleX Fesenko","2026-09-23 13:56:35",0.684,1,alexfesenko
3403,16564059,pphelpts,"2026-08-24 02:39:48",0.683,16,pphelpts
3404,16643778,Jacobstraub223456u7,"2026-09-19 09:18:29",0.683,57,jacobstraub223456u7
3405,16483686,jmatsukuma,"2026-07-04 08:21:13",0.682,3,jmatsukuma
3406,16453806,"Naman Solanki","2026-07-08 07:42:10",0.682,8,namansolanki
3407,16462803,"Varon Victor Miranda","2026-08-05 03:01:51",0.681,20,varonvictormiranda
3408,16454815,"Artem Boichenko","2026-07-21 23:07:29",0.680,12,artemboy
3409,16668510,"Trần Ngọc Các Uyên","2026-09-23 17:30:57",0.680,2,trnngcccuyn
3410,16613355,herosws,"2026-08-09 23:10:48",0.680,10,herosws
3411,16722612,"jose manuel Tinajero","2026-08-25 15:17:26",0.678,13,josemanueltinajero
3412,16565005,Yuki.O,"2026-08-02 20:38:12",0.678,8,yukiohkawa
3413,16556063,Mello,"2026-09-29 01:25:48",0.678,32,jdmello
3414,16465404,Vinit,"2026-08-22 13:18:02",0.677,21,ryotsuu
3415,16499756,"Jai Raj","2026-09-29 17:08:51",0.676,11,jairaj6911
3416,16853585,"Naoya Mieno","2026-09-09 03:23:27",0.676,3,naoyamieno
3417,16483382,trojans,"2026-09-15 17:11:03",0.676,12,"ra1yan404,sharafat2208002"
3418,16854282,Haoyi-Zhang04,"2026-09-19 23:56:31",0.676,1,haoyizhang04
3419,16550342,"Jonathan Kierce","2026-07-19 12:27:10",0.676,2,jonokierce
3420,16497328,"Derrick Kwan","2026-07-10 17:12:05",0.675,7,derrickkwan
3421,16746589,"Berkant Savas","2026-08-24 18:39:34",0.674,8,berkantsavas
3422,16461738,"Md. Faisal Sheikh","2026-07-01 21:44:04",0.674,1,mdfaisalsheikh
3423,16654180,"TEJAS THATE","2026-09-05 18:32:32",0.674,9,tejasthate
3424,16780224,YanngYT,"2026-09-28 14:53:12",0.673,7,yanngyt
3425,16454427,Ghrieb,"2026-07-19 12:14:29",0.671,20,ghriebabdelkarimhani
3426,16472262,"Zhixun Li","2026-07-15 09:03:53",0.671,3,superzhixunli
3427,16458005,"N'nouka Stephen","2026-07-03 10:08:28",0.670,5,nnoukastephen
3428,16457560,asimtanveer,"2026-07-22 06:36:24",0.669,36,asimtanveer
3429,16639404,"Matheus Bonjour Laviola da Silva","2026-08-03 21:52:54",0.668,2,matheusbonjour
3430,16760375,Tanzania,"2026-08-26 06:25:17",0.667,2,saidmohamedomary
3431,16474563,"Yunosuke Kataoka","2026-07-16 16:32:19",0.667,1,nosuke4423
3432,16454737,"Donald Drummond","2026-07-04 22:12:02",0.666,11,dondrummond
3433,16454152,"Jorge Luiz Susin Rodrigues","2026-09-24 19:35:44",0.665,1,jorgelsrodrigues
3434,16462189,erdem,"2026-08-19 01:03:49",0.665,28,esanal
3435,16615693,"Nikita Lugovoy","2026-07-29 21:13:40",0.665,1,nikital7
3436,16883519,"syouhei yamaguchi","2026-09-21 23:47:12",0.664,1,syouheiyamaguchi
3437,16458315,"Resham Raj Shivwanshi","2026-07-07 10:08:35",0.663,6,reshamrajshivwanshi
3438,16459333,blackseashark5,"2026-08-05 18:00:56",0.662,3,blackseasharkgcvt
3439,16694877,"Yong Ming-Jia","2026-08-10 01:44:35",0.660,5,ymingj
3440,16515536,"Subha Geethika_@123","2026-07-14 06:29:38",0.659,12,subhageethika123
3441,16456555,"tobi joshua","2026-07-03 13:22:29",0.659,15,tobijoshua
3442,16460593,Carloscp,"2026-07-02 14:24:48",0.659,1,carloscalvinp
3443,16459853,Manaister,"2026-06-30 22:02:32",0.658,1,manaister
3444,16858825,"Deep Domain","2026-09-18 19:57:30",0.657,2,anthoneoj
3445,16457888,BloodCoder,"2026-09-19 09:40:57",0.657,27,"mahmud2050,mdhabibullamisba"
3446,16486733,"Károly Kertész","2026-09-27 21:35:34",0.655,72,krolykertsz
3447,16455147,"Sahaj Deep Singh","2026-07-01 02:59:49",0.655,5,sahajdeepsingh9877
3448,16470139,Zoroxai,"2026-07-16 23:21:08",0.654,8,zoroxai
3449,16456592,Mutte1904,"2026-06-30 07:59:21",0.654,2,mutte1904
3450,16454217,"Taylor S. Amarel","2026-07-11 12:36:27",0.653,11,taylorsamarel
3451,16546712,"Igor Vorotnikov","2026-07-20 21:59:15",0.653,6,igorvorotnikov
3452,16455758,"Steven Lam1","2026-07-04 10:26:13",0.651,12,stevenlam1
3453,16763132,sowhatwillwelearn,"2026-08-28 14:59:30",0.651,1,sowhatwillwelearn
3454,16455967,Zockly,"2026-06-30 07:36:31",0.649,1,zockly
3455,16505765,ianwulalala,"2026-07-17 00:14:54",0.648,1,ianwulalala
3456,16475171,"Preston Laney","2026-07-08 22:17:54",0.647,2,prestonlaney
3457,16459170,"Minh Phát Trần Viết","2026-07-02 13:20:11",0.646,2,minhphttrnvit
3458,16457130,nemuilemon,"2026-07-23 10:14:00",0.645,2,nemuilemon
3459,16481062,"Turgut Nasrullayev","2026-07-08 10:57:07",0.644,4,turgutnasrullayev
3460,16457486,AZacharegkas,"2026-07-08 18:18:49",0.642,9,azacharegkas
3461,16548390,KPTeam,"2026-07-16 06:20:38",0.642,9,kirtipurkayastha
3462,16598335,"Jayant Parashar","2026-07-31 22:18:09",0.642,5,jayantparashar
3463,16931146,"Microscopist, PhD","2026-09-29 18:03:26",0.641,2,rimode
3464,16455386,Navyasri1455,"2026-07-04 13:02:14",0.640,5,navyasri1455
3465,16484758,"Shoroogh Ahmadi","2026-07-05 15:55:36",0.638,4,shorooghahmadi
3466,16454817,SachinChand,"2026-07-01 05:52:49",0.637,7,spiderman
3467,16690509,elmafia,"2026-08-18 20:12:58",0.634,14,tumbarell
3468,16576967,"Bartolomeo Parra","2026-07-20 21:54:48",0.634,1,bartolomeoparra
3469,16453737,"Kingdom Coders","2026-09-29 07:31:08",0.632,5,oluwaseyibamigbade
3470,16504363,Grooties,"2026-08-20 06:40:30",0.632,18,"imamakainat,samanfatima7"
3471,16918252,"Mahdi Zafari","2026-09-28 15:14:43",0.631,4,mahdimzafari
3472,16488515,"AYEGBE JEAN-NOEL DJAHOUA","2026-07-05 07:37:26",0.631,1,ayegbejeannoel
3473,16461395,"Austin Carson","2026-07-10 14:45:46",0.628,7,austincarson
3474,16662122,"Jan Lozano","2026-08-22 17:39:59",0.628,1,joanlozano
3475,16485565,"Emir Ayvaz","2026-07-28 05:52:57",0.627,18,emirayvaz
3476,16458402,"Baseer Shah","2026-07-20 10:01:23",0.627,11,baseershah
3477,16634505,OceanMix,"2026-08-06 00:28:40",0.625,2,"cggonzalezsc,liesvyvalladares"
3478,16549628,"Yunyang Li","2026-07-17 12:07:59",0.624,1,lyycloud
3479,16549553,"Soumik Niloy","2026-07-17 14:36:22",0.624,12,soumikniloy
3480,16882551,"Nandita Mukherjee96","2026-09-29 12:23:49",0.623,6,nanditamukherjee96
3481,16474446,"Sai Spoorthy Eturu","2026-09-29 16:56:32",0.622,3,spoorthye
3482,16540308,Agastya_Valisetty,"2026-07-15 14:28:39",0.621,1,agastyavalisetty
3483,16866949,Mohdsuhail22,"2026-09-11 03:57:07",0.620,3,mohdsuhail22
3484,16462065,"Hussain Ather","2026-07-07 03:15:40",0.620,3,hussainather
3485,16774792,enaryu,"2026-09-20 15:26:02",0.619,18,enaryu
3486,16459142,"Henil Shah","2026-08-03 07:59:06",0.619,15,henilshah34
3487,16551120,"Mohammad shiblu","2026-08-05 02:54:34",0.618,1,mohammadshiblu
3488,16454040,"Jason Karpeles","2026-06-29 22:54:22",0.618,2,jasonkarpeles
3489,16454835,"Nhật Minh","2026-06-30 07:07:15",0.618,1,lnminh
3490,16484155,"Vo Nguyen Phat","2026-07-11 10:25:31",0.616,10,vonguyenphat
3491,16863003,"fabio ruscillo","2026-09-26 16:13:15",0.613,3,fabioruscillo
3492,16589470,borkun0429,"2026-07-23 18:02:10",0.613,2,borkun0429
3493,16455895,conquiMOMO,"2026-07-02 21:35:43",0.610,5,conquimomo
3494,16462561,MLVoyager,"2026-07-08 03:17:06",0.609,8,mramachandran
3495,16661315,"Vandana Pathania","2026-08-09 21:43:14",0.609,6,vandanapathania
3496,16550257,"Rocket Falcon","2026-08-06 06:36:47",0.605,9,rocketfalcon
3497,16931862,"Juliano Batistim","2026-09-24 15:02:22",0.604,11,julianobatistim
3498,16482777,"Radfan Farae","2026-07-04 14:45:23",0.601,1,radfanfarae
3499,16618446,"Yahya Chibani","2026-08-02 12:33:51",0.601,3,yahyachibani
3500,16725328,saifeddinelakhadar,"2026-09-28 22:42:51",0.601,5,lakhadarsaifeddine01
3501,16594245,Y1boChen,"2026-09-01 19:58:04",0.598,6,y1bochen
3502,16565491,"ADITYA _CHAUHAN3112","2026-07-25 19:40:06",0.597,3,adityachauhan3112
3503,16767222,NaO0425,"2026-08-26 03:27:50",0.597,1,nao0425
3504,16455964,"Derek Peng","2026-07-07 12:55:06",0.596,2,littlebull
3505,16495074,"SANRADHYA BHOWMIK","2026-09-14 14:47:43",0.594,38,sanradhyabhowmik
3506,16605422,"marina mohsen","2026-08-19 11:31:33",0.594,17,marinamohsen
3507,16453953,MMhanfy,"2026-08-18 00:36:24",0.593,5,mmhanfy
3508,16603172,"Shebagi Mitra","2026-09-29 16:37:56",0.592,6,kudos22
3509,16609459,"Boris Polishchuk","2026-09-29 15:52:00",0.592,48,polishch
3510,16454047,"Ilakk manoharan","2026-07-13 10:06:12",0.591,1,ilakkmanoharan
3511,16456273,"PRABHU PRASAD PENTHOI","2026-07-07 07:18:03",0.589,6,lee22003
3512,16454272,JC,"2026-07-13 02:13:22",0.588,14,jchowell
3513,16587454,vishnuvardhan33,"2026-09-13 18:15:58",0.587,6,vishnuvardhan33
3514,16739692,argon,"2026-08-19 18:22:37",0.585,1,argonlabs
3515,16677445,"Kirill Molostov","2026-08-11 15:35:34",0.585,2,kirillmolostov
3516,16454434,"Carlos Eduardo do Amaral","2026-07-07 19:43:43",0.584,12,harmonyclube
3517,16537632,CoMessi,"2026-07-17 11:42:51",0.584,7,comessi
3518,16634020,"Adrien Thomas","2026-09-21 19:06:45",0.582,1,adrienthomas
3519,16770194,Rellik,"2026-09-04 11:14:21",0.582,6,saiprasanthsnaidu
3520,16454071,"Emanuel kaggle","2026-06-29 23:46:02",0.581,1,emanuelkaggle2024
3521,16455015,"Le Van Thanh","2026-06-30 01:46:00",0.581,1,thanhle150607
3522,16454612,"alastair ross","2026-06-30 02:26:59",0.581,1,alastairross121377
3523,16454984,stunningvn,"2026-07-01 04:56:39",0.581,6,dedquoc
3524,16457221,"Rishabh Pathak","2026-06-30 10:33:44",0.581,1,rishabhpathak
3525,16459402,Plamen,"2026-06-30 12:40:25",0.581,1,plamen06
3526,16459381,belgasoft,"2026-06-30 13:38:00",0.581,2,belgasoft
3527,16458546,saurav_das_07,"2026-07-01 19:13:17",0.581,1,sauravdas07
3528,16586038,fujoos,"2026-07-26 21:19:53",0.580,1,frankossai
3529,16611492,"Cortex Evolved","2026-07-31 18:01:33",0.580,8,cortexevolved
3530,16517331,SLAVGO,"2026-09-21 09:13:42",0.579,25,"gopikapriyanka,lavanyabaids2024,sangeethasaids2024,vadhanaasaids2024"
3531,16459837,"Jackson Cheenath","2026-07-01 04:59:39",0.578,2,jacksoncheenath
3532,16472705,"Zane Cheung","2026-07-04 05:42:20",0.577,2,zhengyuanchuang
3533,16509648,"Cat Pereira","2026-07-15 16:07:50",0.577,1,catherinepereira
3534,16454530,Saurabingh,"2026-07-06 14:19:47",0.575,2,saurabingh
3535,16474731,"Ahmed Bootaan","2026-07-03 03:50:53",0.573,3,ahmedbootaan
3536,16620242,古德拜吃,"2026-09-04 09:15:28",0.571,2,nosaewang
3537,16738890,"Nan Leng","2026-08-27 22:15:54",0.570,5,nleng66ca
3538,16461378,Abhi0singh1,"2026-07-17 06:21:06",0.568,13,abhi0singh1
3539,16510347,CitizenKorea,"2026-07-22 07:21:29",0.568,18,citizenkorea
3540,16575495,Miscusi,"2026-07-23 02:30:22",0.566,3,usiadianimuwa
3541,16457069,"Suhail Ahmed Abbasi","2026-07-08 08:43:46",0.565,1,suhailab
3542,16455720,"Bening Ranum","2026-07-02 09:33:00",0.565,6,benranum
3543,16748472,"varun s","2026-09-01 03:49:18",0.562,4,mrigshira
3544,16658226,"Amit Kumar #2","2026-08-07 10:22:17",0.559,3,anmitkumar
3545,16474295,seoewoo,"2026-08-21 01:28:22",0.558,7,henrymessiiyt
3546,16674598,"Luka Duvanov","2026-08-07 17:56:12",0.557,3,nekkon
3547,16625024,Shabuuu,"2026-08-16 12:28:39",0.556,6,shabuuu
3548,16530551,"SUMERU ZOO","2026-07-25 02:57:46",0.556,28,jieziyuan
3549,16661280,Middle,"2026-08-12 03:44:38",0.554,7,aydagul
3550,16454233,"Antonio Tagliatti","2026-09-13 23:34:06",0.552,9,"antoniotagliatti,phantomrogue"
3551,16456268,rheasankar,"2026-07-04 04:48:19",0.551,4,rheasankar
3552,16468996,Ascalon,"2026-07-18 21:59:49",0.551,1,ascalon
3553,16483091,"binhc2qc Nguyen","2026-07-04 01:12:25",0.550,1,binhc2qcnguyen
3554,16485413,Sanjay6727,"2026-07-16 18:16:33",0.548,4,sanjay6727
3555,16465158,Rook,"2026-07-01 17:22:46",0.548,2,sinanulu
3556,16587313,"Fredrick Underwood","2026-07-23 09:33:40",0.544,1,fredrickunderwood
3557,16484638,kimlee,"2026-07-04 06:25:27",0.543,1,kimlee2
3558,16490295,"Sawera Zubair","2026-08-23 14:02:00",0.543,11,"makisa23,sawerazubair"
3559,16472266,hxastur,"2026-07-21 18:53:43",0.542,1,hxastur
3560,16465842,"Hasibul Islam Sifat","2026-07-02 21:59:37",0.540,2,aisipu
3561,16726534,"Hafsa Rouchdi","2026-09-26 11:34:16",0.539,3,hafsarouchdi
3562,16569008,minhcool,"2026-07-22 08:28:24",0.537,3,minhcool
3563,16893121,"Tony He","2026-09-19 18:36:36",0.537,5,tonyyang0504
3564,16455702,"Haradi Bots","2026-09-29 17:14:39",0.537,5,haradibots
3565,16531016,"Raja T","2026-09-29 11:45:54",0.536,22,rajathiagaraj
3566,16853332,"2-Dwipayana Putra-8B TO","2026-09-29 13:42:06",0.536,4,dwpcorps
3567,16455244,"Flaubert Filho","2026-06-30 21:35:28",0.534,3,flaubertfilho
3568,16602413,"Avanith Kanamarlapudi","2026-08-11 20:06:01",0.533,5,avanithkanamarlapudi
3569,16563880,"Chaitanya Jamble","2026-07-22 12:11:14",0.533,12,chaitanyajamble
3570,16634321,"SERU DEEVEN","2026-09-20 18:52:22",0.533,19,serudeeven
3571,16802490,Jojo,"2026-09-14 08:14:03",0.532,3,i1004j0214
3572,16513302,"Aleksei Solovev","2026-07-14 22:18:49",0.532,1,alsolex38
3573,16796009,"Mehmet Sait OĞUZ","2026-09-29 19:15:24",0.532,1,mehmetsaitouz
3574,16517891,"Rezanur Rahman Tomal","2026-07-20 18:41:10",0.530,6,rezanurrahmantomal
3575,16467678,Tsizzle4407,"2026-07-05 14:58:46",0.528,6,tsizzle4407
3576,16517102,dyuan311,"2026-07-16 02:59:54",0.528,9,dyuan311
3577,16484420,haha750,"2026-08-07 11:29:15",0.528,1,haha750
3578,16796101,"Even Patel","2026-09-18 17:39:59",0.527,8,evenn18
3579,16468761,"Bhargav Patel","2026-08-03 15:25:49",0.526,6,bhargavpatel4397
3580,16594013,"nshabiirwe kizzah","2026-07-30 11:02:10",0.525,1,nshabiirwekizzah2
3581,16654104,"Khổng Ngọc Anh","2026-08-06 15:22:09",0.523,1,kanaluvu
3582,16531390,"Pratyush Negi","2026-08-24 03:42:35",0.520,4,pratyushh
3583,16797110,"Rahul vats","2026-09-16 13:48:40",0.519,11,rahulvats20
3584,16458759,Mussab_20,"2026-06-30 11:57:32",0.519,2,mussab20
3585,16808872,"Ding Zhen","2026-09-03 03:38:58",0.518,3,yangyi2120
3586,16509769,PYOSSDev,"2026-07-10 14:57:44",0.514,3,pyossdev
3587,16501408,"Mohamad M. Awad","2026-08-05 18:17:22",0.512,59,mohamadmawad
3588,16461530,"benyakhlef Khedim","2026-08-11 05:08:54",0.508,20,benyakhlefkhedim
3589,16456836,"Aaryan Pawar","2026-07-17 04:55:35",0.508,12,aaryanpawar16
3590,16459420,"Killer Coder","2026-07-08 11:54:49",0.506,14,killercoder
3591,16501363,"Gabriel Ahlgren","2026-07-17 14:10:00",0.505,3,gabrielahlgren
3592,16456446,"Gashaw Goshu","2026-07-06 19:02:37",0.504,6,gashawmg
3593,16455045,DanielRodriguesdeLima,"2026-07-06 01:53:45",0.503,6,drodriguesdelima
3594,16715026,cleokpt,"2026-08-18 17:28:20",0.503,5,cleokpt
3595,16454449,"Crissy Moon","2026-09-27 00:20:04",0.502,8,crissymoon
3596,16489230,Vishys,"2026-07-06 03:55:19",0.500,1,vishys2487
3597,16549548,kdutrufen,"2026-07-19 01:01:53",0.498,3,kdutrufen
3598,16935313,"Abdelghani M'BAREK","2026-09-28 11:18:09",0.498,8,abdelghanimbarek
3599,16461914,snoopy.exe,"2026-07-27 05:56:36",0.497,1,benjaminparrish
3600,16498691,"Somdutt Acharya","2026-07-31 10:03:10",0.493,17,somduttacharya
3601,16459179,Noob786,"2026-06-30 14:58:42",0.492,5,noob786
3602,16843702,"RONARD MUIMI","2026-09-29 13:08:28",0.488,6,ronnieranks
3603,16507774,Rachana,"2026-08-22 07:07:54",0.485,14,rachanabisht
3604,16485568,"Saptarshi Dutta","2026-09-05 15:43:17",0.484,4,saptarshidutta5
3605,16454468,WangAuspicious,"2026-06-30 00:23:30",0.482,1,wangauspicious
3606,16722309,"Vilsee Kumar Shandilya","2026-09-16 09:37:26",0.482,1,vilseeshandilya2608
3607,16479520,zxie,"2026-07-19 05:02:15",0.482,1,zhihui
3608,16585621,ma2,"2026-08-13 06:51:14",0.480,3,ma3ma2
3609,16458068,"Sophie Nguyen Thu Thuy","2026-07-01 04:48:39",0.480,1,sophienguyenthuthuy
3610,16458965,"Andrin Rehmann","2026-07-01 08:46:44",0.475,2,andrinrehmann
3611,16460318,"Tony Jubran","2026-07-02 17:29:34",0.473,2,tonyjubran
3612,16460336,yoonick,"2026-07-04 15:33:04",0.472,3,yoonick
3613,16482506,Ben_Grigsby0207,"2026-07-31 09:45:09",0.472,5,bengrigsby0207
3614,16479750,BaAis,"2026-08-16 02:20:49",0.472,3,aeyeee
3615,16494454,"Muhammad Junaid","2026-07-11 17:01:33",0.471,8,junaid512
3616,16692211,"Shunjun Gu","2026-08-11 03:14:28",0.469,3,shunjungu
3617,16693564,Haitaks,"2026-08-11 01:11:46",0.467,1,haitaks
3618,16566981,"Kailee Hamre","2026-08-11 02:24:29",0.465,6,lee14k
3619,16454209,"Tanner Brown","2026-07-01 21:21:49",0.462,1,brown2bt
3620,16699281,SawadaTsurumai,"2026-08-18 11:06:54",0.462,9,sawadatsurumai
3621,16489038,vinit,"2026-08-31 13:02:58",0.461,6,vinitkp
3622,16461025,"Addison Howard (ineligible)","2026-07-01 15:27:45",0.460,6,addisonhoward
3623,16456229,Spatiocyte,"2026-07-01 00:15:38",0.459,1,"nitinvijayapandi,safm1rza"
3624,16479763,Deepika,"2026-07-07 15:28:16",0.457,9,deepsethi
3625,16459222,arai9953,"2026-08-20 13:58:48",0.455,3,arai9953
3626,16604770,"A HARSHITHA AIDS-2024","2026-09-28 09:33:23",0.454,10,"aharshithaaids2024,gowrimaids2024,kayalvilirkaids2024,santhiyagaids2024"
3627,16538551,Team-up,"2026-07-13 19:21:32",0.454,5,hashini210523t
3628,16644230,"zahraina zahraina","2026-08-04 07:16:47",0.454,2,zahrainazahraina
3629,16610871,"Ajat Rosadi","2026-07-28 20:16:54",0.451,4,ajatrosadi
3630,16811741,"Abilash Sundaresan","2026-09-16 14:37:36",0.451,1,abilashsundaresan
3631,16734761,JBMetrix,"2026-09-07 10:15:26",0.450,98,jasonbrewster
3632,16695888,"Lazy Propagator","2026-08-12 19:43:25",0.449,2,lazypropagator
3633,16464706,"Peter Tinashe Mundowa","2026-07-03 11:07:15",0.448,3,petermundowa
3634,16898134,emiguez,"2026-09-26 17:18:53",0.447,16,ernestomiguez
3635,16473994,"Austin Ogola","2026-07-22 16:45:24",0.446,6,austinogola
3636,16454022,"Avi Arora02","2026-07-02 11:25:54",0.441,12,aviarora02
3637,16633372,fatinirq,"2026-09-25 18:11:20",0.440,2,fatinirq
3638,16539634,"JISIK KIM","2026-07-17 10:39:47",0.439,4,a0921pig
3639,16769070,Nour102006,"2026-08-27 00:46:40",0.439,1,nour102006
3640,16459239,"arnab sahu","2026-06-30 15:32:30",0.439,1,makichutt
3641,16767641,"Sif eddine ilyes ","2026-08-25 20:33:33",0.438,3,sifeddineilyes
3642,16461816,KaranjeetSingh1110,"2026-09-15 16:59:59",0.436,57,karanjeetsingh1110
3643,16457457,KarineHei,"2026-07-05 17:48:30",0.436,7,karinehei
3644,16472803,Pratim,"2026-07-02 09:19:08",0.435,1,pratimukherjee
3645,16483461,Harshit,"2026-07-10 18:37:07",0.435,8,harshitj2785
3646,16460774,"Vivian Yeh","2026-07-07 20:24:54",0.434,2,vyeh531
3647,16465533,"Jacopo Sardella","2026-07-02 00:00:40",0.433,6,jacoposardella
3648,16471914,"Jaydip Chavan","2026-07-02 06:21:31",0.433,1,incognitotemporary
3649,16454148,Kiddo,"2026-07-02 19:00:12",0.433,5,betlmutlu
3650,16475611,"hager wasef","2026-07-02 20:30:36",0.433,1,hagerwasef
3651,16886586,"Sarvesh Chhetri","2026-09-26 12:40:40",0.432,9,sarveshchhetri
3652,16455996,"Rahul Singh","2026-06-30 11:20:20",0.431,1,rahul18211
3653,16602587,sshin14,"2026-07-26 17:11:55",0.429,1,shsaito
3654,16623591,wandering_z,"2026-08-02 09:16:30",0.428,1,wanderingz
3655,16633418,"Jakub Dębowski","2026-08-01 09:28:47",0.427,3,cipciacipcia
3656,16455618,"Anoop Singh","2026-07-02 08:05:33",0.421,2,anoopsinghslayer
3657,16458090,"Voxel Vision","2026-07-03 06:21:16",0.421,1,shristisinha16
3658,16514704,nenye,"2026-07-16 18:47:31",0.419,6,kidfnss
3659,16932525,"Ankur Agarwal","2026-09-21 02:35:18",0.418,1,ankur98
3660,16510191,"Tahsin Arafat","2026-07-10 08:58:48",0.417,2,tahsinarafat
3661,16456776,"Luca Lullo","2026-09-23 08:46:02",0.416,4,lucalullo
3662,16611587,Mohit,"2026-09-28 19:00:25",0.415,156,mohit98765
3663,16457821,kranko610,"2026-08-31 20:59:47",0.415,11,kranko610
3664,16682083,LUKORITO,"2026-09-29 20:51:17",0.414,3,lukorito
3665,16661644,"Sergey Shcherbakov","2026-08-12 12:15:02",0.414,3,sergey140146659
3666,16455133,"Mahesh Kolekar","2026-09-19 04:55:25",0.414,13,maheshkolekar9
3667,16690553,"Charlotte Deng","2026-09-28 17:40:28",0.414,2,crd928
3668,16455685,Track-Trace-Innovate,"2026-07-01 00:27:19",0.413,6,sshemanth07
3669,16937037,"hanlin zhu","2026-09-28 04:10:42",0.412,1,dhanlinzhud
3670,16547989,"Alessandro Chumpitaz","2026-07-15 00:27:48",0.412,1,alessandrochumpitaz
3671,16488776,"Pooshan Chatterjee","2026-08-09 19:28:37",0.411,3,pooshanchatterjee
3672,16487412,Arrtaa,"2026-07-22 14:06:56",0.410,2,arrtaa
3673,16513823,petr,"2026-07-24 19:25:03",0.410,15,petorcode
3674,16494963,"Shawn Z","2026-07-08 17:43:37",0.409,3,shownz
3675,16463282,K_morimori,"2026-07-17 14:11:38",0.408,2,kentamorimori
3676,16908978,"FengLei Dou","2026-09-16 23:45:12",0.404,1,dfenglei
3677,16500458,"sheng zhenyu","2026-07-09 01:47:49",0.404,6,shengzhenyu
3678,16601707,Teddy_55,"2026-07-27 06:13:20",0.404,4,teddyziyyyu
3679,16457228,"Binyameen Khan","2026-09-26 10:19:50",0.404,17,binyameenkhan05
3680,16463898,"Jip Wulffele","2026-07-26 07:33:34",0.403,2,jipwulffele
3681,16475851,"Luis Rosar","2026-07-06 05:20:31",0.403,1,luisrosar
3682,16590695,"anuveshika prasad","2026-09-29 12:18:32",0.402,21,anuveshikaprasad
3683,16511697,"DataPurifier Office","2026-09-29 18:33:41",0.402,28,datapurifieroffice
3684,16926691,"G Deevesh Chowdary","2026-09-20 22:45:13",0.402,5,gdeeveshchowdary
3685,16460550,"Promise Ukuere","2026-08-27 18:48:18",0.401,1,promiseukuere
3686,16560882,"Tatsuya Tanakaa","2026-08-01 00:16:08",0.400,2,tatsuyatanakaa
3687,16712546,"Runlai Li","2026-08-16 04:21:10",0.398,1,runlaili
3688,16786070,"Evan Z","2026-09-09 21:47:15",0.397,3,evan514
3689,16497842,BarbateP,"2026-09-29 13:07:29",0.395,7,barbatep
3690,16456860,Rajilesh,"2026-07-10 13:44:16",0.394,6,rajilesh
3691,16455440,AKILSURYA,"2026-07-11 21:11:21",0.394,7,akilsurya
3692,16829668,"Sujal Suyash","2026-09-20 10:04:02",0.394,7,sujalsuyash
3693,16753870,"Artas Zuic","2026-09-10 17:24:37",0.391,6,artaszuic
3694,16631365,"Anu Sir","2026-08-02 08:36:40",0.391,2,anusir
3695,16458588,Amaxalon,"2026-07-04 06:33:24",0.390,3,amaxalon
3696,16793641,Auditor,"2026-09-03 17:18:22",0.388,6,closedloop
3697,16679901,"Joe Young","2026-08-07 14:59:43",0.388,1,jsphyg
3698,16643121,Utchash007,"2026-09-14 09:20:18",0.387,8,utchash007
3699,16459886,"Ali Mehdizade","2026-06-30 17:35:24",0.387,3,alimehdizad3
3700,16455488,"Sami Almuaigl","2026-07-05 07:56:40",0.387,4,samialmuaigl
3701,16490727,MorDavide,"2026-07-12 23:45:07",0.387,3,mordavide
3702,16863553,"flaysefeco /صلاح محمود","2026-09-20 12:05:37",0.387,9,flaysefeco
3703,16667187,andres555,"2026-08-06 09:36:02",0.382,1,andres555
3704,16458627,tuongmeo,"2026-07-04 15:17:10",0.382,3,tuongmeo
3705,16483982,Itz_Tejas,"2026-07-04 04:42:08",0.380,2,itztejas
3706,16908452,"Swathi Dhanasekaran","2026-09-25 20:25:21",0.377,4,swathidhanasekaran26
3707,16461081,"Josh Berry","2026-07-08 15:08:21",0.377,5,joshby
3708,16573270,"Brian Hu Boyuan","2026-07-26 14:08:08",0.376,4,brianhuboyuan
3709,16507650,MarinaKyriakou2002,"2026-09-29 10:12:47",0.373,3,marinakyriakou2002
3710,16462865,"Sintu Verma","2026-07-15 09:05:53",0.372,1,sintuverma
3711,16561250,"guilherme soares","2026-07-18 11:47:10",0.369,4,guilhermecsoares
3712,16483606,"Kai-yu ","2026-07-16 06:23:01",0.368,3,chvbs2000
3713,16702611,"Harry Morley","2026-08-14 23:31:08",0.367,1,harrymorley
3714,16721299,cute_little_bamboo,"2026-08-16 18:18:30",0.367,5,evelynzhu323
3715,16639312,LizaSheina,"2026-08-02 19:22:02",0.367,1,lizasheina
3716,16531055,tyryuy,"2026-07-22 15:21:21",0.365,1,yuyyuyyuy
3717,16663358,"Abdul Roheem Abdul Warith","2026-08-06 21:31:51",0.364,2,albasoliyy
3718,16488615,"pranav banoria","2026-08-26 06:31:26",0.362,8,pranavbanoria
3719,16761929,"Baver Kral","2026-08-23 18:31:59",0.360,3,baverkral
3720,16746591,"sina zaker","2026-08-26 00:07:13",0.358,7,sinazaker
3721,16461979,Bingos,"2026-08-06 08:48:54",0.357,6,bingos
3722,16627245,"Inkithai Meiyalagan","2026-08-08 11:13:35",0.354,10,inkithai
3723,16745464,"Nouha Mejaouel","2026-08-20 03:33:26",0.348,2,nouhamejaouel
3724,16473829,Lunar0007,"2026-07-06 10:09:22",0.346,1,lunar0007
3725,16464427,"John Osilama Thomas","2026-08-09 20:17:42",0.345,3,johnosilamathomas
3726,16481905,"Aadil Sayed","2026-07-03 19:14:06",0.339,3,aadilsayed
3727,16663010,wuwu,"2026-08-08 10:00:30",0.337,9,gszdbmnf
3728,16773287,"Thurshwin C","2026-08-28 02:18:43",0.332,14,thurshwinc
3729,16540254,Dimitris,"2026-07-13 19:38:35",0.332,1,dimitrisgourzoulidis
3730,16455633,Fran2026,"2026-06-30 08:29:58",0.331,5,fran2026
3731,16892578,vincentlu1998,"2026-09-28 09:00:14",0.330,3,vincentlu1998
3732,16457322,"Shashank dev","2026-06-30 08:10:14",0.329,1,mechmind09
3733,16574511,WDH107,"2026-08-10 12:58:02",0.329,41,dehaiwang
3734,16485601,"emanuele di lorenzo","2026-07-18 19:31:28",0.326,2,emanueledilorenzo
3735,16549181,Aswal_Innovations,"2026-07-28 03:52:13",0.325,12,aswalinnovations
3736,16475603,"bryte Sikazwe","2026-07-11 16:26:00",0.325,8,brytesikazwe
3737,16534810,nklskyoy,"2026-08-04 19:35:38",0.325,1,nklskyoy
3738,16540672,"Nguyễn Đăng Khoa","2026-09-24 04:04:54",0.323,44,nguynngkhoawedrt
3739,16463417,"kumar monu","2026-07-05 12:34:23",0.321,2,kumarmonu
3740,16866860,Hillclimber,"2026-09-11 05:51:13",0.321,1,driessmit1
3741,16627493,urashima,"2026-08-13 17:10:06",0.317,3,urashima112358
3742,16490376,"Abdishakur Mohamed Ali","2026-07-11 10:20:51",0.314,11,abdishakurm
3743,16458766,"Subhash Singh","2026-07-01 03:13:42",0.313,4,subhashsingh08
3744,16663580,"Mahdi Ghorbanpoor","2026-08-19 06:59:29",0.312,4,mahdighorbanpoor
3745,16727617,"Ace Rocks","2026-08-16 13:56:11",0.310,2,acerocks
3746,16464967,"Adrián Hontoria","2026-07-13 11:36:42",0.310,7,adrinhontoria
3747,16456623,"kurshid basheer","2026-08-06 09:47:05",0.310,1,kurshidbasheer
3748,16792454,fenmann,"2026-09-12 12:42:56",0.308,6,uladzislaumarshalkou
3749,16453551,"Maheroz Kazi","2026-07-03 07:25:42",0.306,2,maherozkazi
3750,16749353,"Abdelrahman Saleh","2026-08-25 17:55:12",0.305,14,abdelrahmansal
3751,16572464,"Arturo Balderas","2026-09-03 00:39:09",0.298,12,dcpracmatic
3752,16697535,pddered,"2026-08-12 05:46:10",0.297,4,pddered
3753,16515509,"Asogwa Samson","2026-09-02 22:44:05",0.296,13,asogwasamson
3754,16456134,Disha,"2026-07-18 21:00:53",0.296,3,dishamotiramani
3755,16550729,"Varun Vardhan","2026-07-21 08:09:54",0.295,2,varunvardhana
3756,16460814,"Chathuranga Sudusinghe","2026-07-02 10:52:49",0.291,1,indrajithsudusinghe
3757,16749913,"anshu saurabh","2026-08-21 08:49:10",0.289,5,anshusaurabh
3758,16454019,"Mukesh Patil","2026-08-13 11:23:19",0.286,12,speedforceyt
3759,16802724,"Suryansh Vashisth","2026-09-11 04:48:24",0.284,3,songoku2005
3760,16458091,"Pooja Yadav","2026-07-14 11:06:13",0.282,3,pooja13
3761,16750943,"Antonio Rotundo","2026-08-21 08:24:30",0.281,1,antoniorotundo2
3762,16620718,"Syed SHUJAT HUSSAIN","2026-09-29 17:54:12",0.281,28,syedshujathussain
3763,16456577,"Bùi Quang Trịnh","2026-07-06 05:42:39",0.271,6,biquangtrnh
3764,16860860,"Bina Salama","2026-09-15 13:06:11",0.270,13,binasalama
3765,16459409,"Jack Shaffer","2026-09-15 04:08:56",0.268,9,jackshaffer
3766,16460237,Evdilos_Ikaria,"2026-07-06 14:44:44",0.266,11,georgem
3767,16589551,"Mert Olgun899","2026-07-23 12:04:07",0.266,1,mertolgun899
3768,16567627,ChrisYU2021,"2026-07-22 00:00:11",0.265,11,chrisyu2021
3769,16455212,"Emily Mabrey","2026-07-07 15:10:01",0.264,6,emilymabrey
3770,16620757,"Deanos Crew","2026-08-06 13:07:16",0.253,5,"jamescole0101,junisverige"
3771,16552058,NENAPLNK,"2026-07-16 07:55:50",0.250,4,nenaplnk
3772,16476027,"Yuan Yu","2026-07-03 11:29:03",0.250,1,yuanyuanka
3773,16935760,"Apurva Pradip surve ","2026-09-29 19:26:39",0.249,1,apurvapradipsurve
3774,16486414,"Yield Smarter","2026-07-06 13:52:38",0.247,8,yieldsmarter
3775,16799249,"Cloud Catalyst","2026-09-29 17:43:29",0.245,4,"edmundjeghan,javabeastyy"
3776,16455874,"T Sobha","2026-07-03 20:34:54",0.238,3,tsobha
3777,16592153,ctancredi,"2026-07-24 11:44:55",0.235,2,ctancredi
3778,16553371,"Anand Deshmukh","2026-08-19 10:41:13",0.230,3,profanand0511
3779,16513704,"Rajmukund mehta","2026-08-16 08:34:52",0.229,10,rajmukundmehta
3780,16531467,Randolfo3211,"2026-07-13 02:26:32",0.229,9,randolfo3211
3781,16482617,Podds2022,"2026-08-10 19:56:12",0.229,2,podds2022
3782,16602810,YousefF1234,"2026-07-27 18:08:08",0.229,1,youseff1234
3783,16659198,"arshi khan","2026-09-26 16:17:48",0.229,13,arshikhan
3784,16686208,Aldy,"2026-08-09 06:18:48",0.226,3,chickenpop20
3785,16508311,"NAVALE MANASI","2026-09-20 06:37:51",0.219,7,navalemanasi
3786,16459382,"Jenniffer Roa Lozano","2026-07-15 15:52:19",0.218,7,jennifferroalozano
3787,16453461,"Finlay Anderson","2026-07-05 21:14:27",0.216,1,finlayanderson
3788,16485363,"Tamil Techno","2026-08-05 16:53:14",0.215,15,tamiltechno
3789,16636551,DebaKong,"2026-09-17 13:50:27",0.212,5,debakong
3790,16724851,webcainiao,"2026-09-29 13:59:26",0.212,10,web3cainiao
3791,16545656,"Isra Boucetta","2026-07-20 13:57:46",0.210,1,israb006
3792,16500963,"Hans Simmons","2026-09-09 02:58:48",0.208,14,hansleestahl
3793,16470832,"Jon Sudul","2026-08-28 07:35:33",0.208,7,jonsudul
3794,16863499,"Ziad Mohamed","2026-09-14 03:18:29",0.207,5,ziadmoelsayed
3795,16731564,"YOGESH M","2026-08-30 06:08:25",0.201,7,yogeshm4216
3796,16462343,"Avik Das","2026-09-18 04:01:27",0.197,7,avikdas567
3797,16554901,"nikolaou nikolaou","2026-08-08 10:44:11",0.191,11,nikolaounikolaou
3798,16500941,"Naqash Dogar","2026-07-12 16:45:03",0.190,3,naqashdogar
3799,16459946,"Eman Shahzad","2026-07-13 19:00:42",0.190,6,emanshahzadazam
3800,16607224,"Rory Daniel Rorison","2026-07-28 22:15:50",0.190,3,rorydanielrorison
3801,16456114,"Hitarth Pandey","2026-08-09 13:06:23",0.189,4,hitarthpandey
3802,16455453,"Tryna Code","2026-07-05 10:29:37",0.189,3,siddarthnayak50
3803,16545206,"Raghav Gaur","2026-08-06 23:43:15",0.187,1,rensur
3804,16463674,"Sayantan Chakraborty","2026-07-14 14:20:35",0.186,1,sayantan10102002
3805,16457899,"sofiane B","2026-07-07 07:52:18",0.184,1,sofianebeldjillali
3806,16456025,"VARADA N M","2026-08-27 05:42:59",0.183,40,varadanm
3807,16559070,JoshuaPGeorge,"2026-07-30 22:15:13",0.183,5,joshuapgeorge
3808,16466166,"Tong Li","2026-07-08 14:00:12",0.182,3,nemesise
3809,16741656,"LEGBA Adia Kpèchehoue Pierre Alex ","2026-09-27 09:35:04",0.181,1,alex609b
3810,16912032,"Luis Alonso Esteban","2026-09-20 07:50:48",0.181,6,luisalonsoesteban
3811,16623950,"Komal Jindal","2026-08-02 21:06:07",0.177,2,komaljindal49
3812,16793501,"Priyank Raval","2026-08-30 16:11:01",0.176,3,priyankraval
3813,16846887,NaokaK,"2026-09-11 14:25:42",0.174,2,naokak
3814,16517920,"Shubhan Kamat","2026-07-15 14:12:27",0.170,1,shubhankamat
3815,16460751,noril09,"2026-07-04 17:28:10",0.169,15,noril09
3816,16644443,Nio5FE,"2026-08-03 08:46:05",0.167,3,nio5fe
3817,16464202,Ocant,"2026-07-14 08:49:58",0.167,20,meee0305
3818,16484061,"Matt Hods","2026-07-06 15:11:15",0.161,4,matthods
3819,16516738,"Sanket Belekar","2026-07-11 03:21:19",0.158,3,sanketbelekar
3820,16484918,"Fokrul Bhuiyan","2026-07-04 09:07:11",0.157,3,fokrulbhuiyan
3821,16454540,"Richard G Atkinson","2026-06-30 08:27:39",0.157,4,richardgatkinson
3822,16457436,"Spoorthi lavu","2026-09-28 17:51:39",0.156,1,spoorthilavu
3823,16506965,Anteee231,"2026-07-09 07:38:54",0.155,3,anteee231
3824,16486553,"Matthew Emma","2026-07-17 16:40:22",0.154,27,"abdulhamidodejimi,matthewemma"
3825,16607573,wanwanuil,"2026-07-28 03:33:45",0.148,3,wanwanuil
3826,16602834,"Alejandro Andreu","2026-07-28 11:36:11",0.146,3,alejandroandreu
3827,16468106,"Kanishka Chauhan","2026-07-21 14:49:37",0.145,10,kanishkachauhan121
3828,16853173,"Quang-Vu Pham","2026-09-09 01:53:21",0.144,5,quangvupham
3829,16667461,"Priyansh Soni","2026-08-06 07:38:01",0.144,1,priyanshsoni18
0,16453127,"Nearest Neighbor Benchmark","2026-06-29 18:23:40",0.143,1,
3830,16452687,inversion,"2026-06-29 17:48:29",0.143,2,inversion
3831,16453579,"Emrullah Karacan","2026-06-29 20:50:59",0.143,1,emrullahkaracan
3832,16453709,"Yunus Emre Sarıduman","2026-06-29 21:14:55",0.143,3,emresariduman
3833,16455299,"POTHUMPONNU ","2026-06-30 07:15:21",0.143,3,pothumponnu
3834,16458959,isacinformagenie5,"2026-06-30 11:48:56",0.143,1,isacinformagenie5
3835,16458979,"Kota Bhargav .T","2026-06-30 13:51:13",0.143,1,kotabhargavt
3836,16460132,"Crispin Schomers","2026-06-30 15:37:36",0.143,2,crispinschomers
3837,16457171,"Eli Haciyev","2026-06-30 18:40:40",0.143,1,elihaciyev
3838,16461649,AMadTaco,"2026-06-30 20:10:24",0.143,3,amadtaco
3839,16456210,"Ra'uf Fauzan Rambe","2026-09-04 09:00:47",0.143,2,rauffauzanrambe
3840,16460577,"Abdramanova Gaukhar","2026-07-01 04:07:01",0.143,1,abdramanovagaukhar
3841,16465354,"Ramakrishnan Kunnath","2026-07-01 13:44:31",0.143,1,kunnathg
3842,16462187,Divya,"2026-07-01 16:05:43",0.143,1,divyab01
3843,16468278,"vishwottam kudekar","2026-07-01 17:18:55",0.143,2,vishwottamkudekar
3844,16468943,"Owen Karmel","2026-07-01 18:49:18",0.143,1,owenkarmel
3845,16468982,"Alexey Filimonov","2026-07-01 18:56:58",0.143,1,alexeyfil
3846,16470126,"Sriparna Chakraborty","2026-07-01 20:42:35",0.143,1,sripchak1111
3847,16457680,"Filip Chladek","2026-07-02 13:59:46",0.143,1,filipchladek
3848,16471351,"rajat daga","2026-07-15 03:16:56",0.143,2,rajatdaga
3849,16456853,rbkd_cr,"2026-07-03 02:16:39",0.143,1,rbkdcr
3850,16455483,"gautam patil","2026-07-04 13:20:28",0.143,2,gautampatil9898
3851,16465236,"Ali Alp Haraç","2026-07-04 15:58:51",0.143,1,alialphara
3852,16482614,"kubra terzioglu","2026-07-04 21:24:12",0.143,1,kubraterz
3853,16489862,NevilleAndrade,"2026-07-05 18:14:13",0.143,1,dradebyte
3854,16462829,"Nakul Arora","2026-07-05 22:54:17",0.143,1,nakularora78
3855,16454266,"mahmoud code","2026-07-07 08:07:08",0.143,1,"ahmedzaghl0ul,mahmoudcode"
3856,16455556,Shreyas_Shimpi_08,"2026-07-07 16:39:43",0.143,1,shreyasshimpi08
3857,16511936,ColdCloud,"2026-07-09 12:48:41",0.143,1,matthiaslang
3858,16501734,SonuYadav889,"2026-07-10 08:20:36",0.143,1,sonuyadav889
3859,16515863,荒川遼太,"2026-07-10 08:44:27",0.143,1,ryotaarakawa
3860,16487771,"sidhant chauhan","2026-07-11 19:52:29",0.143,1,sidhantchauhan
3861,16536364,"Ayush Tiwari","2026-07-12 19:30:41",0.143,1,ayushtiwariiitg
3862,16553373,"Anadi Gupta","2026-07-16 05:27:31",0.143,1,anadiskt
3863,16485146,"sugi 172","2026-07-25 07:10:50",0.143,6,sugi172
3864,16481504,"Chintu sharma","2026-07-22 02:42:32",0.143,2,chintusharma4
3865,16578790,"Maxwell Goisman","2026-07-23 06:06:14",0.143,1,maxwellgoisman
3866,16591336,Demirhan1,"2026-07-23 23:24:11",0.143,1,demirhan1
3867,16595387,NaomiFridman,"2026-07-24 22:31:12",0.143,1,ripcurl
3868,16482571,"Robin Atchaya","2026-07-25 18:18:56",0.143,2,robinatchaya
3869,16605292,"Bwowe Keith","2026-07-27 11:02:05",0.143,2,bwowekeith
3870,16603542,MZUI23,"2026-07-28 06:56:14",0.143,2,mzui23
3871,16508444,"Alex Webber","2026-07-28 20:05:25",0.143,1,arwebber
3872,16633998,"shun takinami","2026-08-01 02:07:35",0.143,1,shuntakinami
3873,16634151,aditrii__jain,"2026-08-01 04:58:26",0.143,2,aditriijain
3874,16637066,wangZhiHIT,"2026-08-01 13:51:14",0.143,1,wangzhihit
3875,16639740,kura19,"2026-08-02 03:25:36",0.143,1,kura19
3876,16516966,IvanKotlyarov,"2026-08-03 10:34:42",0.143,1,ivankotlyarov
3877,16500586,Leneen,"2026-08-05 03:39:09",0.143,3,leneen
3878,16603189,"bedirhan akıllı","2026-08-09 19:36:22",0.143,1,bedirhanakll
3879,16596917,"Taney Gaur","2026-08-10 13:10:20",0.143,2,taneygaur
3880,16714521,Hamza,"2026-08-12 22:08:56",0.143,1,hamzarabi
3881,16465037,NguyenVanThanh,"2026-08-13 07:32:00",0.143,1,nguyenvanthanh
3882,16719177,CHSTO,"2026-08-14 00:00:02",0.143,1,haotianqi
3883,16714273,sergiobuilds,"2026-08-15 20:17:45",0.143,2,sergiobuilds
3884,16734634,"Sega Mega","2026-08-18 01:54:22",0.143,3,segamega
3885,16609718,cheesy101,"2026-08-18 14:14:27",0.143,1,cheesy101
3886,16741803,wenbodai,"2026-08-19 08:31:50",0.143,1,wenbodai
3887,16702687,"TDP Team 2","2026-08-19 14:37:20",0.143,1,lukenellis
3888,16744148,"MUHAMMAD TALHA","2026-08-19 17:43:36",0.143,2,mtalha12ph
3889,16793739,"M Zb1368","2026-08-30 16:46:28",0.143,1,mzb1368
3890,16809217,ShinePryme,"2026-09-02 13:06:41",0.143,1,leefable
3891,16841736,gojibori,"2026-09-06 02:16:31",0.143,1,gojibori
3892,16462307,YFrite,"2026-09-07 02:36:34",0.143,2,yfrite
3893,16465097,mart3104,"2026-09-07 17:02:10",0.143,1,mart3104
3894,16862787,"Jaffar Ali","2026-09-09 20:37:53",0.143,1,buledi
3895,16882829,"Ryo Yamada","2026-09-12 22:14:15",0.143,1,ryoyamada0506
3896,16891456,"GuoYao Wang","2026-09-14 13:13:55",0.143,1,guoyaowang
3897,16907477,zaoshuang,"2026-09-16 16:14:31",0.143,1,zaoshuang
3898,16911609,"Md Riadul Islam","2026-09-17 16:57:35",0.143,3,mdriadulislam
3899,16913799,sshk,"2026-09-17 10:01:18",0.143,1,sashhhaka
3900,16679699,orangebear,"2026-09-26 23:57:50",0.143,9,zzjj121144
3901,16461283,motiur58,"2026-09-25 18:57:58",0.143,1,motiur58
3902,16792716,"Marlon Vasquez","2026-09-27 09:43:17",0.143,1,vexmeavf
3903,16453927,SysGenes,"2026-06-30 10:43:39",0.143,1,"kushalbhargav,vinodsampath"
3904,16468707,"RAVI TEJ JAISWAL","2026-07-03 17:33:32",0.143,7,tej8429
3905,16479821,"Shaheer Ahmed Siddiqui","2026-07-26 12:14:54",0.143,4,shaheerahmedsiddiqui
3906,16778970,FernandoRB,"2026-08-27 09:05:36",0.142,1,fernandorb
3907,16668183,Cooked,"2026-08-05 19:30:29",0.142,2,dyangeng
3908,16697231,"Giuseppe Castelluccio","2026-08-10 15:59:56",0.141,1,giuseppecastelluccio
3909,16905836,Juna1013,"2026-09-16 11:34:48",0.140,1,juna1013
3910,16727704,"Jaeyoon Yoo","2026-09-16 02:25:59",0.133,13,jaeyoonyoo
3911,16858032,YuwenWanggg,"2026-09-09 10:10:27",0.132,5,yuwenwanggg
3912,16798186,"Sachin Yadav","2026-09-26 14:22:31",0.132,3,scileash777
3913,16512973,"RAHUL CHAUHAN","2026-07-11 07:21:06",0.131,1,rahulchauhan016
3914,16453399,C-137,"2026-06-30 13:22:14",0.127,2,mehrzadkarami
3915,16557867,lee,"2026-08-05 05:11:15",0.121,7,kannanlee
3916,16501910,KSL,"2026-09-17 23:50:41",0.120,6,ariz32601ksl
3917,16494286,"Aakash Chilakamarri","2026-07-13 10:54:03",0.120,2,aakashchilakamarri
3918,16586153,"Yahia Eid","2026-08-10 10:49:05",0.114,13,yahia1e
3919,16468305,fx,"2026-07-09 12:17:12",0.103,2,"anmols17,mallikr,sunilnagpal"
3920,16457522,eppdata,"2026-07-02 15:02:02",0.102,8,eppdata
3921,16454205,"Handsonlabs Software Academy","2026-09-24 00:21:34",0.100,2,tobimichigan
3922,16535269,"Sandile Desmond Mfazi","2026-07-12 18:58:40",0.094,3,sandiledesmondmfazi
3923,16468975,Freak2209,"2026-07-25 20:10:34",0.092,8,freak2209
3924,16537254,patchmeifucan.ko,"2026-07-13 04:53:39",0.090,1,tiktoktrendz
3925,16652245,"Haris Ahmed","2026-08-12 10:23:50",0.089,2,harisahmedgenai
3926,16476050,LuanVieira,"2026-07-03 01:34:51",0.088,2,luancvds
3927,16462604,"Harsh Malhan","2026-07-22 02:45:05",0.087,13,harshmalhan
3928,16610959,"KARAN TANDEKAR","2026-08-12 19:09:21",0.085,4,karantandekar
3929,16466264,"Ivana Zaykova","2026-09-21 15:05:18",0.083,13,ivana02
3930,16518032,"Nicolae Pascal","2026-07-11 07:37:52",0.081,3,nicolaepascal78
3931,16824061,"James Mills","2026-09-29 20:16:02",0.077,2,jamesmills1975
3932,16461446,"Kemal Kılıçaslan","2026-06-30 21:40:03",0.070,1,kemalkilicaslan
3933,16465325,"Krishnan G M","2026-09-27 18:40:47",0.068,14,krishnangm
3934,16484814,eh329,"2026-08-27 18:25:40",0.066,5,erfanhr
3935,16486084,"Ahmed Mustafa Ahmed","2026-08-08 18:28:22",0.061,5,ahmmahahm
3936,16457619,AI-ZI-ME,"2026-07-15 14:00:58",0.055,8,nicolasguenin
3937,16484019," guuree@","2026-09-17 06:51:54",0.054,13,guuree
3938,16907376,hmatkar,"2026-09-22 17:34:23",0.049,1,hmatkar
3939,16454825,ponta,"2026-07-24 04:32:31",0.046,12,pomeponta
3940,16877549,"Savage Leo","2026-09-15 10:54:11",0.043,1,savageleo
3941,16503891,"Leonid Didukh","2026-08-27 09:23:39",0.042,3,tomorrow2ayebizche
3942,16849692,"Shohrux Turobov","2026-09-08 07:40:33",0.042,1,shohruxturobov
3943,16512581,"Vivek Gaur","2026-07-24 10:41:12",0.039,8,vivekgaur9972
3944,16557004,duresh08,"2026-08-03 17:36:45",0.034,1,duresh08
3945,16872179,"Rayanuddin Mohammed","2026-09-15 14:59:37",0.031,2,rayanuddinmohammed
3946,16574987,rishikumarsoni,"2026-07-26 07:15:17",0.028,1,rishikumarsoni
3947,16619382,"Ashaq Hussain Shah","2026-08-26 11:12:31",0.020,2,ashaqhussainshah
3948,16888044,Steve.Wong,"2026-09-14 00:26:49",0.017,2,stevewongbyju
3949,16592087,Tharunkumarmuthu,"2026-08-03 13:08:24",0.016,3,tharunkumarmuthu
3950,16584849,dongfangdaguo,"2026-08-07 01:03:58",0.015,3,dongfangdaguo
3951,16457235,"Talha Umar","2026-07-06 12:08:13",0.015,3,talhaumar
3952,16453640,bsenst,"2026-07-12 15:31:13",0.012,1,bnzn261029
3953,16601468,"Gaurav Chopra","2026-07-26 12:23:03",0.012,1,gauravchopracg
3954,16532470,UniverseAwaken,"2026-07-16 00:45:22",0.011,4,universeawaken
3955,16617597,阿磨駿介,"2026-07-31 08:25:31",0.010,1,"amashun,onigasira"
3956,16783495,"Aditya Paagare","2026-09-28 18:18:51",0.010,1,adityapaagare
3957,16838331,"Umar Tabbsum","2026-09-23 12:30:55",0.009,8,umartabbsum
3958,16893403,"Hashmat Zamaryali","2026-09-15 17:26:44",0.009,1,hashmatzamaryali
3959,16456285,"V C PREMCHAND YADAV","2026-06-30 06:45:32",0.008,1,vcpremchandyadav
3960,16494602,BioLogic,"2026-07-24 20:42:39",0.007,3,"clestinhans,dmitrypetukhov"
3961,16831295,"Hazel caviar","2026-09-06 02:06:40",0.005,6,hazelcaviar
3962,16549820,"Stas Chereshkevich","2026-07-21 09:46:24",0.004,2,staschereshkevich
3963,16614207,"SOUL SOCIETY","2026-08-29 07:29:54",0.003,3,"negi69,pratyushsingh761,rahulkrttty,vajra13"
3964,16809192,"Kenny K. Richards","2026-09-14 09:23:48",0.003,2,kenkrichards
3965,16491680,"Samir M.m.b","2026-07-28 22:05:21",0.003,16,samirmmb
3966,16608615,kreggscode,"2026-08-13 19:44:40",0.002,7,kreggscode
3967,16843766,"Abduraxmon Abduxalilov","2026-09-19 12:27:49",0.000,2,k8mp29vlxq4w
3968,16923110,KABILAN_27,"2026-09-19 14:14:19",0.000,5,kabilan27
3969,16597468,"Krish Rakholiya","2026-08-06 07:02:07",0.000,20,krishrakholiya32
3970,16453576,"Андрей  Гундырев","2026-09-25 17:44:09",0.000,5,mysicshowdreigun
3971,16492543,"Trịnh Quang Minh","2026-07-06 12:03:36",0.000,2,trnhquangminh140
3972,16729782,"Muhammad #2","2026-09-29 19:13:41",0.000,6,cemuzzamil
3973,16680090,"Peter Green","2026-09-28 04:34:27",0.000,22,pitakakariki
0,16453028,"Sample Submission","2026-06-29 18:24:02",0.000,1,
3974,16487648,"Vamshi Damidi","2026-07-05 17:16:24",0.000,4,vamshidamidi
3975,16491285,"Hasan Keskin wattermen","2026-07-21 10:35:30",0.000,9,hasankeskinwattermen
3976,16589835,"Arvind CR","2026-07-23 14:40:26",0.000,1,arvindcr
3977,16651047,raison_detre,"2026-08-06 07:15:49",0.000,1,alexeylenko
3978,16693929,evnchn,"2026-08-10 03:35:14",0.000,1,evnchn
3979,16702165,"Ragheb haddara","2026-08-10 17:47:00",0.000,1,l4r3nn
3980,16729301,"Pengyi Peng1","2026-08-17 00:48:45",0.000,5,pengyipeng1
3981,16544890,"H S Sushmitha","2026-08-23 00:42:13",0.000,1,sushmitha047
3982,16782546,"St Mugiwara","2026-08-28 18:22:38",0.000,2,stmugiwara
3983,16805401,"[Deleted] ff767341-2cbf-44ef-9a0c-3561e09d49e3","2026-09-01 21:05:29",0.000,1,del=2d679a21a2a2e9d1
3984,16610862,"DJ Sterling","2026-09-02 18:41:15",0.000,1,dster
3985,16487344,Bernardus,"2026-09-04 19:35:20",0.000,1,bernubritz
3986,16836508,Purusha9,"2026-09-05 06:56:55",0.000,2,purusha9
3987,16840963,Cyborg.137ms,"2026-09-05 18:56:50",0.000,3,cyborg137ms
3988,16799865,"Jithendra Maddala","2026-09-12 03:48:43",0.000,49,jithendramaddala
3989,16682897,Masiki,"2026-09-07 17:41:45",0.000,3,blackseed
3990,16799069,"ranya marwan","2026-09-12 01:03:36",0.000,10,ranymarwan286
3991,16814048,veron0611,"2026-09-14 04:01:57",0.000,9,veron0611
3992,16470754,"Christian Rubin","2026-07-04 00:36:18",0.000,1,christianrubin
3993,16545502,"Abdullah Qureshi","2026-07-19 13:50:07",0.000,4,abdullahqureshi120
3994,16778591,Deepa,"2026-09-01 08:47:30",0.000,1,deepa42639
3995,16912407,Ajayshah199,"2026-09-28 20:43:40",0.000,3,ajayshah199
3996,16453724,"Ishan Lenin","2026-07-04 13:12:33",0.000,11,ishanlenin
3997,16472822,TheWantedSHI,"2026-07-04 17:40:38",0.000,7,thewantedshi
3998,16457014,"Tomasz Walczuk","2026-07-04 06:26:42",0.000,1,tomaszwalczuk
3999,16480200,"payal karnavat","2026-07-09 08:28:51",0.000,12,payalkarnavat
4000,16509525,LegendaryWolfie,"2026-07-09 08:40:10",0.000,1,legendarywolf
4001,16494365,Leifson1337,"2026-07-12 18:48:03",0.000,3,leifson1337
4002,16479851,dipu,"2026-08-03 14:26:17",0.000,9,arafathowlader
4003,16467745,"Hongbin Guokaggle","2026-07-18 23:29:00",0.000,6,hongbinguokaggle
4004,16607650,"Qasim Hussain","2026-07-30 06:19:26",0.000,1,qasimhu
4005,16623102,"Achref Jarray97","2026-08-01 17:22:34",0.000,5,achrefjarray97
4006,16614264,vulizz,"2026-08-04 16:50:53",0.000,4,vulizz
4007,16605973,"Daniel Cunha Oliveira","2026-08-07 06:02:49",0.000,3,danielcunhaoliveira
4008,16542303,Goups,"2026-08-20 06:27:24",0.000,17,hervrenard
4009,16610481,cneald,"2026-08-10 23:19:39",0.000,1,cneald
4010,16467145,Caramel,"2026-08-11 10:41:50",0.000,8,caramelite
4011,16747650,bigeitaros,"2026-08-22 14:49:21",0.000,7,bigeitaros
4012,16694312,"Ali Abbas Baig","2026-08-30 18:14:49",0.000,4,aliabbasbaig
4013,16741016,"Atharva Rajesh Gosavi","2026-09-07 10:17:45",0.000,1,atharvagosavi2005
4014,16863241,Sudo,"2026-09-12 05:08:44",0.000,1,sudipde25
4015,16897112,"fahmid siddique","2026-09-15 14:04:37",0.000,1,fahmidsiddique
4016,16892775,DigDeep,"2026-09-19 08:37:48",0.000,2,"harshitanallana,sandeepguttavalli"
4017,16688161,P34P3P,"2026-09-19 07:23:08",0.000,2,p34p3p
