0.00s - Debugger warning: It seems that frozen modules are being used, which may
0.00s - make the debugger miss breakpoints. Please pass -Xfrozen_modules=off
0.00s - to python to disable frozen modules.
0.00s - Note: Debugging will proceed. Set PYDEVD_DISABLE_FILE_VALIDATION=1 to disable this validation.
0.00s - Debugger warning: It seems that frozen modules are being used, which may
0.00s - make the debugger miss breakpoints. Please pass -Xfrozen_modules=off
0.00s - to python to disable frozen modules.
0.00s - Note: Debugging will proceed. Set PYDEVD_DISABLE_FILE_VALIDATION=1 to disable this validation.
BIOHUB_PRESET: harmonic_v3_division_wide
BIOHUB_SCORE_AXIS: v4: 0.939 base + extended validator-gated sweep (div-recall + leaf-prune)
Configuration guard: PASS
Baseline: fixed-90 dual-seed clean pipeline (public LB 0.913)
Single model-level change: harmonic mutual-support association fusion
Reverse-time association weight: 0.200
Biohub learned UNet + node-transformer + ILP submission
COMP_DIR: /kaggle/input/biohub-cell-tracking-during-development exists: True
TEST_DIR: /kaggle/input/biohub-cell-tracking-during-development/test exists: True
{
  "adaptive_short_track_rescue": true,
  "allow_artifact_fallback": false,
  "allow_pip_install": false,
  "deepcenter_checkpoint_default": "/kaggle/input/biohub-deepcenter-unet3d-center-prior-v1/weights/full_frame_center/best.pt",
  "deepcenter_expected_epoch": 2,
  "deepcenter_gap_add_gate": true,
  "deepcenter_gap_confirm_min_span_um": 8.5,
  "deepcenter_gap_threshold": 0.25,
  "deepcenter_safe_div_add_gate": true,
  "deepcenter_safe_div_threshold": 0.25,
  "det_threshold": 0.965,
  "div_drop_to_single_if_bad": true,
  "div_parent_max_um": 10.5,
  "div_sister_max_um": 8.0,
  "experiment_tag": "selected_101_dual_seed_near_balanced_center_confirmed_synthetic_gap",
  "gap2_frame_frac_cap": 0.006,
  "gap2_max_links_abs": 180,
  "gap2_max_links_frac": 0.0045,
  "gap2_max_step_um": 4.4,
  "gap2_max_total_um": 10.2,
  "gap2_require_context": true,
  "gap_close_effective_max_gap": 1,
  "gap_close_max_added_abs": 2000,
  "gap_close_max_added_frac": 0.05,
  "gap_close_max_gap": 2,
  "gap_close_reuse_existing": true,
  "gap_close_reuse_um": 3.2,
  "gap_close_um": 5.0,
  "gap_density_adaptive": true,
  "gap_density_gain": 0.04,
  "gap_density_max_step_delta_um": 0.125,
  "gap_density_neighbors": 3,
  "gap_density_reference_um": 6.5,
  "gap_refine_max_shift_um": 3.2,
  "gap_refine_synthetic": true,
  "gap_refine_win_yx": 3,
  "gap_refine_win_z": 1,
  "ilp_appearance_weight": 0.0,
  "ilp_disappearance_weight": 2.0,
  "ilp_division_weight": 1.2,
  "ilp_edge_weight": -1.0,
  "leaf_prune_min_edge_prob": 0.0,
  "method": "unet_transformer",
  "motion_relink_learned_bonus": 1.0,
  "motion_relink_max_frame_nodes": 2600,
  "motion_relink_relaxed_um": 10.0,
  "motion_relink_tight_um": 6.0,
  "motion_relink_velocity_weight": 0.5,
  "output_division_geometry_filter": false,
  "output_edge_max_um": 14.0,
  "output_enforce_next_frame": true,
  "output_filter_short_tracks": true,
  "output_gap2_recovery": true,
  "output_gap_close": true,
  "output_keep_division_components": true,
  "output_linefit_smooth": true,
  "output_linefit_weight": 0.8,
  "output_linefit_window": 2,
  "output_min_track_len": 6,
  "output_motion_relink": true,
  "output_prune_isolated": true,
  "output_safe_divisions": true,
  "output_single_child_repair": false,
  "output_single_parent_repair": true,
  "ppsweep_extended": true,
  "ppsweep_prefix_guard": true,
  "primary_artifact_manifest": "/kaggle/input/datasets/pilkwang/biohub-tracking-support-pack-50ep-v1/ARTIFACT_MANIFEST.json",
  "safe_div_existing_child_max_um": 10.0,
  "safe_div_frame_frac_cap": 0.0076,
  "safe_div_global_frac_cap": 0.00375,
  "safe_div_max_um": 9.0,
  "safe_div_sister_max_um": 14.0,
  "short_track_rescue_max_mean_edge_dist_um": 3.0,
  "short_track_rescue_max_nodes_abs": 120,
  "short_track_rescue_max_nodes_frac": 0.012,
  "short_track_rescue_min_len": 4,
  "short_track_rescue_min_mean_edge_prob": 0.88,
  "short_track_rescue_trigger_removed_frac": 0.1,
  "slice": "",
  "target_artifact_slug": "biohub-tracking-support-pack-50ep-v1",
  "unet_batch_size": 4,
  "use_deepcenter_add_only_gate": true,
  "use_ilp": true,
  "weights": "weights/unet_transformer/split_0/edge_predictor_best.pth"
}
ARTIFACTS: /kaggle/input/biohub-tracking-support-pack-50ep-v1
Has offline wheels: True
Artifact name: biohub-tracking-support-pack-400ep-snapshot-v1
Weight sha256: 12f6881ee3620a831697ca098ff8f48e687a24225f4e048b538deec3562fe771
Weight path: weights/unet_transformer/split_0/edge_predictor_best.pth
Installing missing packages from offline package dirs: ['polars']
Dependency resolver is disabled with --no-deps to avoid replacing Kaggle numpy/scipy in a live kernel.
Offline package dirs: ['/kaggle/input/biohub-tracking-support-pack-50ep-v1/wheels', '/kaggle/input/biohub-temporal-unet3d-seed314159-v1/wheels']
Offline dependency install succeeded.
Installing missing packages from offline package dirs: ['tracksdata', 'zarr', 'pyscipopt', 'geff', 'geff_spec', 'ilpy', 'imagecodecs', 'rustworkx', 'numcodecs', 'donfig', 'bidict']
Dependency resolver is disabled with --no-deps to avoid replacing Kaggle numpy/scipy in a live kernel.
Offline package dirs: ['/kaggle/input/biohub-tracking-support-pack-50ep-v1/wheels', '/kaggle/input/biohub-temporal-unet3d-seed314159-v1/wheels']
Offline dependency install succeeded.
/usr/local/lib/python3.12/dist-packages/dask/array/image.py:7: FutureWarning: `find_available_plugins` is deprecated since version 0.25 and will be removed in version 0.27. The plugin infrastructure of `skimage.io` is deprecated. Instead, use `imageio` or other I/O packages directly.
  from skimage.io import imread as sk_imread
/usr/lib/python3.12/importlib/__init__.py:90: FutureWarning: `reset_plugins` is deprecated since version 0.25 and will be removed in version 0.27. The plugin infrastructure of `skimage.io` is deprecated. Instead, use `imageio` or other I/O packages directly.
  return _bootstrap._gcd_import(name[level:], package, level)

/usr/local/lib/python3.12/dist-packages/dask/array/image.py:7: FutureWarning: `find_available_plugins` is deprecated since version 0.25 and will be removed in version 0.27. The plugin infrastructure of `skimage.io` is deprecated. Instead, use `imageio` or other I/O packages directly.
  from skimage.io import imread as sk_imread
/usr/lib/python3.12/importlib/__init__.py:90: FutureWarning: `reset_plugins` is deprecated since version 0.25 and will be removed in version 0.27. The plugin infrastructure of `skimage.io` is deprecated. Instead, use `imageio` or other I/O packages directly.
  return _bootstrap._gcd_import(name[level:], package, level)
Required graph/Zarr/ILP packages import successfully.
Inference repo: /kaggle/working/tracking_repo
Weights: /kaggle/working/tracking_repo/weights/unet_transformer/split_0/edge_predictor_best.pth
Support repo Python manifest SHA256: 978b626d1fd1e7397435a437dfe68691defe1572fc3c20e61012d7c9b52ed029
Primary materialized SHA256: 12f6881ee3620a831697ca098ff8f48e687a24225f4e048b538deec3562fe771
DeepCenter materialized SHA256: 8040999a92f6b7bbd98fa8cf458141e045c0f9ad7c936bdb3b18e1f7edafe2a0
Secondary artifact: /kaggle/input/biohub-temporal-unet3d-seed314159-v1
Secondary weight: /kaggle/working/secondary_seed_weights/unet_transformer/split_0/edge_predictor_best.pth
Secondary SHA256: 9bac2fa0dadc4a6fc1899e0caf187f4b553e0a7cd90ba1261a68b35ffe9e305f
Secondary edge-logit weight: 0.15
Runtime integrity receipt: /kaggle/working/bidirectional_production_runtime_integrity.json
CUDA device: Tesla T4
TTA patch applied (400ep spatial D4-style)
Calibrated dual-seed runtime patch applied
Frozen frame retention guard applied at 0.90
Bidirectional harmonic-probability association fusion applied | weight= 0.15
Pre-ILP detector-coordinate manifest hook applied
EDGE_TTA patch installed and enabled in /kaggle/working/tracking_repo/scripts/predict_unet_transformer.py
secondary edge-feature TTA patch installed and enabled
Found 4 test videos
['44b6_0113de3b', '44b6_0b24845f', '6bba_05b6850b', '6bba_05db0fb1']
Launching 2 independent video shards on CUDA devices ['0', '1']
GPU shard 0: CUDA_VISIBLE_DEVICES=0 | /usr/bin/python3 scripts/predict_unet_transformer.py --data-dir /kaggle/input/biohub-cell-tracking-during-development/test --splits kaggle_test_splits_50ep.json --split 0 --weights weights/unet_transformer/split_0/edge_predictor_best.pth --unet-batch-size 4 --det-threshold 0.965 --ilp-edge-weight -1.0 --ilp-appearance-weight 0.0 --ilp-disappearance-weight 2.0 --ilp-division-weight 1.2 --use-ilp --method unet_transformer_gpu0 --slice 0::2
GPU shard 1: CUDA_VISIBLE_DEVICES=1 | /usr/bin/python3 scripts/predict_unet_transformer.py --data-dir /kaggle/input/biohub-cell-tracking-during-development/test --splits kaggle_test_splits_50ep.json --split 0 --weights weights/unet_transformer/split_0/edge_predictor_best.pth --unet-batch-size 4 --det-threshold 0.965 --ilp-edge-weight -1.0 --ilp-appearance-weight 0.0 --ilp-disappearance-weight 2.0 --ilp-division-weight 1.2 --use-ilp --method unet_transformer_gpu1 --slice 1::2
/usr/local/lib/python3.12/dist-packages/dask/array/image.py:7: FutureWarning: `find_available_plugins` is deprecated since version 0.25 and will be removed in version 0.27. The plugin infrastructure of `skimage.io` is deprecated. Instead, use `imageio` or other I/O packages directly.
  from skimage.io import imread as sk_imread
/usr/lib/python3.12/importlib/__init__.py:90: FutureWarning: `reset_plugins` is deprecated since version 0.25 and will be removed in version 0.27. The plugin infrastructure of `skimage.io` is deprecated. Instead, use `imageio` or other I/O packages directly.
  return _bootstrap._gcd_import(name[level:], package, level)
/usr/local/lib/python3.12/dist-packages/dask/array/image.py:7: FutureWarning: `find_available_plugins` is deprecated since version 0.25 and will be removed in version 0.27. The plugin infrastructure of `skimage.io` is deprecated. Instead, use `imageio` or other I/O packages directly.
  from skimage.io import imread as sk_imread
/usr/lib/python3.12/importlib/__init__.py:90: FutureWarning: `reset_plugins` is deprecated since version 0.25 and will be removed in version 0.27. The plugin infrastructure of `skimage.io` is deprecated. Instead, use `imageio` or other I/O packages directly.
  return _bootstrap._gcd_import(name[level:], package, level)
/usr/local/lib/python3.12/dist-packages/dask/array/image.py:7: FutureWarning: `find_available_plugins` is deprecated since version 0.25 and will be removed in version 0.27. The plugin infrastructure of `skimage.io` is deprecated. Instead, use `imageio` or other I/O packages directly.
  from skimage.io import imread as sk_imread
/usr/lib/python3.12/importlib/__init__.py:90: FutureWarning: `reset_plugins` is deprecated since version 0.25 and will be removed in version 0.27. The plugin infrastructure of `skimage.io` is deprecated. Instead, use `imageio` or other I/O packages directly.
  return _bootstrap._gcd_import(name[level:], package, level)
/usr/local/lib/python3.12/dist-packages/dask/array/image.py:7: FutureWarning: `find_available_plugins` is deprecated since version 0.25 and will be removed in version 0.27. The plugin infrastructure of `skimage.io` is deprecated. Instead, use `imageio` or other I/O packages directly.
  from skimage.io import imread as sk_imread
/usr/lib/python3.12/importlib/__init__.py:90: FutureWarning: `reset_plugins` is deprecated since version 0.25 and will be removed in version 0.27. The plugin infrastructure of `skimage.io` is deprecated. Instead, use `imageio` or other I/O packages directly.
  return _bootstrap._gcd_import(name[level:], package, level)

/usr/local/lib/python3.12/dist-packages/dask/array/image.py:7: FutureWarning: `find_available_plugins` is deprecated since version 0.25 and will be removed in version 0.27. The plugin infrastructure of `skimage.io` is deprecated. Instead, use `imageio` or other I/O packages directly.
  from skimage.io import imread as sk_imread
/usr/lib/python3.12/importlib/__init__.py:90: FutureWarning: `reset_plugins` is deprecated since version 0.25 and will be removed in version 0.27. The plugin infrastructure of `skimage.io` is deprecated. Instead, use `imageio` or other I/O packages directly.
  return _bootstrap._gcd_import(name[level:], package, level)
/usr/local/lib/python3.12/dist-packages/dask/array/image.py:7: FutureWarning: `find_available_plugins` is deprecated since version 0.25 and will be removed in version 0.27. The plugin infrastructure of `skimage.io` is deprecated. Instead, use `imageio` or other I/O packages directly.
  from skimage.io import imread as sk_imread
/usr/lib/python3.12/importlib/__init__.py:90: FutureWarning: `reset_plugins` is deprecated since version 0.25 and will be removed in version 0.27. The plugin infrastructure of `skimage.io` is deprecated. Instead, use `imageio` or other I/O packages directly.
  return _bootstrap._gcd_import(name[level:], package, level)
Secondary model: /kaggle/working/secondary_seed_weights/unet_transformer/split_0/edge_predictor_best.pth | edge weight=0.150 | detection weight=0.800 | link mode=low_margin_consensus | temperature=1.000 | low-margin max=0.350 | edge threshold=0.480
Fold 0: 2 datasets | weights=weights/unet_transformer/split_0/edge_predictor_best.pth | device=cuda | window_size=2 | pool_kernel_um=3.0
Secondary model: /kaggle/working/secondary_seed_weights/unet_transformer/split_0/edge_predictor_best.pth | edge weight=0.150 | detection weight=0.800 | link mode=low_margin_consensus | temperature=1.000 | low-margin max=0.350 | edge threshold=0.480
Fold 0: 2 datasets | weights=weights/unet_transformer/split_0/edge_predictor_best.pth | device=cuda | window_size=2 | pool_kernel_um=3.0
Secondary model: /kaggle/working/secondary_seed_weights/unet_transformer/split_0/edge_predictor_best.pth | edge weight=0.150 | detection weight=0.800 | link mode=low_margin_consensus | temperature=1.000 | low-margin max=0.350 | edge threshold=0.480
Fold 0: 2 datasets | weights=weights/unet_transformer/split_0/edge_predictor_best.pth | device=cuda | window_size=2 | pool_kernel_um=3.0
Secondary model: /kaggle/working/secondary_seed_weights/unet_transformer/split_0/edge_predictor_best.pth | edge weight=0.150 | detection weight=0.800 | link mode=low_margin_consensus | temperature=1.000 | low-margin max=0.350 | edge threshold=0.480
Fold 0: 2 datasets | weights=weights/unet_transformer/split_0/edge_predictor_best.pth | device=cuda | window_size=2 | pool_kernel_um=3.0
EDGE_TTA_ACTIVE views= 8 mean_abs_feat_delta= 0.360585
EDGE_TTA_ACTIVE views= 8 mean_abs_feat_delta= 0.323238
EDGE_TTA_ACTIVE views= 8 mean_abs_feat_delta= 0.360585
EDGE_TTA_ACTIVE views= 8 mean_abs_feat_delta= 0.323238
SECONDARY_EDGE_TTA_ACTIVE views= 8 weight= 0.75 mean_abs_feat_delta= 0.28166
SECONDARY_EDGE_TTA_ACTIVE views= 8 weight= 0.75 mean_abs_feat_delta= 0.230737
BIOHUB_RETENTION_GUARD {"blended_candidates": 387, "dataset": "44b6_0b24845f", "frame": 0, "minimum_retention": 0.9, "primary_candidates": 465, "retention": 0.832258064516129, "use_primary": true}
BIOHUB_RETENTION_GUARD {"blended_candidates": 391, "dataset": "44b6_0b24845f", "frame": 1, "minimum_retention": 0.9, "primary_candidates": 444, "retention": 0.8806306306306306, "use_primary": true}
SECONDARY_EDGE_TTA_ACTIVE views= 8 weight= 0.75 mean_abs_feat_delta= 0.28166
SECONDARY_EDGE_TTA_ACTIVE views= 8 weight= 0.75 mean_abs_feat_delta= 0.230737
BIOHUB_RETENTION_GUARD {"blended_candidates": 387, "dataset": "44b6_0b24845f", "frame": 0, "minimum_retention": 0.9, "primary_candidates": 465, "retention": 0.832258064516129, "use_primary": true}
BIOHUB_RETENTION_GUARD {"blended_candidates": 391, "dataset": "44b6_0b24845f", "frame": 1, "minimum_retention": 0.9, "primary_candidates": 444, "retention": 0.8806306306306306, "use_primary": true}
EDGE_TTA_ACTIVE views= 8 mean_abs_feat_delta= 0.361891
EDGE_TTA_ACTIVE views= 8 mean_abs_feat_delta= 0.328294
EDGE_TTA_ACTIVE views= 8 mean_abs_feat_delta= 0.361891
EDGE_TTA_ACTIVE views= 8 mean_abs_feat_delta= 0.328294
SECONDARY_EDGE_TTA_ACTIVE views= 8 weight= 0.75 mean_abs_feat_delta= 0.288809
BIOHUB_RETENTION_GUARD {"blended_candidates": 333, "dataset": "44b6_0b24845f", "frame": 2, "minimum_retention": 0.9, "primary_candidates": 390, "retention": 0.8538461538461538, "use_primary": true}
SECONDARY_EDGE_TTA_ACTIVE views= 8 weight= 0.75 mean_abs_feat_delta= 0.23209
SECONDARY_EDGE_TTA_ACTIVE views= 8 weight= 0.75 mean_abs_feat_delta= 0.288809
BIOHUB_RETENTION_GUARD {"blended_candidates": 333, "dataset": "44b6_0b24845f", "frame": 2, "minimum_retention": 0.9, "primary_candidates": 390, "retention": 0.8538461538461538, "use_primary": true}
SECONDARY_EDGE_TTA_ACTIVE views= 8 weight= 0.75 mean_abs_feat_delta= 0.23209
EDGE_TTA_ACTIVE views= 8 mean_abs_feat_delta= 0.326314
EDGE_TTA_ACTIVE views= 8 mean_abs_feat_delta= 0.354206
EDGE_TTA_ACTIVE views= 8 mean_abs_feat_delta= 0.326314
EDGE_TTA_ACTIVE views= 8 mean_abs_feat_delta= 0.354206
SECONDARY_EDGE_TTA_ACTIVE views= 8 weight= 0.75 mean_abs_feat_delta= 0.287127
BIOHUB_RETENTION_GUARD {"blended_candidates": 362, "dataset": "44b6_0b24845f", "frame": 3, "minimum_retention": 0.9, "primary_candidates": 421, "retention": 0.8598574821852731, "use_primary": true}
SECONDARY_EDGE_TTA_ACTIVE views= 8 weight= 0.75 mean_abs_feat_delta= 0.232786
SECONDARY_EDGE_TTA_ACTIVE views= 8 weight= 0.75 mean_abs_feat_delta= 0.287127
BIOHUB_RETENTION_GUARD {"blended_candidates": 362, "dataset": "44b6_0b24845f", "frame": 3, "minimum_retention": 0.9, "primary_candidates": 421, "retention": 0.8598574821852731, "use_primary": true}
SECONDARY_EDGE_TTA_ACTIVE views= 8 weight= 0.75 mean_abs_feat_delta= 0.232786
EDGE_TTA_ACTIVE views= 8 mean_abs_feat_delta= 0.32686
EDGE_TTA_ACTIVE views= 8 mean_abs_feat_delta= 0.358867
EDGE_TTA_ACTIVE views= 8 mean_abs_feat_delta= 0.32686
EDGE_TTA_ACTIVE views= 8 mean_abs_feat_delta= 0.358867
SECONDARY_EDGE_TTA_ACTIVE views= 8 weight= 0.75 mean_abs_feat_delta= 0.232764
SECONDARY_EDGE_TTA_ACTIVE views= 8 weight= 0.75 mean_abs_feat_delta= 0.283303
BIOHUB_RETENTION_GUARD {"blended_candidates": 341, "dataset": "44b6_0b24845f", "frame": 4, "minimum_retention": 0.9, "primary_candidates": 404, "retention": 0.844059405940594, "use_primary": true}
SECONDARY_EDGE_TTA_ACTIVE views= 8 weight= 0.75 mean_abs_feat_delta= 0.232764
SECONDARY_EDGE_TTA_ACTIVE views= 8 weight= 0.75 mean_abs_feat_delta= 0.283303
BIOHUB_RETENTION_GUARD {"blended_candidates": 341, "dataset": "44b6_0b24845f", "frame": 4, "minimum_retention": 0.9, "primary_candidates": 404, "retention": 0.844059405940594, "use_primary": true}
EDGE_TTA_ACTIVE views= 8 mean_abs_feat_delta= 0.327781
EDGE_TTA_ACTIVE views= 8 mean_abs_feat_delta= 0.362463
EDGE_TTA_ACTIVE views= 8 mean_abs_feat_delta= 0.327781
EDGE_TTA_ACTIVE views= 8 mean_abs_feat_delta= 0.362463
SECONDARY_EDGE_TTA_ACTIVE views= 8 weight= 0.75 mean_abs_feat_delta= 0.236445
SECONDARY_EDGE_TTA_ACTIVE views= 8 weight= 0.75 mean_abs_feat_delta= 0.289665
BIOHUB_RETENTION_GUARD {"blended_candidates": 326, "dataset": "44b6_0b24845f", "frame": 5, "minimum_retention": 0.9, "primary_candidates": 383, "retention": 0.8511749347258486, "use_primary": true}
SECONDARY_EDGE_TTA_ACTIVE views= 8 weight= 0.75 mean_abs_feat_delta= 0.236445
SECONDARY_EDGE_TTA_ACTIVE views= 8 weight= 0.75 mean_abs_feat_delta= 0.289665
BIOHUB_RETENTION_GUARD {"blended_candidates": 326, "dataset": "44b6_0b24845f", "frame": 5, "minimum_retention": 0.9, "primary_candidates": 383, "retention": 0.8511749347258486, "use_primary": true}
EDGE_TTA_ACTIVE views= 8 mean_abs_feat_delta= 0.332086
EDGE_TTA_ACTIVE views= 8 mean_abs_feat_delta= 0.363112
EDGE_TTA_ACTIVE views= 8 mean_abs_feat_delta= 0.332086
EDGE_TTA_ACTIVE views= 8 mean_abs_feat_delta= 0.363112
SECONDARY_EDGE_TTA_ACTIVE views= 8 weight= 0.75 mean_abs_feat_delta= 0.236059
SECONDARY_EDGE_TTA_ACTIVE views= 8 weight= 0.75 mean_abs_feat_delta= 0.296162
BIOHUB_RETENTION_GUARD {"blended_candidates": 333, "dataset": "44b6_0b24845f", "frame": 6, "minimum_retention": 0.9, "primary_candidates": 403, "retention": 0.826302729528536, "use_primary": true}
SECONDARY_EDGE_TTA_ACTIVE views= 8 weight= 0.75 mean_abs_feat_delta= 0.236059
SECONDARY_EDGE_TTA_ACTIVE views= 8 weight= 0.75 mean_abs_feat_delta= 0.296162
BIOHUB_RETENTION_GUARD {"blended_candidates": 333, "dataset": "44b6_0b24845f", "frame": 6, "minimum_retention": 0.9, "primary_candidates": 403, "retention": 0.826302729528536, "use_primary": true}
EDGE_TTA_ACTIVE views= 8 mean_abs_feat_delta= 0.337311
EDGE_TTA_ACTIVE views= 8 mean_abs_feat_delta= 0.337311
EDGE_TTA_ACTIVE views= 8 mean_abs_feat_delta= 0.363947
EDGE_TTA_ACTIVE views= 8 mean_abs_feat_delta= 0.363947
SECONDARY_EDGE_TTA_ACTIVE views= 8 weight= 0.75 mean_abs_feat_delta= 0.242392
SECONDARY_EDGE_TTA_ACTIVE views= 8 weight= 0.75 mean_abs_feat_delta= 0.242392
SECONDARY_EDGE_TTA_ACTIVE views= 8 weight= 0.75 mean_abs_feat_delta= 0.297976
BIOHUB_RETENTION_GUARD {"blended_candidates": 309, "dataset": "44b6_0b24845f", "frame": 7, "minimum_retention": 0.9, "primary_candidates": 390, "retention": 0.7923076923076923, "use_primary": true}
SECONDARY_EDGE_TTA_ACTIVE views= 8 weight= 0.75 mean_abs_feat_delta= 0.297976
BIOHUB_RETENTION_GUARD {"blended_candidates": 309, "dataset": "44b6_0b24845f", "frame": 7, "minimum_retention": 0.9, "primary_candidates": 390, "retention": 0.7923076923076923, "use_primary": true}
EDGE_TTA_ACTIVE views= 8 mean_abs_feat_delta= 0.336476
EDGE_TTA_ACTIVE views= 8 mean_abs_feat_delta= 0.336476
EDGE_TTA_ACTIVE views= 8 mean_abs_feat_delta= 0.368841
EDGE_TTA_ACTIVE views= 8 mean_abs_feat_delta= 0.368841
SECONDARY_EDGE_TTA_ACTIVE views= 8 weight= 0.75 mean_abs_feat_delta= 0.241164
SECONDARY_EDGE_TTA_ACTIVE views= 8 weight= 0.75 mean_abs_feat_delta= 0.241164
SECONDARY_EDGE_TTA_ACTIVE views= 8 weight= 0.75 mean_abs_feat_delta= 0.292587
BIOHUB_RETENTION_GUARD {"blended_candidates": 378, "dataset": "44b6_0b24845f", "frame": 8, "minimum_retention": 0.9, "primary_candidates": 443, "retention": 0.8532731376975169, "use_primary": true}
SECONDARY_EDGE_TTA_ACTIVE views= 8 weight= 0.75 mean_abs_feat_delta= 0.292587
BIOHUB_RETENTION_GUARD {"blended_candidates": 378, "dataset": "44b6_0b24845f", "frame": 8, "minimum_retention": 0.9, "primary_candidates": 443, "retention": 0.8532731376975169, "use_primary": true}
EDGE_TTA_ACTIVE views= 8 mean_abs_feat_delta= 0.33307
EDGE_TTA_ACTIVE views= 8 mean_abs_feat_delta= 0.33307
EDGE_TTA_ACTIVE views= 8 mean_abs_feat_delta= 0.372442
EDGE_TTA_ACTIVE views= 8 mean_abs_feat_delta= 0.372442
SECONDARY_EDGE_TTA_ACTIVE views= 8 weight= 0.75 mean_abs_feat_delta= 0.240446
SECONDARY_EDGE_TTA_ACTIVE views= 8 weight= 0.75 mean_abs_feat_delta= 0.240446
SECONDARY_EDGE_TTA_ACTIVE views= 8 weight= 0.75 mean_abs_feat_delta= 0.291168
BIOHUB_RETENTION_GUARD {"blended_candidates": 362, "dataset": "44b6_0b24845f", "frame": 9, "minimum_retention": 0.9, "primary_candidates": 429, "retention": 0.8438228438228438, "use_primary": true}
SECONDARY_EDGE_TTA_ACTIVE views= 8 weight= 0.75 mean_abs_feat_delta= 0.291168
BIOHUB_RETENTION_GUARD {"blended_candidates": 362, "dataset": "44b6_0b24845f", "frame": 9, "minimum_retention": 0.9, "primary_candidates": 429, "retention": 0.8438228438228438, "use_primary": true}
EDGE_TTA_ACTIVE views= 8 mean_abs_feat_delta= 0.333216
EDGE_TTA_ACTIVE views= 8 mean_abs_feat_delta= 0.333216
EDGE_TTA_ACTIVE views= 8 mean_abs_feat_delta= 0.36599
EDGE_TTA_ACTIVE views= 8 mean_abs_feat_delta= 0.36599
SECONDARY_EDGE_TTA_ACTIVE views= 8 weight= 0.75 mean_abs_feat_delta= 0.24216
SECONDARY_EDGE_TTA_ACTIVE views= 8 weight= 0.75 mean_abs_feat_delta= 0.24216
SECONDARY_EDGE_TTA_ACTIVE views= 8 weight= 0.75 mean_abs_feat_delta= 0.301242
BIOHUB_RETENTION_GUARD {"blended_candidates": 331, "dataset": "44b6_0b24845f", "frame": 10, "minimum_retention": 0.9, "primary_candidates": 419, "retention": 0.7899761336515513, "use_primary": true}
SECONDARY_EDGE_TTA_ACTIVE views= 8 weight= 0.75 mean_abs_feat_delta= 0.301242
BIOHUB_RETENTION_GUARD {"blended_candidates": 331, "dataset": "44b6_0b24845f", "frame": 10, "minimum_retention": 0.9, "primary_candidates": 419, "retention": 0.7899761336515513, "use_primary": true}
EDGE_TTA_ACTIVE views= 8 mean_abs_feat_delta= 0.341654
EDGE_TTA_ACTIVE views= 8 mean_abs_feat_delta= 0.341654
EDGE_TTA_ACTIVE views= 8 mean_abs_feat_delta= 0.358411
EDGE_TTA_ACTIVE views= 8 mean_abs_feat_delta= 0.358411
SECONDARY_EDGE_TTA_ACTIVE views= 8 weight= 0.75 mean_abs_feat_delta= 0.243727
SECONDARY_EDGE_TTA_ACTIVE views= 8 weight= 0.75 mean_abs_feat_delta= 0.243727
SECONDARY_EDGE_TTA_ACTIVE views= 8 weight= 0.75 mean_abs_feat_delta= 0.289865
BIOHUB_RETENTION_GUARD {"blended_candidates": 376, "dataset": "44b6_0b24845f", "frame": 11, "minimum_retention": 0.9, "primary_candidates": 441, "retention": 0.8526077097505669, "use_primary": true}
SECONDARY_EDGE_TTA_ACTIVE views= 8 weight= 0.75 mean_abs_feat_delta= 0.289865
BIOHUB_RETENTION_GUARD {"blended_candidates": 376, "dataset": "44b6_0b24845f", "frame": 11, "minimum_retention": 0.9, "primary_candidates": 441, "retention": 0.8526077097505669, "use_primary": true}
EDGE_TTA_ACTIVE views= 8 mean_abs_feat_delta= 0.334228
EDGE_TTA_ACTIVE views= 8 mean_abs_feat_delta= 0.334228
EDGE_TTA_ACTIVE views= 8 mean_abs_feat_delta= 0.361758
EDGE_TTA_ACTIVE views= 8 mean_abs_feat_delta= 0.361758
SECONDARY_EDGE_TTA_ACTIVE views= 8 weight= 0.75 mean_abs_feat_delta= 0.241899
SECONDARY_EDGE_TTA_ACTIVE views= 8 weight= 0.75 mean_abs_feat_delta= 0.241899
SECONDARY_EDGE_TTA_ACTIVE views= 8 weight= 0.75 mean_abs_feat_delta= 0.298743
BIOHUB_RETENTION_GUARD {"blended_candidates": 304, "dataset": "44b6_0b24845f", "frame": 12, "minimum_retention": 0.9, "primary_candidates": 361, "retention": 0.8421052631578947, "use_primary": true}
SECONDARY_EDGE_TTA_ACTIVE views= 8 weight= 0.75 mean_abs_feat_delta= 0.298743
BIOHUB_RETENTION_GUARD {"blended_candidates": 304, "dataset": "44b6_0b24845f", "frame": 12, "minimum_retention": 0.9, "primary_candidates": 361, "retention": 0.8421052631578947, "use_primary": true}
EDGE_TTA_ACTIVE views= 8 mean_abs_feat_delta= 0.335161
EDGE_TTA_ACTIVE views= 8 mean_abs_feat_delta= 0.335161
EDGE_TTA_ACTIVE views= 8 mean_abs_feat_delta= 0.368237
EDGE_TTA_ACTIVE views= 8 mean_abs_feat_delta= 0.368237
SECONDARY_EDGE_TTA_ACTIVE views= 8 weight= 0.75 mean_abs_feat_delta= 0.237416
SECONDARY_EDGE_TTA_ACTIVE views= 8 weight= 0.75 mean_abs_feat_delta= 0.237416
SECONDARY_EDGE_TTA_ACTIVE views= 8 weight= 0.75 mean_abs_feat_delta= 0.295579
BIOHUB_RETENTION_GUARD {"blended_candidates": 314, "dataset": "44b6_0b24845f", "frame": 13, "minimum_retention": 0.9, "primary_candidates": 382, "retention": 0.8219895287958116, "use_primary": true}
SECONDARY_EDGE_TTA_ACTIVE views= 8 weight= 0.75 mean_abs_feat_delta= 0.295579
BIOHUB_RETENTION_GUARD {"blended_candidates": 314, "dataset": "44b6_0b24845f", "frame": 13, "minimum_retention": 0.9, "primary_candidates": 382, "retention": 0.8219895287958116, "use_primary": true}
EDGE_TTA_ACTIVE views= 8 mean_abs_feat_delta= 0.330752
EDGE_TTA_ACTIVE views= 8 mean_abs_feat_delta= 0.330752
EDGE_TTA_ACTIVE views= 8 mean_abs_feat_delta= 0.366311
EDGE_TTA_ACTIVE views= 8 mean_abs_feat_delta= 0.366311
SECONDARY_EDGE_TTA_ACTIVE views= 8 weight= 0.75 mean_abs_feat_delta= 0.238386
SECONDARY_EDGE_TTA_ACTIVE views= 8 weight= 0.75 mean_abs_feat_delta= 0.238386
SECONDARY_EDGE_TTA_ACTIVE views= 8 weight= 0.75 mean_abs_feat_delta= 0.29037
BIOHUB_RETENTION_GUARD {"blended_candidates": 330, "dataset": "44b6_0b24845f", "frame": 14, "minimum_retention": 0.9, "primary_candidates": 378, "retention": 0.873015873015873, "use_primary": true}
SECONDARY_EDGE_TTA_ACTIVE views= 8 weight= 0.75 mean_abs_feat_delta= 0.29037
BIOHUB_RETENTION_GUARD {"blended_candidates": 330, "dataset": "44b6_0b24845f", "frame": 14, "minimum_retention": 0.9, "primary_candidates": 378, "retention": 0.873015873015873, "use_primary": true}
EDGE_TTA_ACTIVE views= 8 mean_abs_feat_delta= 0.32964
EDGE_TTA_ACTIVE views= 8 mean_abs_feat_delta= 0.32964
EDGE_TTA_ACTIVE views= 8 mean_abs_feat_delta= 0.362666
EDGE_TTA_ACTIVE views= 8 mean_abs_feat_delta= 0.362666
SECONDARY_EDGE_TTA_ACTIVE views= 8 weight= 0.75 mean_abs_feat_delta= 0.238478
SECONDARY_EDGE_TTA_ACTIVE views= 8 weight= 0.75 mean_abs_feat_delta= 0.238478
SECONDARY_EDGE_TTA_ACTIVE views= 8 weight= 0.75 mean_abs_feat_delta= 0.286822
SECONDARY_EDGE_TTA_ACTIVE views= 8 weight= 0.75 mean_abs_feat_delta= 0.286822
EDGE_TTA_ACTIVE views= 8 mean_abs_feat_delta= 0.32447
EDGE_TTA_ACTIVE views= 8 mean_abs_feat_delta= 0.32447
EDGE_TTA_ACTIVE views= 8 mean_abs_feat_delta= 0.368515
EDGE_TTA_ACTIVE views= 8 mean_abs_feat_delta= 0.368515
SECONDARY_EDGE_TTA_ACTIVE views= 8 weight= 0.75 mean_abs_feat_delta= 0.234529
SECONDARY_EDGE_TTA_ACTIVE views= 8 weight= 0.75 mean_abs_feat_delta= 0.234529
SECONDARY_EDGE_TTA_ACTIVE views= 8 weight= 0.75 mean_abs_feat_delta= 0.282972
SECONDARY_EDGE_TTA_ACTIVE views= 8 weight= 0.75 mean_abs_feat_delta= 0.282972
EDGE_TTA_ACTIVE views= 8 mean_abs_feat_delta= 0.325522
EDGE_TTA_ACTIVE views= 8 mean_abs_feat_delta= 0.325522
EDGE_TTA_ACTIVE views= 8 mean_abs_feat_delta= 0.37163
EDGE_TTA_ACTIVE views= 8 mean_abs_feat_delta= 0.37163
SECONDARY_EDGE_TTA_ACTIVE views= 8 weight= 0.75 mean_abs_feat_delta= 0.238533
SECONDARY_EDGE_TTA_ACTIVE views= 8 weight= 0.75 mean_abs_feat_delta= 0.238533
SECONDARY_EDGE_TTA_ACTIVE views= 8 weight= 0.75 mean_abs_feat_delta= 0.284899
SECONDARY_EDGE_TTA_ACTIVE views= 8 weight= 0.75 mean_abs_feat_delta= 0.284899
EDGE_TTA_ACTIVE views= 8 mean_abs_feat_delta= 0.319866
EDGE_TTA_ACTIVE views= 8 mean_abs_feat_delta= 0.319866
EDGE_TTA_ACTIVE views= 8 mean_abs_feat_delta= 0.367306
EDGE_TTA_ACTIVE views= 8 mean_abs_feat_delta= 0.367306
SECONDARY_EDGE_TTA_ACTIVE views= 8 weight= 0.75 mean_abs_feat_delta= 0.239819
SECONDARY_EDGE_TTA_ACTIVE views= 8 weight= 0.75 mean_abs_feat_delta= 0.239819
SECONDARY_EDGE_TTA_ACTIVE views= 8 weight= 0.75 mean_abs_feat_delta= 0.276632
SECONDARY_EDGE_TTA_ACTIVE views= 8 weight= 0.75 mean_abs_feat_delta= 0.276632
EDGE_TTA_ACTIVE views= 8 mean_abs_feat_delta= 0.323582
EDGE_TTA_ACTIVE views= 8 mean_abs_feat_delta= 0.323582
EDGE_TTA_ACTIVE views= 8 mean_abs_feat_delta= 0.356982
EDGE_TTA_ACTIVE views= 8 mean_abs_feat_delta= 0.356982
SECONDARY_EDGE_TTA_ACTIVE views= 8 weight= 0.75 mean_abs_feat_delta= 0.242037
SECONDARY_EDGE_TTA_ACTIVE views= 8 weight= 0.75 mean_abs_feat_delta= 0.242037
SECONDARY_EDGE_TTA_ACTIVE views= 8 weight= 0.75 mean_abs_feat_delta= 0.278285
SECONDARY_EDGE_TTA_ACTIVE views= 8 weight= 0.75 mean_abs_feat_delta= 0.278285
EDGE_TTA_ACTIVE views= 8 mean_abs_feat_delta= 0.326415
EDGE_TTA_ACTIVE views= 8 mean_abs_feat_delta= 0.326415
EDGE_TTA_ACTIVE views= 8 mean_abs_feat_delta= 0.354988
EDGE_TTA_ACTIVE views= 8 mean_abs_feat_delta= 0.354988
SECONDARY_EDGE_TTA_ACTIVE views= 8 weight= 0.75 mean_abs_feat_delta= 0.241724
SECONDARY_EDGE_TTA_ACTIVE views= 8 weight= 0.75 mean_abs_feat_delta= 0.241724
SECONDARY_EDGE_TTA_ACTIVE views= 8 weight= 0.75 mean_abs_feat_delta= 0.280197
BIOHUB_RETENTION_GUARD {"blended_candidates": 285, "dataset": "44b6_0b24845f", "frame": 20, "minimum_retention": 0.9, "primary_candidates": 317, "retention": 0.8990536277602523, "use_primary": true}
SECONDARY_EDGE_TTA_ACTIVE views= 8 weight= 0.75 mean_abs_feat_delta= 0.280197
BIOHUB_RETENTION_GUARD {"blended_candidates": 285, "dataset": "44b6_0b24845f", "frame": 20, "minimum_retention": 0.9, "primary_candidates": 317, "retention": 0.8990536277602523, "use_primary": true}
EDGE_TTA_ACTIVE views= 8 mean_abs_feat_delta= 0.32326
EDGE_TTA_ACTIVE views= 8 mean_abs_feat_delta= 0.32326
EDGE_TTA_ACTIVE views= 8 mean_abs_feat_delta= 0.355885
EDGE_TTA_ACTIVE views= 8 mean_abs_feat_delta= 0.355885
SECONDARY_EDGE_TTA_ACTIVE views= 8 weight= 0.75 mean_abs_feat_delta= 0.234753
SECONDARY_EDGE_TTA_ACTIVE views= 8 weight= 0.75 mean_abs_feat_delta= 0.234753
SECONDARY_EDGE_TTA_ACTIVE views= 8 weight= 0.75 mean_abs_feat_delta= 0.281334
BIOHUB_RETENTION_GUARD {"blended_candidates": 265, "dataset": "44b6_0b24845f", "frame": 21, "minimum_retention": 0.9, "primary_candidates": 325, "retention": 0.8153846153846154, "use_primary": true}
SECONDARY_EDGE_TTA_ACTIVE views= 8 weight= 0.75 mean_abs_feat_delta= 0.281334
BIOHUB_RETENTION_GUARD {"blended_candidates": 265, "dataset": "44b6_0b24845f", "frame": 21, "minimum_retention": 0.9, "primary_candidates": 325, "retention": 0.8153846153846154, "use_primary": true}
EDGE_TTA_ACTIVE views= 8 mean_abs_feat_delta= 0.324888
EDGE_TTA_ACTIVE views= 8 mean_abs_feat_delta= 0.324888
EDGE_TTA_ACTIVE views= 8 mean_abs_feat_delta= 0.357492
EDGE_TTA_ACTIVE views= 8 mean_abs_feat_delta= 0.357492
SECONDARY_EDGE_TTA_ACTIVE views= 8 weight= 0.75 mean_abs_feat_delta= 0.238746
SECONDARY_EDGE_TTA_ACTIVE views= 8 weight= 0.75 mean_abs_feat_delta= 0.238746
SECONDARY_EDGE_TTA_ACTIVE views= 8 weight= 0.75 mean_abs_feat_delta= 0.280031
BIOHUB_RETENTION_GUARD {"blended_candidates": 286, "dataset": "44b6_0b24845f", "frame": 22, "minimum_retention": 0.9, "primary_candidates": 326, "retention": 0.8773006134969326, "use_primary": true}
SECONDARY_EDGE_TTA_ACTIVE views= 8 weight= 0.75 mean_abs_feat_delta= 0.280031
BIOHUB_RETENTION_GUARD {"blended_candidates": 286, "dataset": "44b6_0b24845f", "frame": 22, "minimum_retention": 0.9, "primary_candidates": 326, "retention": 0.8773006134969326, "use_primary": true}
EDGE_TTA_ACTIVE views= 8 mean_abs_feat_delta= 0.325752
EDGE_TTA_ACTIVE views= 8 mean_abs_feat_delta= 0.325752
EDGE_TTA_ACTIVE views= 8 mean_abs_feat_delta= 0.361386
EDGE_TTA_ACTIVE views= 8 mean_abs_feat_delta= 0.361386
SECONDARY_EDGE_TTA_ACTIVE views= 8 weight= 0.75 mean_abs_feat_delta= 0.238954
SECONDARY_EDGE_TTA_ACTIVE views= 8 weight= 0.75 mean_abs_feat_delta= 0.238954
SECONDARY_EDGE_TTA_ACTIVE views= 8 weight= 0.75 mean_abs_feat_delta= 0.277655
SECONDARY_EDGE_TTA_ACTIVE views= 8 weight= 0.75 mean_abs_feat_delta= 0.277655
EDGE_TTA_ACTIVE views= 8 mean_abs_feat_delta= 0.330364
EDGE_TTA_ACTIVE views= 8 mean_abs_feat_delta= 0.330364
EDGE_TTA_ACTIVE views= 8 mean_abs_feat_delta= 0.361052
EDGE_TTA_ACTIVE views= 8 mean_abs_feat_delta= 0.361052
SECONDARY_EDGE_TTA_ACTIVE views= 8 weight= 0.75 mean_abs_feat_delta= 0.235145
SECONDARY_EDGE_TTA_ACTIVE views= 8 weight= 0.75 mean_abs_feat_delta= 0.235145
SECONDARY_EDGE_TTA_ACTIVE views= 8 weight= 0.75 mean_abs_feat_delta= 0.282322
BIOHUB_RETENTION_GUARD {"blended_candidates": 261, "dataset": "44b6_0b24845f", "frame": 24, "minimum_retention": 0.9, "primary_candidates": 306, "retention": 0.8529411764705882, "use_primary": true}
SECONDARY_EDGE_TTA_ACTIVE views= 8 weight= 0.75 mean_abs_feat_delta= 0.282322
BIOHUB_RETENTION_GUARD {"blended_candidates": 261, "dataset": "44b6_0b24845f", "frame": 24, "minimum_retention": 0.9, "primary_candidates": 306, "retention": 0.8529411764705882, "use_primary": true}
EDGE_TTA_ACTIVE views= 8 mean_abs_feat_delta= 0.329773
EDGE_TTA_ACTIVE views= 8 mean_abs_feat_delta= 0.329773
EDGE_TTA_ACTIVE views= 8 mean_abs_feat_delta= 0.36198
EDGE_TTA_ACTIVE views= 8 mean_abs_feat_delta= 0.36198
SECONDARY_EDGE_TTA_ACTIVE views= 8 weight= 0.75 mean_abs_feat_delta= 0.236219
SECONDARY_EDGE_TTA_ACTIVE views= 8 weight= 0.75 mean_abs_feat_delta= 0.236219
SECONDARY_EDGE_TTA_ACTIVE views= 8 weight= 0.75 mean_abs_feat_delta= 0.280181
SECONDARY_EDGE_TTA_ACTIVE views= 8 weight= 0.75 mean_abs_feat_delta= 0.280181
EDGE_TTA_ACTIVE views= 8 mean_abs_feat_delta= 0.325156
EDGE_TTA_ACTIVE views= 8 mean_abs_feat_delta= 0.325156
EDGE_TTA_ACTIVE views= 8 mean_abs_feat_delta= 0.365963
EDGE_TTA_ACTIVE views= 8 mean_abs_feat_delta= 0.365963
SECONDARY_EDGE_TTA_ACTIVE views= 8 weight= 0.75 mean_abs_feat_delta= 0.234985
SECONDARY_EDGE_TTA_ACTIVE views= 8 weight= 0.75 mean_abs_feat_delta= 0.234985
SECONDARY_EDGE_TTA_ACTIVE views= 8 weight= 0.75 mean_abs_feat_delta= 0.284381
BIOHUB_RETENTION_GUARD {"blended_candidates": 273, "dataset": "44b6_0b24845f", "frame": 26, "minimum_retention": 0.9, "primary_candidates": 309, "retention": 0.883495145631068, "use_primary": true}
SECONDARY_EDGE_TTA_ACTIVE views= 8 weight= 0.75 mean_abs_feat_delta= 0.284381
BIOHUB_RETENTION_GUARD {"blended_candidates": 273, "dataset": "44b6_0b24845f", "frame": 26, "minimum_retention": 0.9, "primary_candidates": 309, "retention": 0.883495145631068, "use_primary": true}
EDGE_TTA_ACTIVE views= 8 mean_abs_feat_delta= 0.328005
EDGE_TTA_ACTIVE views= 8 mean_abs_feat_delta= 0.328005
EDGE_TTA_ACTIVE views= 8 mean_abs_feat_delta= 0.369614
EDGE_TTA_ACTIVE views= 8 mean_abs_feat_delta= 0.369614
SECONDARY_EDGE_TTA_ACTIVE views= 8 weight= 0.75 mean_abs_feat_delta= 0.230623
SECONDARY_EDGE_TTA_ACTIVE views= 8 weight= 0.75 mean_abs_feat_delta= 0.230623
SECONDARY_EDGE_TTA_ACTIVE views= 8 weight= 0.75 mean_abs_feat_delta= 0.289602
BIOHUB_RETENTION_GUARD {"blended_candidates": 258, "dataset": "44b6_0b24845f", "frame": 27, "minimum_retention": 0.9, "primary_candidates": 302, "retention": 0.8543046357615894, "use_primary": true}
SECONDARY_EDGE_TTA_ACTIVE views= 8 weight= 0.75 mean_abs_feat_delta= 0.289602
BIOHUB_RETENTION_GUARD {"blended_candidates": 258, "dataset": "44b6_0b24845f", "frame": 27, "minimum_retention": 0.9, "primary_candidates": 302, "retention": 0.8543046357615894, "use_primary": true}
EDGE_TTA_ACTIVE views= 8 mean_abs_feat_delta= 0.332057
EDGE_TTA_ACTIVE views= 8 mean_abs_feat_delta= 0.332057
EDGE_TTA_ACTIVE views= 8 mean_abs_feat_delta= 0.365619
EDGE_TTA_ACTIVE views= 8 mean_abs_feat_delta= 0.365619
SECONDARY_EDGE_TTA_ACTIVE views= 8 weight= 0.75 mean_abs_feat_delta= 0.233514
SECONDARY_EDGE_TTA_ACTIVE views= 8 weight= 0.75 mean_abs_feat_delta= 0.233514
SECONDARY_EDGE_TTA_ACTIVE views= 8 weight= 0.75 mean_abs_feat_delta= 0.291319
SECONDARY_EDGE_TTA_ACTIVE views= 8 weight= 0.75 mean_abs_feat_delta= 0.291319
EDGE_TTA_ACTIVE views= 8 mean_abs_feat_delta= 0.327244
EDGE_TTA_ACTIVE views= 8 mean_abs_feat_delta= 0.327244
EDGE_TTA_ACTIVE views= 8 mean_abs_feat_delta= 0.366332
EDGE_TTA_ACTIVE views= 8 mean_abs_feat_delta= 0.366332
SECONDARY_EDGE_TTA_ACTIVE views= 8 weight= 0.75 mean_abs_feat_delta= 0.236419
SECONDARY_EDGE_TTA_ACTIVE views= 8 weight= 0.75 mean_abs_feat_delta= 0.236419
SECONDARY_EDGE_TTA_ACTIVE views= 8 weight= 0.75 mean_abs_feat_delta= 0.283865
SECONDARY_EDGE_TTA_ACTIVE views= 8 weight= 0.75 mean_abs_feat_delta= 0.283865
EDGE_TTA_ACTIVE views= 8 mean_abs_feat_delta= 0.331491
EDGE_TTA_ACTIVE views= 8 mean_abs_feat_delta= 0.331491
EDGE_TTA_ACTIVE views= 8 mean_abs_feat_delta= 0.364134
EDGE_TTA_ACTIVE views= 8 mean_abs_feat_delta= 0.364134
SECONDARY_EDGE_TTA_ACTIVE views= 8 weight= 0.75 mean_abs_feat_delta= 0.240106
SECONDARY_EDGE_TTA_ACTIVE views= 8 weight= 0.75 mean_abs_feat_delta= 0.240106
SECONDARY_EDGE_TTA_ACTIVE views= 8 weight= 0.75 mean_abs_feat_delta= 0.282155
SECONDARY_EDGE_TTA_ACTIVE views= 8 weight= 0.75 mean_abs_feat_delta= 0.282155
EDGE_TTA_ACTIVE views= 8 mean_abs_feat_delta= 0.332767
EDGE_TTA_ACTIVE views= 8 mean_abs_feat_delta= 0.332767
EDGE_TTA_ACTIVE views= 8 mean_abs_feat_delta= 0.359711
EDGE_TTA_ACTIVE views= 8 mean_abs_feat_delta= 0.359711
SECONDARY_EDGE_TTA_ACTIVE views= 8 weight= 0.75 mean_abs_feat_delta= 0.251196
SECONDARY_EDGE_TTA_ACTIVE views= 8 weight= 0.75 mean_abs_feat_delta= 0.251196
SECONDARY_EDGE_TTA_ACTIVE views= 8 weight= 0.75 mean_abs_feat_delta= 0.283753
SECONDARY_EDGE_TTA_ACTIVE views= 8 weight= 0.75 mean_abs_feat_delta= 0.283753
EDGE_TTA_ACTIVE views= 8 mean_abs_feat_delta= 0.333532
EDGE_TTA_ACTIVE views= 8 mean_abs_feat_delta= 0.333532
EDGE_TTA_ACTIVE views= 8 mean_abs_feat_delta= 0.362505
EDGE_TTA_ACTIVE views= 8 mean_abs_feat_delta= 0.362505
SECONDARY_EDGE_TTA_ACTIVE views= 8 weight= 0.75 mean_abs_feat_delta= 0.251416
SECONDARY_EDGE_TTA_ACTIVE views= 8 weight= 0.75 mean_abs_feat_delta= 0.251416
SECONDARY_EDGE_TTA_ACTIVE views= 8 weight= 0.75 mean_abs_feat_delta= 0.282429
BIOHUB_RETENTION_GUARD {"blended_candidates": 249, "dataset": "44b6_0b24845f", "frame": 32, "minimum_retention": 0.9, "primary_candidates": 293, "retention": 0.8498293515358362, "use_primary": true}
SECONDARY_EDGE_TTA_ACTIVE views= 8 weight= 0.75 mean_abs_feat_delta= 0.282429
BIOHUB_RETENTION_GUARD {"blended_candidates": 249, "dataset": "44b6_0b24845f", "frame": 32, "minimum_retention": 0.9, "primary_candidates": 293, "retention": 0.8498293515358362, "use_primary": true}
EDGE_TTA_ACTIVE views= 8 mean_abs_feat_delta= 0.339086
EDGE_TTA_ACTIVE views= 8 mean_abs_feat_delta= 0.339086
EDGE_TTA_ACTIVE views= 8 mean_abs_feat_delta= 0.364903
EDGE_TTA_ACTIVE views= 8 mean_abs_feat_delta= 0.364903
SECONDARY_EDGE_TTA_ACTIVE views= 8 weight= 0.75 mean_abs_feat_delta= 0.251129
SECONDARY_EDGE_TTA_ACTIVE views= 8 weight= 0.75 mean_abs_feat_delta= 0.251129
SECONDARY_EDGE_TTA_ACTIVE views= 8 weight= 0.75 mean_abs_feat_delta= 0.280468
BIOHUB_RETENTION_GUARD {"blended_candidates": 234, "dataset": "44b6_0b24845f", "frame": 33, "minimum_retention": 0.9, "primary_candidates": 276, "retention": 0.8478260869565217, "use_primary": true}
SECONDARY_EDGE_TTA_ACTIVE views= 8 weight= 0.75 mean_abs_feat_delta= 0.280468
BIOHUB_RETENTION_GUARD {"blended_candidates": 234, "dataset": "44b6_0b24845f", "frame": 33, "minimum_retention": 0.9, "primary_candidates": 276, "retention": 0.8478260869565217, "use_primary": true}
EDGE_TTA_ACTIVE views= 8 mean_abs_feat_delta= 0.336421
EDGE_TTA_ACTIVE views= 8 mean_abs_feat_delta= 0.336421
EDGE_TTA_ACTIVE views= 8 mean_abs_feat_delta= 0.364198
EDGE_TTA_ACTIVE views= 8 mean_abs_feat_delta= 0.364198
SECONDARY_EDGE_TTA_ACTIVE views= 8 weight= 0.75 mean_abs_feat_delta= 0.248917
SECONDARY_EDGE_TTA_ACTIVE views= 8 weight= 0.75 mean_abs_feat_delta= 0.248917
SECONDARY_EDGE_TTA_ACTIVE views= 8 weight= 0.75 mean_abs_feat_delta= 0.273313
SECONDARY_EDGE_TTA_ACTIVE views= 8 weight= 0.75 mean_abs_feat_delta= 0.273313
EDGE_TTA_ACTIVE views= 8 mean_abs_feat_delta= 0.329875
EDGE_TTA_ACTIVE views= 8 mean_abs_feat_delta= 0.329875
EDGE_TTA_ACTIVE views= 8 mean_abs_feat_delta= 0.362852
EDGE_TTA_ACTIVE views= 8 mean_abs_feat_delta= 0.362852
SECONDARY_EDGE_TTA_ACTIVE views= 8 weight= 0.75 mean_abs_feat_delta= 0.248317
SECONDARY_EDGE_TTA_ACTIVE views= 8 weight= 0.75 mean_abs_feat_delta= 0.248317
SECONDARY_EDGE_TTA_ACTIVE views= 8 weight= 0.75 mean_abs_feat_delta= 0.27435
SECONDARY_EDGE_TTA_ACTIVE views= 8 weight= 0.75 mean_abs_feat_delta= 0.27435
EDGE_TTA_ACTIVE views= 8 mean_abs_feat_delta= 0.328572
EDGE_TTA_ACTIVE views= 8 mean_abs_feat_delta= 0.328572
EDGE_TTA_ACTIVE views= 8 mean_abs_feat_delta= 0.373852
EDGE_TTA_ACTIVE views= 8 mean_abs_feat_delta= 0.373852
SECONDARY_EDGE_TTA_ACTIVE views= 8 weight= 0.75 mean_abs_feat_delta= 0.247468
SECONDARY_EDGE_TTA_ACTIVE views= 8 weight= 0.75 mean_abs_feat_delta= 0.247468
SECONDARY_EDGE_TTA_ACTIVE views= 8 weight= 0.75 mean_abs_feat_delta= 0.28122
SECONDARY_EDGE_TTA_ACTIVE views= 8 weight= 0.75 mean_abs_feat_delta= 0.28122
EDGE_TTA_ACTIVE views= 8 mean_abs_feat_delta= 0.326071
EDGE_TTA_ACTIVE views= 8 mean_abs_feat_delta= 0.326071
EDGE_TTA_ACTIVE views= 8 mean_abs_feat_delta= 0.368966
EDGE_TTA_ACTIVE views= 8 mean_abs_feat_delta= 0.368966
SECONDARY_EDGE_TTA_ACTIVE views= 8 weight= 0.75 mean_abs_feat_delta= 0.246968
SECONDARY_EDGE_TTA_ACTIVE views= 8 weight= 0.75 mean_abs_feat_delta= 0.246968
SECONDARY_EDGE_TTA_ACTIVE views= 8 weight= 0.75 mean_abs_feat_delta= 0.277064
SECONDARY_EDGE_TTA_ACTIVE views= 8 weight= 0.75 mean_abs_feat_delta= 0.277064
EDGE_TTA_ACTIVE views= 8 mean_abs_feat_delta= 0.328178
EDGE_TTA_ACTIVE views= 8 mean_abs_feat_delta= 0.328178
EDGE_TTA_ACTIVE views= 8 mean_abs_feat_delta= 0.366559
EDGE_TTA_ACTIVE views= 8 mean_abs_feat_delta= 0.366559
SECONDARY_EDGE_TTA_ACTIVE views= 8 weight= 0.75 mean_abs_feat_delta= 0.250361
SECONDARY_EDGE_TTA_ACTIVE views= 8 weight= 0.75 mean_abs_feat_delta= 0.274933
SECONDARY_EDGE_TTA_ACTIVE views= 8 weight= 0.75 mean_abs_feat_delta= 0.250361
SECONDARY_EDGE_TTA_ACTIVE views= 8 weight= 0.75 mean_abs_feat_delta= 0.274933
EDGE_TTA_ACTIVE views= 8 mean_abs_feat_delta= 0.331242
EDGE_TTA_ACTIVE views= 8 mean_abs_feat_delta= 0.331242
EDGE_TTA_ACTIVE views= 8 mean_abs_feat_delta= 0.370597
EDGE_TTA_ACTIVE views= 8 mean_abs_feat_delta= 0.370597
SECONDARY_EDGE_TTA_ACTIVE views= 8 weight= 0.75 mean_abs_feat_delta= 0.24375
SECONDARY_EDGE_TTA_ACTIVE views= 8 weight= 0.75 mean_abs_feat_delta= 0.278308
SECONDARY_EDGE_TTA_ACTIVE views= 8 weight= 0.75 mean_abs_feat_delta= 0.24375
SECONDARY_EDGE_TTA_ACTIVE views= 8 weight= 0.75 mean_abs_feat_delta= 0.278308
EDGE_TTA_ACTIVE views= 8 mean_abs_feat_delta= 0.332742
EDGE_TTA_ACTIVE views= 8 mean_abs_feat_delta= 0.372674
EDGE_TTA_ACTIVE views= 8 mean_abs_feat_delta= 0.332742
EDGE_TTA_ACTIVE views= 8 mean_abs_feat_delta= 0.372674
SECONDARY_EDGE_TTA_ACTIVE views= 8 weight= 0.75 mean_abs_feat_delta= 0.239566
SECONDARY_EDGE_TTA_ACTIVE views= 8 weight= 0.75 mean_abs_feat_delta= 0.285352
SECONDARY_EDGE_TTA_ACTIVE views= 8 weight= 0.75 mean_abs_feat_delta= 0.239566
SECONDARY_EDGE_TTA_ACTIVE views= 8 weight= 0.75 mean_abs_feat_delta= 0.285352
EDGE_TTA_ACTIVE views= 8 mean_abs_feat_delta= 0.325998
EDGE_TTA_ACTIVE views= 8 mean_abs_feat_delta= 0.367938
EDGE_TTA_ACTIVE views= 8 mean_abs_feat_delta= 0.325998
EDGE_TTA_ACTIVE views= 8 mean_abs_feat_delta= 0.367938
SECONDARY_EDGE_TTA_ACTIVE views= 8 weight= 0.75 mean_abs_feat_delta= 0.242074
SECONDARY_EDGE_TTA_ACTIVE views= 8 weight= 0.75 mean_abs_feat_delta= 0.280788
SECONDARY_EDGE_TTA_ACTIVE views= 8 weight= 0.75 mean_abs_feat_delta= 0.242074
SECONDARY_EDGE_TTA_ACTIVE views= 8 weight= 0.75 mean_abs_feat_delta= 0.280788
EDGE_TTA_ACTIVE views= 8 mean_abs_feat_delta= 0.364834
EDGE_TTA_ACTIVE views= 8 mean_abs_feat_delta= 0.326187
EDGE_TTA_ACTIVE views= 8 mean_abs_feat_delta= 0.364834
EDGE_TTA_ACTIVE views= 8 mean_abs_feat_delta= 0.326187
SECONDARY_EDGE_TTA_ACTIVE views= 8 weight= 0.75 mean_abs_feat_delta= 0.282166
SECONDARY_EDGE_TTA_ACTIVE views= 8 weight= 0.75 mean_abs_feat_delta= 0.24388
SECONDARY_EDGE_TTA_ACTIVE views= 8 weight= 0.75 mean_abs_feat_delta= 0.282166
SECONDARY_EDGE_TTA_ACTIVE views= 8 weight= 0.75 mean_abs_feat_delta= 0.24388
EDGE_TTA_ACTIVE views= 8 mean_abs_feat_delta= 0.36801
EDGE_TTA_ACTIVE views= 8 mean_abs_feat_delta= 0.329641
EDGE_TTA_ACTIVE views= 8 mean_abs_feat_delta= 0.36801
EDGE_TTA_ACTIVE views= 8 mean_abs_feat_delta= 0.329641
SECONDARY_EDGE_TTA_ACTIVE views= 8 weight= 0.75 mean_abs_feat_delta= 0.283823
SECONDARY_EDGE_TTA_ACTIVE views= 8 weight= 0.75 mean_abs_feat_delta= 0.283823
SECONDARY_EDGE_TTA_ACTIVE views= 8 weight= 0.75 mean_abs_feat_delta= 0.242396
SECONDARY_EDGE_TTA_ACTIVE views= 8 weight= 0.75 mean_abs_feat_delta= 0.242396
EDGE_TTA_ACTIVE views= 8 mean_abs_feat_delta= 0.367877
EDGE_TTA_ACTIVE views= 8 mean_abs_feat_delta= 0.367877
EDGE_TTA_ACTIVE views= 8 mean_abs_feat_delta= 0.331184
EDGE_TTA_ACTIVE views= 8 mean_abs_feat_delta= 0.331184
SECONDARY_EDGE_TTA_ACTIVE views= 8 weight= 0.75 mean_abs_feat_delta= 0.281373
SECONDARY_EDGE_TTA_ACTIVE views= 8 weight= 0.75 mean_abs_feat_delta= 0.281373
SECONDARY_EDGE_TTA_ACTIVE views= 8 weight= 0.75 mean_abs_feat_delta= 0.24245
SECONDARY_EDGE_TTA_ACTIVE views= 8 weight= 0.75 mean_abs_feat_delta= 0.24245
EDGE_TTA_ACTIVE views= 8 mean_abs_feat_delta= 0.368248
EDGE_TTA_ACTIVE views= 8 mean_abs_feat_delta= 0.368248
EDGE_TTA_ACTIVE views= 8 mean_abs_feat_delta= 0.330506
EDGE_TTA_ACTIVE views= 8 mean_abs_feat_delta= 0.330506
SECONDARY_EDGE_TTA_ACTIVE views= 8 weight= 0.75 mean_abs_feat_delta= 0.281151
SECONDARY_EDGE_TTA_ACTIVE views= 8 weight= 0.75 mean_abs_feat_delta= 0.281151
SECONDARY_EDGE_TTA_ACTIVE views= 8 weight= 0.75 mean_abs_feat_delta= 0.246663
SECONDARY_EDGE_TTA_ACTIVE views= 8 weight= 0.75 mean_abs_feat_delta= 0.246663
EDGE_TTA_ACTIVE views= 8 mean_abs_feat_delta= 0.366473
EDGE_TTA_ACTIVE views= 8 mean_abs_feat_delta= 0.366473
EDGE_TTA_ACTIVE views= 8 mean_abs_feat_delta= 0.326851
EDGE_TTA_ACTIVE views= 8 mean_abs_feat_delta= 0.326851
SECONDARY_EDGE_TTA_ACTIVE views= 8 weight= 0.75 mean_abs_feat_delta= 0.288338
SECONDARY_EDGE_TTA_ACTIVE views= 8 weight= 0.75 mean_abs_feat_delta= 0.288338
SECONDARY_EDGE_TTA_ACTIVE views= 8 weight= 0.75 mean_abs_feat_delta= 0.248161
SECONDARY_EDGE_TTA_ACTIVE views= 8 weight= 0.75 mean_abs_feat_delta= 0.248161
EDGE_TTA_ACTIVE views= 8 mean_abs_feat_delta= 0.369227
EDGE_TTA_ACTIVE views= 8 mean_abs_feat_delta= 0.369227
EDGE_TTA_ACTIVE views= 8 mean_abs_feat_delta= 0.32759
EDGE_TTA_ACTIVE views= 8 mean_abs_feat_delta= 0.32759
SECONDARY_EDGE_TTA_ACTIVE views= 8 weight= 0.75 mean_abs_feat_delta= 0.292434
BIOHUB_RETENTION_GUARD {"blended_candidates": 264, "dataset": "44b6_0b24845f", "frame": 47, "minimum_retention": 0.9, "primary_candidates": 307, "retention": 0.8599348534201955, "use_primary": true}
SECONDARY_EDGE_TTA_ACTIVE views= 8 weight= 0.75 mean_abs_feat_delta= 0.292434
BIOHUB_RETENTION_GUARD {"blended_candidates": 264, "dataset": "44b6_0b24845f", "frame": 47, "minimum_retention": 0.9, "primary_candidates": 307, "retention": 0.8599348534201955, "use_primary": true}
SECONDARY_EDGE_TTA_ACTIVE views= 8 weight= 0.75 mean_abs_feat_delta= 0.244572
SECONDARY_EDGE_TTA_ACTIVE views= 8 weight= 0.75 mean_abs_feat_delta= 0.244572
EDGE_TTA_ACTIVE views= 8 mean_abs_feat_delta= 0.376915
EDGE_TTA_ACTIVE views= 8 mean_abs_feat_delta= 0.376915
EDGE_TTA_ACTIVE views= 8 mean_abs_feat_delta= 0.323605
EDGE_TTA_ACTIVE views= 8 mean_abs_feat_delta= 0.323605
SECONDARY_EDGE_TTA_ACTIVE views= 8 weight= 0.75 mean_abs_feat_delta= 0.288129
SECONDARY_EDGE_TTA_ACTIVE views= 8 weight= 0.75 mean_abs_feat_delta= 0.288129
SECONDARY_EDGE_TTA_ACTIVE views= 8 weight= 0.75 mean_abs_feat_delta= 0.244253
SECONDARY_EDGE_TTA_ACTIVE views= 8 weight= 0.75 mean_abs_feat_delta= 0.244253
EDGE_TTA_ACTIVE views= 8 mean_abs_feat_delta= 0.373149
EDGE_TTA_ACTIVE views= 8 mean_abs_feat_delta= 0.373149
EDGE_TTA_ACTIVE views= 8 mean_abs_feat_delta= 0.332571
EDGE_TTA_ACTIVE views= 8 mean_abs_feat_delta= 0.332571
SECONDARY_EDGE_TTA_ACTIVE views= 8 weight= 0.75 mean_abs_feat_delta= 0.299885
SECONDARY_EDGE_TTA_ACTIVE views= 8 weight= 0.75 mean_abs_feat_delta= 0.299885
SECONDARY_EDGE_TTA_ACTIVE views= 8 weight= 0.75 mean_abs_feat_delta= 0.251298
SECONDARY_EDGE_TTA_ACTIVE views= 8 weight= 0.75 mean_abs_feat_delta= 0.251298
EDGE_TTA_ACTIVE views= 8 mean_abs_feat_delta= 0.373289
EDGE_TTA_ACTIVE views= 8 mean_abs_feat_delta= 0.373289
EDGE_TTA_ACTIVE views= 8 mean_abs_feat_delta= 0.328319
SECONDARY_EDGE_TTA_ACTIVE views= 8 weight= 0.75 mean_abs_feat_delta= 0.305548
BIOHUB_RETENTION_GUARD {"blended_candidates": 253, "dataset": "44b6_0b24845f", "frame": 50, "minimum_retention": 0.9, "primary_candidates": 285, "retention": 0.887719298245614, "use_primary": true}
EDGE_TTA_ACTIVE views= 8 mean_abs_feat_delta= 0.328319
SECONDARY_EDGE_TTA_ACTIVE views= 8 weight= 0.75 mean_abs_feat_delta= 0.305548
BIOHUB_RETENTION_GUARD {"blended_candidates": 253, "dataset": "44b6_0b24845f", "frame": 50, "minimum_retention": 0.9, "primary_candidates": 285, "retention": 0.887719298245614, "use_primary": true}
SECONDARY_EDGE_TTA_ACTIVE views= 8 weight= 0.75 mean_abs_feat_delta= 0.241945
SECONDARY_EDGE_TTA_ACTIVE views= 8 weight= 0.75 mean_abs_feat_delta= 0.241945
EDGE_TTA_ACTIVE views= 8 mean_abs_feat_delta= 0.372374
EDGE_TTA_ACTIVE views= 8 mean_abs_feat_delta= 0.372374
EDGE_TTA_ACTIVE views= 8 mean_abs_feat_delta= 0.327289
SECONDARY_EDGE_TTA_ACTIVE views= 8 weight= 0.75 mean_abs_feat_delta= 0.296505
BIOHUB_RETENTION_GUARD {"blended_candidates": 321, "dataset": "44b6_0b24845f", "frame": 51, "minimum_retention": 0.9, "primary_candidates": 361, "retention": 0.889196675900277, "use_primary": true}
EDGE_TTA_ACTIVE views= 8 mean_abs_feat_delta= 0.327289
SECONDARY_EDGE_TTA_ACTIVE views= 8 weight= 0.75 mean_abs_feat_delta= 0.296505
BIOHUB_RETENTION_GUARD {"blended_candidates": 321, "dataset": "44b6_0b24845f", "frame": 51, "minimum_retention": 0.9, "primary_candidates": 361, "retention": 0.889196675900277, "use_primary": true}
SECONDARY_EDGE_TTA_ACTIVE views= 8 weight= 0.75 mean_abs_feat_delta= 0.241039
SECONDARY_EDGE_TTA_ACTIVE views= 8 weight= 0.75 mean_abs_feat_delta= 0.241039
EDGE_TTA_ACTIVE views= 8 mean_abs_feat_delta= 0.36791
EDGE_TTA_ACTIVE views= 8 mean_abs_feat_delta= 0.36791
SECONDARY_EDGE_TTA_ACTIVE views= 8 weight= 0.75 mean_abs_feat_delta= 0.295986
EDGE_TTA_ACTIVE views= 8 mean_abs_feat_delta= 0.337614
SECONDARY_EDGE_TTA_ACTIVE views= 8 weight= 0.75 mean_abs_feat_delta= 0.295986
EDGE_TTA_ACTIVE views= 8 mean_abs_feat_delta= 0.337614
SECONDARY_EDGE_TTA_ACTIVE views= 8 weight= 0.75 mean_abs_feat_delta= 0.250851
EDGE_TTA_ACTIVE views= 8 mean_abs_feat_delta= 0.370709
SECONDARY_EDGE_TTA_ACTIVE views= 8 weight= 0.75 mean_abs_feat_delta= 0.250851
EDGE_TTA_ACTIVE views= 8 mean_abs_feat_delta= 0.370709
SECONDARY_EDGE_TTA_ACTIVE views= 8 weight= 0.75 mean_abs_feat_delta= 0.30285
BIOHUB_RETENTION_GUARD {"blended_candidates": 305, "dataset": "44b6_0b24845f", "frame": 53, "minimum_retention": 0.9, "primary_candidates": 342, "retention": 0.8918128654970761, "use_primary": true}
EDGE_TTA_ACTIVE views= 8 mean_abs_feat_delta= 0.338693
SECONDARY_EDGE_TTA_ACTIVE views= 8 weight= 0.75 mean_abs_feat_delta= 0.30285
BIOHUB_RETENTION_GUARD {"blended_candidates": 305, "dataset": "44b6_0b24845f", "frame": 53, "minimum_retention": 0.9, "primary_candidates": 342, "retention": 0.8918128654970761, "use_primary": true}
EDGE_TTA_ACTIVE views= 8 mean_abs_feat_delta= 0.338693
SECONDARY_EDGE_TTA_ACTIVE views= 8 weight= 0.75 mean_abs_feat_delta= 0.253217
EDGE_TTA_ACTIVE views= 8 mean_abs_feat_delta= 0.369503
SECONDARY_EDGE_TTA_ACTIVE views= 8 weight= 0.75 mean_abs_feat_delta= 0.253217
EDGE_TTA_ACTIVE views= 8 mean_abs_feat_delta= 0.369503
SECONDARY_EDGE_TTA_ACTIVE views= 8 weight= 0.75 mean_abs_feat_delta= 0.30254
BIOHUB_RETENTION_GUARD {"blended_candidates": 321, "dataset": "44b6_0b24845f", "frame": 54, "minimum_retention": 0.9, "primary_candidates": 362, "retention": 0.8867403314917127, "use_primary": true}
SECONDARY_EDGE_TTA_ACTIVE views= 8 weight= 0.75 mean_abs_feat_delta= 0.30254
BIOHUB_RETENTION_GUARD {"blended_candidates": 321, "dataset": "44b6_0b24845f", "frame": 54, "minimum_retention": 0.9, "primary_candidates": 362, "retention": 0.8867403314917127, "use_primary": true}
EDGE_TTA_ACTIVE views= 8 mean_abs_feat_delta= 0.338257
EDGE_TTA_ACTIVE views= 8 mean_abs_feat_delta= 0.338257
EDGE_TTA_ACTIVE views= 8 mean_abs_feat_delta= 0.3697
SECONDARY_EDGE_TTA_ACTIVE views= 8 weight= 0.75 mean_abs_feat_delta= 0.261342
EDGE_TTA_ACTIVE views= 8 mean_abs_feat_delta= 0.3697
SECONDARY_EDGE_TTA_ACTIVE views= 8 weight= 0.75 mean_abs_feat_delta= 0.261342
SECONDARY_EDGE_TTA_ACTIVE views= 8 weight= 0.75 mean_abs_feat_delta= 0.304896
SECONDARY_EDGE_TTA_ACTIVE views= 8 weight= 0.75 mean_abs_feat_delta= 0.304896
EDGE_TTA_ACTIVE views= 8 mean_abs_feat_delta= 0.33887
EDGE_TTA_ACTIVE views= 8 mean_abs_feat_delta= 0.33887
EDGE_TTA_ACTIVE views= 8 mean_abs_feat_delta= 0.37301
SECONDARY_EDGE_TTA_ACTIVE views= 8 weight= 0.75 mean_abs_feat_delta= 0.263655
EDGE_TTA_ACTIVE views= 8 mean_abs_feat_delta= 0.37301
SECONDARY_EDGE_TTA_ACTIVE views= 8 weight= 0.75 mean_abs_feat_delta= 0.263655
SECONDARY_EDGE_TTA_ACTIVE views= 8 weight= 0.75 mean_abs_feat_delta= 0.308335
SECONDARY_EDGE_TTA_ACTIVE views= 8 weight= 0.75 mean_abs_feat_delta= 0.308335
EDGE_TTA_ACTIVE views= 8 mean_abs_feat_delta= 0.339106
EDGE_TTA_ACTIVE views= 8 mean_abs_feat_delta= 0.339106
EDGE_TTA_ACTIVE views= 8 mean_abs_feat_delta= 0.367347
EDGE_TTA_ACTIVE views= 8 mean_abs_feat_delta= 0.367347
SECONDARY_EDGE_TTA_ACTIVE views= 8 weight= 0.75 mean_abs_feat_delta= 0.264049
SECONDARY_EDGE_TTA_ACTIVE views= 8 weight= 0.75 mean_abs_feat_delta= 0.264049
SECONDARY_EDGE_TTA_ACTIVE views= 8 weight= 0.75 mean_abs_feat_delta= 0.3079
SECONDARY_EDGE_TTA_ACTIVE views= 8 weight= 0.75 mean_abs_feat_delta= 0.3079
EDGE_TTA_ACTIVE views= 8 mean_abs_feat_delta= 0.341611
EDGE_TTA_ACTIVE views= 8 mean_abs_feat_delta= 0.341611
EDGE_TTA_ACTIVE views= 8 mean_abs_feat_delta= 0.36398
EDGE_TTA_ACTIVE views= 8 mean_abs_feat_delta= 0.36398
SECONDARY_EDGE_TTA_ACTIVE views= 8 weight= 0.75 mean_abs_feat_delta= 0.262185
SECONDARY_EDGE_TTA_ACTIVE views= 8 weight= 0.75 mean_abs_feat_delta= 0.262185
SECONDARY_EDGE_TTA_ACTIVE views= 8 weight= 0.75 mean_abs_feat_delta= 0.304751
BIOHUB_RETENTION_GUARD {"blended_candidates": 263, "dataset": "44b6_0b24845f", "frame": 58, "minimum_retention": 0.9, "primary_candidates": 312, "retention": 0.842948717948718, "use_primary": true}
SECONDARY_EDGE_TTA_ACTIVE views= 8 weight= 0.75 mean_abs_feat_delta= 0.304751
BIOHUB_RETENTION_GUARD {"blended_candidates": 263, "dataset": "44b6_0b24845f", "frame": 58, "minimum_retention": 0.9, "primary_candidates": 312, "retention": 0.842948717948718, "use_primary": true}
EDGE_TTA_ACTIVE views= 8 mean_abs_feat_delta= 0.346143
EDGE_TTA_ACTIVE views= 8 mean_abs_feat_delta= 0.346143
EDGE_TTA_ACTIVE views= 8 mean_abs_feat_delta= 0.366206
EDGE_TTA_ACTIVE views= 8 mean_abs_feat_delta= 0.366206
SECONDARY_EDGE_TTA_ACTIVE views= 8 weight= 0.75 mean_abs_feat_delta= 0.257653
SECONDARY_EDGE_TTA_ACTIVE views= 8 weight= 0.75 mean_abs_feat_delta= 0.257653
SECONDARY_EDGE_TTA_ACTIVE views= 8 weight= 0.75 mean_abs_feat_delta= 0.300835
BIOHUB_RETENTION_GUARD {"blended_candidates": 303, "dataset": "44b6_0b24845f", "frame": 59, "minimum_retention": 0.9, "primary_candidates": 346, "retention": 0.8757225433526011, "use_primary": true}
SECONDARY_EDGE_TTA_ACTIVE views= 8 weight= 0.75 mean_abs_feat_delta= 0.300835
BIOHUB_RETENTION_GUARD {"blended_candidates": 303, "dataset": "44b6_0b24845f", "frame": 59, "minimum_retention": 0.9, "primary_candidates": 346, "retention": 0.8757225433526011, "use_primary": true}
EDGE_TTA_ACTIVE views= 8 mean_abs_feat_delta= 0.340083
EDGE_TTA_ACTIVE views= 8 mean_abs_feat_delta= 0.340083
EDGE_TTA_ACTIVE views= 8 mean_abs_feat_delta= 0.36887
EDGE_TTA_ACTIVE views= 8 mean_abs_feat_delta= 0.36887
SECONDARY_EDGE_TTA_ACTIVE views= 8 weight= 0.75 mean_abs_feat_delta= 0.252778
SECONDARY_EDGE_TTA_ACTIVE views= 8 weight= 0.75 mean_abs_feat_delta= 0.252778
SECONDARY_EDGE_TTA_ACTIVE views= 8 weight= 0.75 mean_abs_feat_delta= 0.300158
BIOHUB_RETENTION_GUARD {"blended_candidates": 335, "dataset": "44b6_0b24845f", "frame": 60, "minimum_retention": 0.9, "primary_candidates": 393, "retention": 0.8524173027989822, "use_primary": true}
SECONDARY_EDGE_TTA_ACTIVE views= 8 weight= 0.75 mean_abs_feat_delta= 0.300158
BIOHUB_RETENTION_GUARD {"blended_candidates": 335, "dataset": "44b6_0b24845f", "frame": 60, "minimum_retention": 0.9, "primary_candidates": 393, "retention": 0.8524173027989822, "use_primary": true}
EDGE_TTA_ACTIVE views= 8 mean_abs_feat_delta= 0.339203
EDGE_TTA_ACTIVE views= 8 mean_abs_feat_delta= 0.339203
EDGE_TTA_ACTIVE views= 8 mean_abs_feat_delta= 0.365386
EDGE_TTA_ACTIVE views= 8 mean_abs_feat_delta= 0.365386
SECONDARY_EDGE_TTA_ACTIVE views= 8 weight= 0.75 mean_abs_feat_delta= 0.255196
SECONDARY_EDGE_TTA_ACTIVE views= 8 weight= 0.75 mean_abs_feat_delta= 0.255196
SECONDARY_EDGE_TTA_ACTIVE views= 8 weight= 0.75 mean_abs_feat_delta= 0.300168
BIOHUB_RETENTION_GUARD {"blended_candidates": 275, "dataset": "44b6_0b24845f", "frame": 61, "minimum_retention": 0.9, "primary_candidates": 333, "retention": 0.8258258258258259, "use_primary": true}
SECONDARY_EDGE_TTA_ACTIVE views= 8 weight= 0.75 mean_abs_feat_delta= 0.300168
BIOHUB_RETENTION_GUARD {"blended_candidates": 275, "dataset": "44b6_0b24845f", "frame": 61, "minimum_retention": 0.9, "primary_candidates": 333, "retention": 0.8258258258258259, "use_primary": true}
EDGE_TTA_ACTIVE views= 8 mean_abs_feat_delta= 0.336994
EDGE_TTA_ACTIVE views= 8 mean_abs_feat_delta= 0.336994
EDGE_TTA_ACTIVE views= 8 mean_abs_feat_delta= 0.366621
EDGE_TTA_ACTIVE views= 8 mean_abs_feat_delta= 0.366621
SECONDARY_EDGE_TTA_ACTIVE views= 8 weight= 0.75 mean_abs_feat_delta= 0.255652
SECONDARY_EDGE_TTA_ACTIVE views= 8 weight= 0.75 mean_abs_feat_delta= 0.255652
SECONDARY_EDGE_TTA_ACTIVE views= 8 weight= 0.75 mean_abs_feat_delta= 0.300845
BIOHUB_RETENTION_GUARD {"blended_candidates": 298, "dataset": "44b6_0b24845f", "frame": 62, "minimum_retention": 0.9, "primary_candidates": 345, "retention": 0.863768115942029, "use_primary": true}
SECONDARY_EDGE_TTA_ACTIVE views= 8 weight= 0.75 mean_abs_feat_delta= 0.300845
BIOHUB_RETENTION_GUARD {"blended_candidates": 298, "dataset": "44b6_0b24845f", "frame": 62, "minimum_retention": 0.9, "primary_candidates": 345, "retention": 0.863768115942029, "use_primary": true}
EDGE_TTA_ACTIVE views= 8 mean_abs_feat_delta= 0.342499
EDGE_TTA_ACTIVE views= 8 mean_abs_feat_delta= 0.342499
EDGE_TTA_ACTIVE views= 8 mean_abs_feat_delta= 0.373908
EDGE_TTA_ACTIVE views= 8 mean_abs_feat_delta= 0.373908
SECONDARY_EDGE_TTA_ACTIVE views= 8 weight= 0.75 mean_abs_feat_delta= 0.256616
SECONDARY_EDGE_TTA_ACTIVE views= 8 weight= 0.75 mean_abs_feat_delta= 0.256616
SECONDARY_EDGE_TTA_ACTIVE views= 8 weight= 0.75 mean_abs_feat_delta= 0.303221
SECONDARY_EDGE_TTA_ACTIVE views= 8 weight= 0.75 mean_abs_feat_delta= 0.303221
EDGE_TTA_ACTIVE views= 8 mean_abs_feat_delta= 0.346059
EDGE_TTA_ACTIVE views= 8 mean_abs_feat_delta= 0.346059
EDGE_TTA_ACTIVE views= 8 mean_abs_feat_delta= 0.368494
EDGE_TTA_ACTIVE views= 8 mean_abs_feat_delta= 0.368494
SECONDARY_EDGE_TTA_ACTIVE views= 8 weight= 0.75 mean_abs_feat_delta= 0.257121
SECONDARY_EDGE_TTA_ACTIVE views= 8 weight= 0.75 mean_abs_feat_delta= 0.257121
SECONDARY_EDGE_TTA_ACTIVE views= 8 weight= 0.75 mean_abs_feat_delta= 0.299317
BIOHUB_RETENTION_GUARD {"blended_candidates": 295, "dataset": "44b6_0b24845f", "frame": 64, "minimum_retention": 0.9, "primary_candidates": 344, "retention": 0.8575581395348837, "use_primary": true}
SECONDARY_EDGE_TTA_ACTIVE views= 8 weight= 0.75 mean_abs_feat_delta= 0.299317
BIOHUB_RETENTION_GUARD {"blended_candidates": 295, "dataset": "44b6_0b24845f", "frame": 64, "minimum_retention": 0.9, "primary_candidates": 344, "retention": 0.8575581395348837, "use_primary": true}
EDGE_TTA_ACTIVE views= 8 mean_abs_feat_delta= 0.346159
EDGE_TTA_ACTIVE views= 8 mean_abs_feat_delta= 0.370026
EDGE_TTA_ACTIVE views= 8 mean_abs_feat_delta= 0.346159
EDGE_TTA_ACTIVE views= 8 mean_abs_feat_delta= 0.370026
SECONDARY_EDGE_TTA_ACTIVE views= 8 weight= 0.75 mean_abs_feat_delta= 0.257896
SECONDARY_EDGE_TTA_ACTIVE views= 8 weight= 0.75 mean_abs_feat_delta= 0.299955
BIOHUB_RETENTION_GUARD {"blended_candidates": 335, "dataset": "44b6_0b24845f", "frame": 65, "minimum_retention": 0.9, "primary_candidates": 378, "retention": 0.8862433862433863, "use_primary": true}
SECONDARY_EDGE_TTA_ACTIVE views= 8 weight= 0.75 mean_abs_feat_delta= 0.257896
SECONDARY_EDGE_TTA_ACTIVE views= 8 weight= 0.75 mean_abs_feat_delta= 0.299955
BIOHUB_RETENTION_GUARD {"blended_candidates": 335, "dataset": "44b6_0b24845f", "frame": 65, "minimum_retention": 0.9, "primary_candidates": 378, "retention": 0.8862433862433863, "use_primary": true}
EDGE_TTA_ACTIVE views= 8 mean_abs_feat_delta= 0.345426
EDGE_TTA_ACTIVE views= 8 mean_abs_feat_delta= 0.369253
EDGE_TTA_ACTIVE views= 8 mean_abs_feat_delta= 0.345426
EDGE_TTA_ACTIVE views= 8 mean_abs_feat_delta= 0.369253
SECONDARY_EDGE_TTA_ACTIVE views= 8 weight= 0.75 mean_abs_feat_delta= 0.259858
SECONDARY_EDGE_TTA_ACTIVE views= 8 weight= 0.75 mean_abs_feat_delta= 0.296912
BIOHUB_RETENTION_GUARD {"blended_candidates": 324, "dataset": "44b6_0b24845f", "frame": 66, "minimum_retention": 0.9, "primary_candidates": 375, "retention": 0.864, "use_primary": true}
SECONDARY_EDGE_TTA_ACTIVE views= 8 weight= 0.75 mean_abs_feat_delta= 0.259858
SECONDARY_EDGE_TTA_ACTIVE views= 8 weight= 0.75 mean_abs_feat_delta= 0.296912
BIOHUB_RETENTION_GUARD {"blended_candidates": 324, "dataset": "44b6_0b24845f", "frame": 66, "minimum_retention": 0.9, "primary_candidates": 375, "retention": 0.864, "use_primary": true}
EDGE_TTA_ACTIVE views= 8 mean_abs_feat_delta= 0.344989
EDGE_TTA_ACTIVE views= 8 mean_abs_feat_delta= 0.365768
EDGE_TTA_ACTIVE views= 8 mean_abs_feat_delta= 0.344989
EDGE_TTA_ACTIVE views= 8 mean_abs_feat_delta= 0.365768
SECONDARY_EDGE_TTA_ACTIVE views= 8 weight= 0.75 mean_abs_feat_delta= 0.25507
SECONDARY_EDGE_TTA_ACTIVE views= 8 weight= 0.75 mean_abs_feat_delta= 0.291366
SECONDARY_EDGE_TTA_ACTIVE views= 8 weight= 0.75 mean_abs_feat_delta= 0.25507
SECONDARY_EDGE_TTA_ACTIVE views= 8 weight= 0.75 mean_abs_feat_delta= 0.291366
EDGE_TTA_ACTIVE views= 8 mean_abs_feat_delta= 0.343404
EDGE_TTA_ACTIVE views= 8 mean_abs_feat_delta= 0.365075
EDGE_TTA_ACTIVE views= 8 mean_abs_feat_delta= 0.343404
EDGE_TTA_ACTIVE views= 8 mean_abs_feat_delta= 0.365075
SECONDARY_EDGE_TTA_ACTIVE views= 8 weight= 0.75 mean_abs_feat_delta= 0.293296
SECONDARY_EDGE_TTA_ACTIVE views= 8 weight= 0.75 mean_abs_feat_delta= 0.262098
SECONDARY_EDGE_TTA_ACTIVE views= 8 weight= 0.75 mean_abs_feat_delta= 0.293296
SECONDARY_EDGE_TTA_ACTIVE views= 8 weight= 0.75 mean_abs_feat_delta= 0.262098
EDGE_TTA_ACTIVE views= 8 mean_abs_feat_delta= 0.341221
EDGE_TTA_ACTIVE views= 8 mean_abs_feat_delta= 0.366016
EDGE_TTA_ACTIVE views= 8 mean_abs_feat_delta= 0.341221
EDGE_TTA_ACTIVE views= 8 mean_abs_feat_delta= 0.366016
SECONDARY_EDGE_TTA_ACTIVE views= 8 weight= 0.75 mean_abs_feat_delta= 0.301719
SECONDARY_EDGE_TTA_ACTIVE views= 8 weight= 0.75 mean_abs_feat_delta= 0.262847
SECONDARY_EDGE_TTA_ACTIVE views= 8 weight= 0.75 mean_abs_feat_delta= 0.301719
SECONDARY_EDGE_TTA_ACTIVE views= 8 weight= 0.75 mean_abs_feat_delta= 0.262847
EDGE_TTA_ACTIVE views= 8 mean_abs_feat_delta= 0.343003
EDGE_TTA_ACTIVE views= 8 mean_abs_feat_delta= 0.365231
EDGE_TTA_ACTIVE views= 8 mean_abs_feat_delta= 0.343003
EDGE_TTA_ACTIVE views= 8 mean_abs_feat_delta= 0.365231
SECONDARY_EDGE_TTA_ACTIVE views= 8 weight= 0.75 mean_abs_feat_delta= 0.301488
BIOHUB_RETENTION_GUARD {"blended_candidates": 260, "dataset": "44b6_0b24845f", "frame": 70, "minimum_retention": 0.9, "primary_candidates": 305, "retention": 0.8524590163934426, "use_primary": true}
SECONDARY_EDGE_TTA_ACTIVE views= 8 weight= 0.75 mean_abs_feat_delta= 0.261047
SECONDARY_EDGE_TTA_ACTIVE views= 8 weight= 0.75 mean_abs_feat_delta= 0.301488
BIOHUB_RETENTION_GUARD {"blended_candidates": 260, "dataset": "44b6_0b24845f", "frame": 70, "minimum_retention": 0.9, "primary_candidates": 305, "retention": 0.8524590163934426, "use_primary": true}
SECONDARY_EDGE_TTA_ACTIVE views= 8 weight= 0.75 mean_abs_feat_delta= 0.261047
EDGE_TTA_ACTIVE views= 8 mean_abs_feat_delta= 0.36009
EDGE_TTA_ACTIVE views= 8 mean_abs_feat_delta= 0.343125
EDGE_TTA_ACTIVE views= 8 mean_abs_feat_delta= 0.36009
EDGE_TTA_ACTIVE views= 8 mean_abs_feat_delta= 0.343125
SECONDARY_EDGE_TTA_ACTIVE views= 8 weight= 0.75 mean_abs_feat_delta= 0.299423
SECONDARY_EDGE_TTA_ACTIVE views= 8 weight= 0.75 mean_abs_feat_delta= 0.257455
SECONDARY_EDGE_TTA_ACTIVE views= 8 weight= 0.75 mean_abs_feat_delta= 0.299423
SECONDARY_EDGE_TTA_ACTIVE views= 8 weight= 0.75 mean_abs_feat_delta= 0.257455
EDGE_TTA_ACTIVE views= 8 mean_abs_feat_delta= 0.360462
EDGE_TTA_ACTIVE views= 8 mean_abs_feat_delta= 0.337095
EDGE_TTA_ACTIVE views= 8 mean_abs_feat_delta= 0.360462
EDGE_TTA_ACTIVE views= 8 mean_abs_feat_delta= 0.337095
SECONDARY_EDGE_TTA_ACTIVE views= 8 weight= 0.75 mean_abs_feat_delta= 0.301712
SECONDARY_EDGE_TTA_ACTIVE views= 8 weight= 0.75 mean_abs_feat_delta= 0.254838
SECONDARY_EDGE_TTA_ACTIVE views= 8 weight= 0.75 mean_abs_feat_delta= 0.301712
SECONDARY_EDGE_TTA_ACTIVE views= 8 weight= 0.75 mean_abs_feat_delta= 0.254838
EDGE_TTA_ACTIVE views= 8 mean_abs_feat_delta= 0.359757
EDGE_TTA_ACTIVE views= 8 mean_abs_feat_delta= 0.337123
EDGE_TTA_ACTIVE views= 8 mean_abs_feat_delta= 0.359757
EDGE_TTA_ACTIVE views= 8 mean_abs_feat_delta= 0.337123
SECONDARY_EDGE_TTA_ACTIVE views= 8 weight= 0.75 mean_abs_feat_delta= 0.305584
BIOHUB_RETENTION_GUARD {"blended_candidates": 197, "dataset": "44b6_0b24845f", "frame": 73, "minimum_retention": 0.9, "primary_candidates": 262, "retention": 0.7519083969465649, "use_primary": true}
SECONDARY_EDGE_TTA_ACTIVE views= 8 weight= 0.75 mean_abs_feat_delta= 0.260524
SECONDARY_EDGE_TTA_ACTIVE views= 8 weight= 0.75 mean_abs_feat_delta= 0.305584
BIOHUB_RETENTION_GUARD {"blended_candidates": 197, "dataset": "44b6_0b24845f", "frame": 73, "minimum_retention": 0.9, "primary_candidates": 262, "retention": 0.7519083969465649, "use_primary": true}
SECONDARY_EDGE_TTA_ACTIVE views= 8 weight= 0.75 mean_abs_feat_delta= 0.260524
EDGE_TTA_ACTIVE views= 8 mean_abs_feat_delta= 0.368022
EDGE_TTA_ACTIVE views= 8 mean_abs_feat_delta= 0.338112
EDGE_TTA_ACTIVE views= 8 mean_abs_feat_delta= 0.368022
EDGE_TTA_ACTIVE views= 8 mean_abs_feat_delta= 0.338112
SECONDARY_EDGE_TTA_ACTIVE views= 8 weight= 0.75 mean_abs_feat_delta= 0.304789
BIOHUB_RETENTION_GUARD {"blended_candidates": 224, "dataset": "44b6_0b24845f", "frame": 74, "minimum_retention": 0.9, "primary_candidates": 291, "retention": 0.7697594501718213, "use_primary": true}
SECONDARY_EDGE_TTA_ACTIVE views= 8 weight= 0.75 mean_abs_feat_delta= 0.304789
BIOHUB_RETENTION_GUARD {"blended_candidates": 224, "dataset": "44b6_0b24845f", "frame": 74, "minimum_retention": 0.9, "primary_candidates": 291, "retention": 0.7697594501718213, "use_primary": true}
SECONDARY_EDGE_TTA_ACTIVE views= 8 weight= 0.75 mean_abs_feat_delta= 0.262847
SECONDARY_EDGE_TTA_ACTIVE views= 8 weight= 0.75 mean_abs_feat_delta= 0.262847
EDGE_TTA_ACTIVE views= 8 mean_abs_feat_delta= 0.358754
EDGE_TTA_ACTIVE views= 8 mean_abs_feat_delta= 0.358754
EDGE_TTA_ACTIVE views= 8 mean_abs_feat_delta= 0.338704
EDGE_TTA_ACTIVE views= 8 mean_abs_feat_delta= 0.338704
SECONDARY_EDGE_TTA_ACTIVE views= 8 weight= 0.75 mean_abs_feat_delta= 0.299735
BIOHUB_RETENTION_GUARD {"blended_candidates": 325, "dataset": "44b6_0b24845f", "frame": 75, "minimum_retention": 0.9, "primary_candidates": 374, "retention": 0.8689839572192514, "use_primary": true}
SECONDARY_EDGE_TTA_ACTIVE views= 8 weight= 0.75 mean_abs_feat_delta= 0.299735
BIOHUB_RETENTION_GUARD {"blended_candidates": 325, "dataset": "44b6_0b24845f", "frame": 75, "minimum_retention": 0.9, "primary_candidates": 374, "retention": 0.8689839572192514, "use_primary": true}
SECONDARY_EDGE_TTA_ACTIVE views= 8 weight= 0.75 mean_abs_feat_delta= 0.260131
SECONDARY_EDGE_TTA_ACTIVE views= 8 weight= 0.75 mean_abs_feat_delta= 0.260131
EDGE_TTA_ACTIVE views= 8 mean_abs_feat_delta= 0.358919
EDGE_TTA_ACTIVE views= 8 mean_abs_feat_delta= 0.358919
EDGE_TTA_ACTIVE views= 8 mean_abs_feat_delta= 0.340176
EDGE_TTA_ACTIVE views= 8 mean_abs_feat_delta= 0.340176
SECONDARY_EDGE_TTA_ACTIVE views= 8 weight= 0.75 mean_abs_feat_delta= 0.295727
BIOHUB_RETENTION_GUARD {"blended_candidates": 321, "dataset": "44b6_0b24845f", "frame": 76, "minimum_retention": 0.9, "primary_candidates": 379, "retention": 0.8469656992084432, "use_primary": true}
SECONDARY_EDGE_TTA_ACTIVE views= 8 weight= 0.75 mean_abs_feat_delta= 0.295727
BIOHUB_RETENTION_GUARD {"blended_candidates": 321, "dataset": "44b6_0b24845f", "frame": 76, "minimum_retention": 0.9, "primary_candidates": 379, "retention": 0.8469656992084432, "use_primary": true}
SECONDARY_EDGE_TTA_ACTIVE views= 8 weight= 0.75 mean_abs_feat_delta= 0.256523
SECONDARY_EDGE_TTA_ACTIVE views= 8 weight= 0.75 mean_abs_feat_delta= 0.256523
EDGE_TTA_ACTIVE views= 8 mean_abs_feat_delta= 0.361097
EDGE_TTA_ACTIVE views= 8 mean_abs_feat_delta= 0.361097
EDGE_TTA_ACTIVE views= 8 mean_abs_feat_delta= 0.346094
EDGE_TTA_ACTIVE views= 8 mean_abs_feat_delta= 0.346094
SECONDARY_EDGE_TTA_ACTIVE views= 8 weight= 0.75 mean_abs_feat_delta= 0.301815
BIOHUB_RETENTION_GUARD {"blended_candidates": 243, "dataset": "44b6_0b24845f", "frame": 77, "minimum_retention": 0.9, "primary_candidates": 331, "retention": 0.7341389728096677, "use_primary": true}
SECONDARY_EDGE_TTA_ACTIVE views= 8 weight= 0.75 mean_abs_feat_delta= 0.301815
BIOHUB_RETENTION_GUARD {"blended_candidates": 243, "dataset": "44b6_0b24845f", "frame": 77, "minimum_retention": 0.9, "primary_candidates": 331, "retention": 0.7341389728096677, "use_primary": true}
SECONDARY_EDGE_TTA_ACTIVE views= 8 weight= 0.75 mean_abs_feat_delta= 0.265074
SECONDARY_EDGE_TTA_ACTIVE views= 8 weight= 0.75 mean_abs_feat_delta= 0.265074
EDGE_TTA_ACTIVE views= 8 mean_abs_feat_delta= 0.36529
EDGE_TTA_ACTIVE views= 8 mean_abs_feat_delta= 0.36529
EDGE_TTA_ACTIVE views= 8 mean_abs_feat_delta= 0.348292
EDGE_TTA_ACTIVE views= 8 mean_abs_feat_delta= 0.348292
SECONDARY_EDGE_TTA_ACTIVE views= 8 weight= 0.75 mean_abs_feat_delta= 0.305391
BIOHUB_RETENTION_GUARD {"blended_candidates": 284, "dataset": "44b6_0b24845f", "frame": 78, "minimum_retention": 0.9, "primary_candidates": 392, "retention": 0.7244897959183674, "use_primary": true}
SECONDARY_EDGE_TTA_ACTIVE views= 8 weight= 0.75 mean_abs_feat_delta= 0.305391
BIOHUB_RETENTION_GUARD {"blended_candidates": 284, "dataset": "44b6_0b24845f", "frame": 78, "minimum_retention": 0.9, "primary_candidates": 392, "retention": 0.7244897959183674, "use_primary": true}
SECONDARY_EDGE_TTA_ACTIVE views= 8 weight= 0.75 mean_abs_feat_delta= 0.26712
SECONDARY_EDGE_TTA_ACTIVE views= 8 weight= 0.75 mean_abs_feat_delta= 0.26712
EDGE_TTA_ACTIVE views= 8 mean_abs_feat_delta= 0.365892
EDGE_TTA_ACTIVE views= 8 mean_abs_feat_delta= 0.365892
EDGE_TTA_ACTIVE views= 8 mean_abs_feat_delta= 0.344312
EDGE_TTA_ACTIVE views= 8 mean_abs_feat_delta= 0.344312
SECONDARY_EDGE_TTA_ACTIVE views= 8 weight= 0.75 mean_abs_feat_delta= 0.302826
BIOHUB_RETENTION_GUARD {"blended_candidates": 298, "dataset": "44b6_0b24845f", "frame": 79, "minimum_retention": 0.9, "primary_candidates": 424, "retention": 0.7028301886792453, "use_primary": true}
SECONDARY_EDGE_TTA_ACTIVE views= 8 weight= 0.75 mean_abs_feat_delta= 0.302826
BIOHUB_RETENTION_GUARD {"blended_candidates": 298, "dataset": "44b6_0b24845f", "frame": 79, "minimum_retention": 0.9, "primary_candidates": 424, "retention": 0.7028301886792453, "use_primary": true}
SECONDARY_EDGE_TTA_ACTIVE views= 8 weight= 0.75 mean_abs_feat_delta= 0.263739
SECONDARY_EDGE_TTA_ACTIVE views= 8 weight= 0.75 mean_abs_feat_delta= 0.263739
EDGE_TTA_ACTIVE views= 8 mean_abs_feat_delta= 0.365633
EDGE_TTA_ACTIVE views= 8 mean_abs_feat_delta= 0.365633
EDGE_TTA_ACTIVE views= 8 mean_abs_feat_delta= 0.341477
EDGE_TTA_ACTIVE views= 8 mean_abs_feat_delta= 0.341477
SECONDARY_EDGE_TTA_ACTIVE views= 8 weight= 0.75 mean_abs_feat_delta= 0.303473
BIOHUB_RETENTION_GUARD {"blended_candidates": 291, "dataset": "44b6_0b24845f", "frame": 80, "minimum_retention": 0.9, "primary_candidates": 388, "retention": 0.75, "use_primary": true}
SECONDARY_EDGE_TTA_ACTIVE views= 8 weight= 0.75 mean_abs_feat_delta= 0.303473
BIOHUB_RETENTION_GUARD {"blended_candidates": 291, "dataset": "44b6_0b24845f", "frame": 80, "minimum_retention": 0.9, "primary_candidates": 388, "retention": 0.75, "use_primary": true}
SECONDARY_EDGE_TTA_ACTIVE views= 8 weight= 0.75 mean_abs_feat_delta= 0.262727
SECONDARY_EDGE_TTA_ACTIVE views= 8 weight= 0.75 mean_abs_feat_delta= 0.262727
EDGE_TTA_ACTIVE views= 8 mean_abs_feat_delta= 0.369442
EDGE_TTA_ACTIVE views= 8 mean_abs_feat_delta= 0.369442
EDGE_TTA_ACTIVE views= 8 mean_abs_feat_delta= 0.34091
EDGE_TTA_ACTIVE views= 8 mean_abs_feat_delta= 0.34091
SECONDARY_EDGE_TTA_ACTIVE views= 8 weight= 0.75 mean_abs_feat_delta= 0.308215
BIOHUB_RETENTION_GUARD {"blended_candidates": 294, "dataset": "44b6_0b24845f", "frame": 81, "minimum_retention": 0.9, "primary_candidates": 382, "retention": 0.7696335078534031, "use_primary": true}
SECONDARY_EDGE_TTA_ACTIVE views= 8 weight= 0.75 mean_abs_feat_delta= 0.308215
BIOHUB_RETENTION_GUARD {"blended_candidates": 294, "dataset": "44b6_0b24845f", "frame": 81, "minimum_retention": 0.9, "primary_candidates": 382, "retention": 0.7696335078534031, "use_primary": true}
SECONDARY_EDGE_TTA_ACTIVE views= 8 weight= 0.75 mean_abs_feat_delta= 0.256411
SECONDARY_EDGE_TTA_ACTIVE views= 8 weight= 0.75 mean_abs_feat_delta= 0.256411
EDGE_TTA_ACTIVE views= 8 mean_abs_feat_delta= 0.373979
EDGE_TTA_ACTIVE views= 8 mean_abs_feat_delta= 0.373979
EDGE_TTA_ACTIVE views= 8 mean_abs_feat_delta= 0.337156
EDGE_TTA_ACTIVE views= 8 mean_abs_feat_delta= 0.337156
SECONDARY_EDGE_TTA_ACTIVE views= 8 weight= 0.75 mean_abs_feat_delta= 0.312577
BIOHUB_RETENTION_GUARD {"blended_candidates": 277, "dataset": "44b6_0b24845f", "frame": 82, "minimum_retention": 0.9, "primary_candidates": 385, "retention": 0.7194805194805195, "use_primary": true}
SECONDARY_EDGE_TTA_ACTIVE views= 8 weight= 0.75 mean_abs_feat_delta= 0.312577
BIOHUB_RETENTION_GUARD {"blended_candidates": 277, "dataset": "44b6_0b24845f", "frame": 82, "minimum_retention": 0.9, "primary_candidates": 385, "retention": 0.7194805194805195, "use_primary": true}
SECONDARY_EDGE_TTA_ACTIVE views= 8 weight= 0.75 mean_abs_feat_delta= 0.260031
SECONDARY_EDGE_TTA_ACTIVE views= 8 weight= 0.75 mean_abs_feat_delta= 0.260031
EDGE_TTA_ACTIVE views= 8 mean_abs_feat_delta= 0.365009
EDGE_TTA_ACTIVE views= 8 mean_abs_feat_delta= 0.365009
EDGE_TTA_ACTIVE views= 8 mean_abs_feat_delta= 0.339841
EDGE_TTA_ACTIVE views= 8 mean_abs_feat_delta= 0.339841
SECONDARY_EDGE_TTA_ACTIVE views= 8 weight= 0.75 mean_abs_feat_delta= 0.311063
BIOHUB_RETENTION_GUARD {"blended_candidates": 268, "dataset": "44b6_0b24845f", "frame": 83, "minimum_retention": 0.9, "primary_candidates": 379, "retention": 0.7071240105540897, "use_primary": true}
SECONDARY_EDGE_TTA_ACTIVE views= 8 weight= 0.75 mean_abs_feat_delta= 0.311063
BIOHUB_RETENTION_GUARD {"blended_candidates": 268, "dataset": "44b6_0b24845f", "frame": 83, "minimum_retention": 0.9, "primary_candidates": 379, "retention": 0.7071240105540897, "use_primary": true}
SECONDARY_EDGE_TTA_ACTIVE views= 8 weight= 0.75 mean_abs_feat_delta= 0.262153
SECONDARY_EDGE_TTA_ACTIVE views= 8 weight= 0.75 mean_abs_feat_delta= 0.262153
EDGE_TTA_ACTIVE views= 8 mean_abs_feat_delta= 0.36654
EDGE_TTA_ACTIVE views= 8 mean_abs_feat_delta= 0.36654
EDGE_TTA_ACTIVE views= 8 mean_abs_feat_delta= 0.34054
EDGE_TTA_ACTIVE views= 8 mean_abs_feat_delta= 0.34054
SECONDARY_EDGE_TTA_ACTIVE views= 8 weight= 0.75 mean_abs_feat_delta= 0.311139
BIOHUB_RETENTION_GUARD {"blended_candidates": 287, "dataset": "44b6_0b24845f", "frame": 84, "minimum_retention": 0.9, "primary_candidates": 361, "retention": 0.7950138504155124, "use_primary": true}
SECONDARY_EDGE_TTA_ACTIVE views= 8 weight= 0.75 mean_abs_feat_delta= 0.311139
BIOHUB_RETENTION_GUARD {"blended_candidates": 287, "dataset": "44b6_0b24845f", "frame": 84, "minimum_retention": 0.9, "primary_candidates": 361, "retention": 0.7950138504155124, "use_primary": true}
SECONDARY_EDGE_TTA_ACTIVE views= 8 weight= 0.75 mean_abs_feat_delta= 0.258925
SECONDARY_EDGE_TTA_ACTIVE views= 8 weight= 0.75 mean_abs_feat_delta= 0.258925
EDGE_TTA_ACTIVE views= 8 mean_abs_feat_delta= 0.364996
EDGE_TTA_ACTIVE views= 8 mean_abs_feat_delta= 0.364996
EDGE_TTA_ACTIVE views= 8 mean_abs_feat_delta= 0.345761
EDGE_TTA_ACTIVE views= 8 mean_abs_feat_delta= 0.345761
SECONDARY_EDGE_TTA_ACTIVE views= 8 weight= 0.75 mean_abs_feat_delta= 0.312248
BIOHUB_RETENTION_GUARD {"blended_candidates": 198, "dataset": "44b6_0b24845f", "frame": 85, "minimum_retention": 0.9, "primary_candidates": 294, "retention": 0.673469387755102, "use_primary": true}
SECONDARY_EDGE_TTA_ACTIVE views= 8 weight= 0.75 mean_abs_feat_delta= 0.312248
BIOHUB_RETENTION_GUARD {"blended_candidates": 198, "dataset": "44b6_0b24845f", "frame": 85, "minimum_retention": 0.9, "primary_candidates": 294, "retention": 0.673469387755102, "use_primary": true}
SECONDARY_EDGE_TTA_ACTIVE views= 8 weight= 0.75 mean_abs_feat_delta= 0.260799
SECONDARY_EDGE_TTA_ACTIVE views= 8 weight= 0.75 mean_abs_feat_delta= 0.260799
EDGE_TTA_ACTIVE views= 8 mean_abs_feat_delta= 0.364819
EDGE_TTA_ACTIVE views= 8 mean_abs_feat_delta= 0.364819
EDGE_TTA_ACTIVE views= 8 mean_abs_feat_delta= 0.34535
EDGE_TTA_ACTIVE views= 8 mean_abs_feat_delta= 0.34535
SECONDARY_EDGE_TTA_ACTIVE views= 8 weight= 0.75 mean_abs_feat_delta= 0.317294
BIOHUB_RETENTION_GUARD {"blended_candidates": 169, "dataset": "44b6_0b24845f", "frame": 86, "minimum_retention": 0.9, "primary_candidates": 282, "retention": 0.599290780141844, "use_primary": true}
SECONDARY_EDGE_TTA_ACTIVE views= 8 weight= 0.75 mean_abs_feat_delta= 0.317294
BIOHUB_RETENTION_GUARD {"blended_candidates": 169, "dataset": "44b6_0b24845f", "frame": 86, "minimum_retention": 0.9, "primary_candidates": 282, "retention": 0.599290780141844, "use_primary": true}
SECONDARY_EDGE_TTA_ACTIVE views= 8 weight= 0.75 mean_abs_feat_delta= 0.261693
SECONDARY_EDGE_TTA_ACTIVE views= 8 weight= 0.75 mean_abs_feat_delta= 0.261693
EDGE_TTA_ACTIVE views= 8 mean_abs_feat_delta= 0.360555
EDGE_TTA_ACTIVE views= 8 mean_abs_feat_delta= 0.360555
EDGE_TTA_ACTIVE views= 8 mean_abs_feat_delta= 0.345018
EDGE_TTA_ACTIVE views= 8 mean_abs_feat_delta= 0.345018
SECONDARY_EDGE_TTA_ACTIVE views= 8 weight= 0.75 mean_abs_feat_delta= 0.318325
BIOHUB_RETENTION_GUARD {"blended_candidates": 232, "dataset": "44b6_0b24845f", "frame": 87, "minimum_retention": 0.9, "primary_candidates": 323, "retention": 0.718266253869969, "use_primary": true}
SECONDARY_EDGE_TTA_ACTIVE views= 8 weight= 0.75 mean_abs_feat_delta= 0.318325
BIOHUB_RETENTION_GUARD {"blended_candidates": 232, "dataset": "44b6_0b24845f", "frame": 87, "minimum_retention": 0.9, "primary_candidates": 323, "retention": 0.718266253869969, "use_primary": true}
SECONDARY_EDGE_TTA_ACTIVE views= 8 weight= 0.75 mean_abs_feat_delta= 0.264586
SECONDARY_EDGE_TTA_ACTIVE views= 8 weight= 0.75 mean_abs_feat_delta= 0.264586
EDGE_TTA_ACTIVE views= 8 mean_abs_feat_delta= 0.367991
EDGE_TTA_ACTIVE views= 8 mean_abs_feat_delta= 0.367991
EDGE_TTA_ACTIVE views= 8 mean_abs_feat_delta= 0.339492
EDGE_TTA_ACTIVE views= 8 mean_abs_feat_delta= 0.339492
SECONDARY_EDGE_TTA_ACTIVE views= 8 weight= 0.75 mean_abs_feat_delta= 0.319785
BIOHUB_RETENTION_GUARD {"blended_candidates": 287, "dataset": "44b6_0b24845f", "frame": 88, "minimum_retention": 0.9, "primary_candidates": 363, "retention": 0.790633608815427, "use_primary": true}
SECONDARY_EDGE_TTA_ACTIVE views= 8 weight= 0.75 mean_abs_feat_delta= 0.319785
BIOHUB_RETENTION_GUARD {"blended_candidates": 287, "dataset": "44b6_0b24845f", "frame": 88, "minimum_retention": 0.9, "primary_candidates": 363, "retention": 0.790633608815427, "use_primary": true}
SECONDARY_EDGE_TTA_ACTIVE views= 8 weight= 0.75 mean_abs_feat_delta= 0.262994
SECONDARY_EDGE_TTA_ACTIVE views= 8 weight= 0.75 mean_abs_feat_delta= 0.262994
EDGE_TTA_ACTIVE views= 8 mean_abs_feat_delta= 0.374613
EDGE_TTA_ACTIVE views= 8 mean_abs_feat_delta= 0.374613
EDGE_TTA_ACTIVE views= 8 mean_abs_feat_delta= 0.333718
EDGE_TTA_ACTIVE views= 8 mean_abs_feat_delta= 0.333718
SECONDARY_EDGE_TTA_ACTIVE views= 8 weight= 0.75 mean_abs_feat_delta= 0.325312
BIOHUB_RETENTION_GUARD {"blended_candidates": 219, "dataset": "44b6_0b24845f", "frame": 89, "minimum_retention": 0.9, "primary_candidates": 322, "retention": 0.6801242236024845, "use_primary": true}
SECONDARY_EDGE_TTA_ACTIVE views= 8 weight= 0.75 mean_abs_feat_delta= 0.325312
BIOHUB_RETENTION_GUARD {"blended_candidates": 219, "dataset": "44b6_0b24845f", "frame": 89, "minimum_retention": 0.9, "primary_candidates": 322, "retention": 0.6801242236024845, "use_primary": true}
SECONDARY_EDGE_TTA_ACTIVE views= 8 weight= 0.75 mean_abs_feat_delta= 0.257147
SECONDARY_EDGE_TTA_ACTIVE views= 8 weight= 0.75 mean_abs_feat_delta= 0.257147
EDGE_TTA_ACTIVE views= 8 mean_abs_feat_delta= 0.362102
EDGE_TTA_ACTIVE views= 8 mean_abs_feat_delta= 0.362102
EDGE_TTA_ACTIVE views= 8 mean_abs_feat_delta= 0.334199
EDGE_TTA_ACTIVE views= 8 mean_abs_feat_delta= 0.334199
SECONDARY_EDGE_TTA_ACTIVE views= 8 weight= 0.75 mean_abs_feat_delta= 0.321967
BIOHUB_RETENTION_GUARD {"blended_candidates": 175, "dataset": "44b6_0b24845f", "frame": 90, "minimum_retention": 0.9, "primary_candidates": 269, "retention": 0.6505576208178439, "use_primary": true}
SECONDARY_EDGE_TTA_ACTIVE views= 8 weight= 0.75 mean_abs_feat_delta= 0.321967
BIOHUB_RETENTION_GUARD {"blended_candidates": 175, "dataset": "44b6_0b24845f", "frame": 90, "minimum_retention": 0.9, "primary_candidates": 269, "retention": 0.6505576208178439, "use_primary": true}
SECONDARY_EDGE_TTA_ACTIVE views= 8 weight= 0.75 mean_abs_feat_delta= 0.259374
SECONDARY_EDGE_TTA_ACTIVE views= 8 weight= 0.75 mean_abs_feat_delta= 0.259374
EDGE_TTA_ACTIVE views= 8 mean_abs_feat_delta= 0.362535
EDGE_TTA_ACTIVE views= 8 mean_abs_feat_delta= 0.362535
EDGE_TTA_ACTIVE views= 8 mean_abs_feat_delta= 0.338008
EDGE_TTA_ACTIVE views= 8 mean_abs_feat_delta= 0.338008
SECONDARY_EDGE_TTA_ACTIVE views= 8 weight= 0.75 mean_abs_feat_delta= 0.320952
BIOHUB_RETENTION_GUARD {"blended_candidates": 136, "dataset": "44b6_0b24845f", "frame": 91, "minimum_retention": 0.9, "primary_candidates": 237, "retention": 0.5738396624472574, "use_primary": true}
SECONDARY_EDGE_TTA_ACTIVE views= 8 weight= 0.75 mean_abs_feat_delta= 0.320952
BIOHUB_RETENTION_GUARD {"blended_candidates": 136, "dataset": "44b6_0b24845f", "frame": 91, "minimum_retention": 0.9, "primary_candidates": 237, "retention": 0.5738396624472574, "use_primary": true}
SECONDARY_EDGE_TTA_ACTIVE views= 8 weight= 0.75 mean_abs_feat_delta= 0.257413
SECONDARY_EDGE_TTA_ACTIVE views= 8 weight= 0.75 mean_abs_feat_delta= 0.257413
EDGE_TTA_ACTIVE views= 8 mean_abs_feat_delta= 0.36442
EDGE_TTA_ACTIVE views= 8 mean_abs_feat_delta= 0.36442
EDGE_TTA_ACTIVE views= 8 mean_abs_feat_delta= 0.338144
EDGE_TTA_ACTIVE views= 8 mean_abs_feat_delta= 0.338144
SECONDARY_EDGE_TTA_ACTIVE views= 8 weight= 0.75 mean_abs_feat_delta= 0.322162
BIOHUB_RETENTION_GUARD {"blended_candidates": 151, "dataset": "44b6_0b24845f", "frame": 92, "minimum_retention": 0.9, "primary_candidates": 286, "retention": 0.527972027972028, "use_primary": true}
SECONDARY_EDGE_TTA_ACTIVE views= 8 weight= 0.75 mean_abs_feat_delta= 0.322162
BIOHUB_RETENTION_GUARD {"blended_candidates": 151, "dataset": "44b6_0b24845f", "frame": 92, "minimum_retention": 0.9, "primary_candidates": 286, "retention": 0.527972027972028, "use_primary": true}
SECONDARY_EDGE_TTA_ACTIVE views= 8 weight= 0.75 mean_abs_feat_delta= 0.257555
SECONDARY_EDGE_TTA_ACTIVE views= 8 weight= 0.75 mean_abs_feat_delta= 0.257555
EDGE_TTA_ACTIVE views= 8 mean_abs_feat_delta= 0.357811
EDGE_TTA_ACTIVE views= 8 mean_abs_feat_delta= 0.357811
EDGE_TTA_ACTIVE views= 8 mean_abs_feat_delta= 0.336404
SECONDARY_EDGE_TTA_ACTIVE views= 8 weight= 0.75 mean_abs_feat_delta= 0.314236
BIOHUB_RETENTION_GUARD {"blended_candidates": 133, "dataset": "44b6_0b24845f", "frame": 93, "minimum_retention": 0.9, "primary_candidates": 253, "retention": 0.525691699604743, "use_primary": true}
EDGE_TTA_ACTIVE views= 8 mean_abs_feat_delta= 0.336404
SECONDARY_EDGE_TTA_ACTIVE views= 8 weight= 0.75 mean_abs_feat_delta= 0.314236
BIOHUB_RETENTION_GUARD {"blended_candidates": 133, "dataset": "44b6_0b24845f", "frame": 93, "minimum_retention": 0.9, "primary_candidates": 253, "retention": 0.525691699604743, "use_primary": true}
SECONDARY_EDGE_TTA_ACTIVE views= 8 weight= 0.75 mean_abs_feat_delta= 0.253368
SECONDARY_EDGE_TTA_ACTIVE views= 8 weight= 0.75 mean_abs_feat_delta= 0.253368
EDGE_TTA_ACTIVE views= 8 mean_abs_feat_delta= 0.3551
EDGE_TTA_ACTIVE views= 8 mean_abs_feat_delta= 0.3551
EDGE_TTA_ACTIVE views= 8 mean_abs_feat_delta= 0.336923
SECONDARY_EDGE_TTA_ACTIVE views= 8 weight= 0.75 mean_abs_feat_delta= 0.314665
BIOHUB_RETENTION_GUARD {"blended_candidates": 168, "dataset": "44b6_0b24845f", "frame": 94, "minimum_retention": 0.9, "primary_candidates": 290, "retention": 0.5793103448275863, "use_primary": true}
EDGE_TTA_ACTIVE views= 8 mean_abs_feat_delta= 0.336923
SECONDARY_EDGE_TTA_ACTIVE views= 8 weight= 0.75 mean_abs_feat_delta= 0.314665
BIOHUB_RETENTION_GUARD {"blended_candidates": 168, "dataset": "44b6_0b24845f", "frame": 94, "minimum_retention": 0.9, "primary_candidates": 290, "retention": 0.5793103448275863, "use_primary": true}
SECONDARY_EDGE_TTA_ACTIVE views= 8 weight= 0.75 mean_abs_feat_delta= 0.253968
SECONDARY_EDGE_TTA_ACTIVE views= 8 weight= 0.75 mean_abs_feat_delta= 0.253968
EDGE_TTA_ACTIVE views= 8 mean_abs_feat_delta= 0.362482
EDGE_TTA_ACTIVE views= 8 mean_abs_feat_delta= 0.362482
EDGE_TTA_ACTIVE views= 8 mean_abs_feat_delta= 0.340204
SECONDARY_EDGE_TTA_ACTIVE views= 8 weight= 0.75 mean_abs_feat_delta= 0.321701
BIOHUB_RETENTION_GUARD {"blended_candidates": 140, "dataset": "44b6_0b24845f", "frame": 95, "minimum_retention": 0.9, "primary_candidates": 309, "retention": 0.45307443365695793, "use_primary": true}
EDGE_TTA_ACTIVE views= 8 mean_abs_feat_delta= 0.340204
SECONDARY_EDGE_TTA_ACTIVE views= 8 weight= 0.75 mean_abs_feat_delta= 0.321701
BIOHUB_RETENTION_GUARD {"blended_candidates": 140, "dataset": "44b6_0b24845f", "frame": 95, "minimum_retention": 0.9, "primary_candidates": 309, "retention": 0.45307443365695793, "use_primary": true}
SECONDARY_EDGE_TTA_ACTIVE views= 8 weight= 0.75 mean_abs_feat_delta= 0.25869
SECONDARY_EDGE_TTA_ACTIVE views= 8 weight= 0.75 mean_abs_feat_delta= 0.25869
EDGE_TTA_ACTIVE views= 8 mean_abs_feat_delta= 0.358614
EDGE_TTA_ACTIVE views= 8 mean_abs_feat_delta= 0.358614
EDGE_TTA_ACTIVE views= 8 mean_abs_feat_delta= 0.343273
SECONDARY_EDGE_TTA_ACTIVE views= 8 weight= 0.75 mean_abs_feat_delta= 0.325788
BIOHUB_RETENTION_GUARD {"blended_candidates": 124, "dataset": "44b6_0b24845f", "frame": 96, "minimum_retention": 0.9, "primary_candidates": 273, "retention": 0.4542124542124542, "use_primary": true}
EDGE_TTA_ACTIVE views= 8 mean_abs_feat_delta= 0.343273
SECONDARY_EDGE_TTA_ACTIVE views= 8 weight= 0.75 mean_abs_feat_delta= 0.325788
BIOHUB_RETENTION_GUARD {"blended_candidates": 124, "dataset": "44b6_0b24845f", "frame": 96, "minimum_retention": 0.9, "primary_candidates": 273, "retention": 0.4542124542124542, "use_primary": true}
SECONDARY_EDGE_TTA_ACTIVE views= 8 weight= 0.75 mean_abs_feat_delta= 0.249107
SECONDARY_EDGE_TTA_ACTIVE views= 8 weight= 0.75 mean_abs_feat_delta= 0.249107
EDGE_TTA_ACTIVE views= 8 mean_abs_feat_delta= 0.354717
EDGE_TTA_ACTIVE views= 8 mean_abs_feat_delta= 0.354717
EDGE_TTA_ACTIVE views= 8 mean_abs_feat_delta= 0.340039
SECONDARY_EDGE_TTA_ACTIVE views= 8 weight= 0.75 mean_abs_feat_delta= 0.328691
BIOHUB_RETENTION_GUARD {"blended_candidates": 181, "dataset": "44b6_0b24845f", "frame": 97, "minimum_retention": 0.9, "primary_candidates": 328, "retention": 0.551829268292683, "use_primary": true}
EDGE_TTA_ACTIVE views= 8 mean_abs_feat_delta= 0.340039
SECONDARY_EDGE_TTA_ACTIVE views= 8 weight= 0.75 mean_abs_feat_delta= 0.328691
BIOHUB_RETENTION_GUARD {"blended_candidates": 181, "dataset": "44b6_0b24845f", "frame": 97, "minimum_retention": 0.9, "primary_candidates": 328, "retention": 0.551829268292683, "use_primary": true}
SECONDARY_EDGE_TTA_ACTIVE views= 8 weight= 0.75 mean_abs_feat_delta= 0.250998
SECONDARY_EDGE_TTA_ACTIVE views= 8 weight= 0.75 mean_abs_feat_delta= 0.250998
EDGE_TTA_ACTIVE views= 8 mean_abs_feat_delta= 0.362901
EDGE_TTA_ACTIVE views= 8 mean_abs_feat_delta= 0.362901
SECONDARY_EDGE_TTA_ACTIVE views= 8 weight= 0.75 mean_abs_feat_delta= 0.327921
BIOHUB_RETENTION_GUARD {"blended_candidates": 153, "dataset": "44b6_0b24845f", "frame": 98, "minimum_retention": 0.9, "primary_candidates": 295, "retention": 0.5186440677966102, "use_primary": true}
EDGE_TTA_ACTIVE views= 8 mean_abs_feat_delta= 0.338922
SECONDARY_EDGE_TTA_ACTIVE views= 8 weight= 0.75 mean_abs_feat_delta= 0.327921
BIOHUB_RETENTION_GUARD {"blended_candidates": 153, "dataset": "44b6_0b24845f", "frame": 98, "minimum_retention": 0.9, "primary_candidates": 295, "retention": 0.5186440677966102, "use_primary": true}
EDGE_TTA_ACTIVE views= 8 mean_abs_feat_delta= 0.338922
SECONDARY_EDGE_TTA_ACTIVE views= 8 weight= 0.75 mean_abs_feat_delta= 0.249091
EDGE_TTA_ACTIVE views= 8 mean_abs_feat_delta= 0.362405
SECONDARY_EDGE_TTA_ACTIVE views= 8 weight= 0.75 mean_abs_feat_delta= 0.249091
EDGE_TTA_ACTIVE views= 8 mean_abs_feat_delta= 0.362405
SECONDARY_EDGE_TTA_ACTIVE views= 8 weight= 0.75 mean_abs_feat_delta= 0.328126
BIOHUB_RETENTION_GUARD {"blended_candidates": 111, "dataset": "44b6_0b24845f", "frame": 99, "minimum_retention": 0.9, "primary_candidates": 224, "retention": 0.4955357142857143, "use_primary": true}
EDGE_TTA_ACTIVE views= 8 mean_abs_feat_delta= 0.342488
SECONDARY_EDGE_TTA_ACTIVE views= 8 weight= 0.75 mean_abs_feat_delta= 0.328126
BIOHUB_RETENTION_GUARD {"blended_candidates": 111, "dataset": "44b6_0b24845f", "frame": 99, "minimum_retention": 0.9, "primary_candidates": 224, "retention": 0.4955357142857143, "use_primary": true}
EDGE_TTA_ACTIVE views= 8 mean_abs_feat_delta= 0.342488
SECONDARY_EDGE_TTA_ACTIVE views= 8 weight= 0.75 mean_abs_feat_delta= 0.25058
SECONDARY_EDGE_TTA_ACTIVE views= 8 weight= 0.75 mean_abs_feat_delta= 0.25058
EDGE_TTA_ACTIVE views= 8 mean_abs_feat_delta= 0.341683
EDGE_TTA_ACTIVE views= 8 mean_abs_feat_delta= 0.341683
SECONDARY_EDGE_TTA_ACTIVE views= 8 weight= 0.75 mean_abs_feat_delta= 0.25428
SECONDARY_EDGE_TTA_ACTIVE views= 8 weight= 0.75 mean_abs_feat_delta= 0.25428
EDGE_TTA_ACTIVE views= 8 mean_abs_feat_delta= 0.336457
EDGE_TTA_ACTIVE views= 8 mean_abs_feat_delta= 0.336457
SECONDARY_EDGE_TTA_ACTIVE views= 8 weight= 0.75 mean_abs_feat_delta= 0.229228
SECONDARY_EDGE_TTA_ACTIVE views= 8 weight= 0.75 mean_abs_feat_delta= 0.229228
EDGE_TTA_ACTIVE views= 8 mean_abs_feat_delta= 0.33652
EDGE_TTA_ACTIVE views= 8 mean_abs_feat_delta= 0.33652
SECONDARY_EDGE_TTA_ACTIVE views= 8 weight= 0.75 mean_abs_feat_delta= 0.231364
SECONDARY_EDGE_TTA_ACTIVE views= 8 weight= 0.75 mean_abs_feat_delta= 0.231364
EDGE_TTA_ACTIVE views= 8 mean_abs_feat_delta= 0.334504
EDGE_TTA_ACTIVE views= 8 mean_abs_feat_delta= 0.334504
SECONDARY_EDGE_TTA_ACTIVE views= 8 weight= 0.75 mean_abs_feat_delta= 0.231505
SECONDARY_EDGE_TTA_ACTIVE views= 8 weight= 0.75 mean_abs_feat_delta= 0.231505
EDGE_TTA_ACTIVE views= 8 mean_abs_feat_delta= 0.331503
EDGE_TTA_ACTIVE views= 8 mean_abs_feat_delta= 0.331503
EDGE_TTA_ACTIVE views= 8 mean_abs_feat_delta= 0.353265
EDGE_TTA_ACTIVE views= 8 mean_abs_feat_delta= 0.353265
SECONDARY_EDGE_TTA_ACTIVE views= 8 weight= 0.75 mean_abs_feat_delta= 0.233103
SECONDARY_EDGE_TTA_ACTIVE views= 8 weight= 0.75 mean_abs_feat_delta= 0.233103
SECONDARY_EDGE_TTA_ACTIVE views= 8 weight= 0.75 mean_abs_feat_delta= 0.229197
SECONDARY_EDGE_TTA_ACTIVE views= 8 weight= 0.75 mean_abs_feat_delta= 0.229197
EDGE_TTA_ACTIVE views= 8 mean_abs_feat_delta= 0.334571
EDGE_TTA_ACTIVE views= 8 mean_abs_feat_delta= 0.356556
EDGE_TTA_ACTIVE views= 8 mean_abs_feat_delta= 0.334571
EDGE_TTA_ACTIVE views= 8 mean_abs_feat_delta= 0.356556
SECONDARY_EDGE_TTA_ACTIVE views= 8 weight= 0.75 mean_abs_feat_delta= 0.230713
SECONDARY_EDGE_TTA_ACTIVE views= 8 weight= 0.75 mean_abs_feat_delta= 0.228531
SECONDARY_EDGE_TTA_ACTIVE views= 8 weight= 0.75 mean_abs_feat_delta= 0.230713
SECONDARY_EDGE_TTA_ACTIVE views= 8 weight= 0.75 mean_abs_feat_delta= 0.228531
EDGE_TTA_ACTIVE views= 8 mean_abs_feat_delta= 0.359353
EDGE_TTA_ACTIVE views= 8 mean_abs_feat_delta= 0.359353
EDGE_TTA_ACTIVE views= 8 mean_abs_feat_delta= 0.333844
EDGE_TTA_ACTIVE views= 8 mean_abs_feat_delta= 0.333844
SECONDARY_EDGE_TTA_ACTIVE views= 8 weight= 0.75 mean_abs_feat_delta= 0.232233
SECONDARY_EDGE_TTA_ACTIVE views= 8 weight= 0.75 mean_abs_feat_delta= 0.232233
SECONDARY_EDGE_TTA_ACTIVE views= 8 weight= 0.75 mean_abs_feat_delta= 0.228063
SECONDARY_EDGE_TTA_ACTIVE views= 8 weight= 0.75 mean_abs_feat_delta= 0.228063
EDGE_TTA_ACTIVE views= 8 mean_abs_feat_delta= 0.361838
EDGE_TTA_ACTIVE views= 8 mean_abs_feat_delta= 0.361838
EDGE_TTA_ACTIVE views= 8 mean_abs_feat_delta= 0.333957
EDGE_TTA_ACTIVE views= 8 mean_abs_feat_delta= 0.333957
SECONDARY_EDGE_TTA_ACTIVE views= 8 weight= 0.75 mean_abs_feat_delta= 0.231136
SECONDARY_EDGE_TTA_ACTIVE views= 8 weight= 0.75 mean_abs_feat_delta= 0.231136
SECONDARY_EDGE_TTA_ACTIVE views= 8 weight= 0.75 mean_abs_feat_delta= 0.23148
SECONDARY_EDGE_TTA_ACTIVE views= 8 weight= 0.75 mean_abs_feat_delta= 0.23148
EDGE_TTA_ACTIVE views= 8 mean_abs_feat_delta= 0.349332
EDGE_TTA_ACTIVE views= 8 mean_abs_feat_delta= 0.349332
EDGE_TTA_ACTIVE views= 8 mean_abs_feat_delta= 0.333005
EDGE_TTA_ACTIVE views= 8 mean_abs_feat_delta= 0.333005
SECONDARY_EDGE_TTA_ACTIVE views= 8 weight= 0.75 mean_abs_feat_delta= 0.237962
SECONDARY_EDGE_TTA_ACTIVE views= 8 weight= 0.75 mean_abs_feat_delta= 0.237962
SECONDARY_EDGE_TTA_ACTIVE views= 8 weight= 0.75 mean_abs_feat_delta= 0.226861
SECONDARY_EDGE_TTA_ACTIVE views= 8 weight= 0.75 mean_abs_feat_delta= 0.226861
EDGE_TTA_ACTIVE views= 8 mean_abs_feat_delta= 0.36765
EDGE_TTA_ACTIVE views= 8 mean_abs_feat_delta= 0.36765
EDGE_TTA_ACTIVE views= 8 mean_abs_feat_delta= 0.335609
SECONDARY_EDGE_TTA_ACTIVE views= 8 weight= 0.75 mean_abs_feat_delta= 0.23324
EDGE_TTA_ACTIVE views= 8 mean_abs_feat_delta= 0.335609
SECONDARY_EDGE_TTA_ACTIVE views= 8 weight= 0.75 mean_abs_feat_delta= 0.23324
SECONDARY_EDGE_TTA_ACTIVE views= 8 weight= 0.75 mean_abs_feat_delta= 0.226753
SECONDARY_EDGE_TTA_ACTIVE views= 8 weight= 0.75 mean_abs_feat_delta= 0.226753
EDGE_TTA_ACTIVE views= 8 mean_abs_feat_delta= 0.37095
EDGE_TTA_ACTIVE views= 8 mean_abs_feat_delta= 0.37095
SECONDARY_EDGE_TTA_ACTIVE views= 8 weight= 0.75 mean_abs_feat_delta= 0.233703
EDGE_TTA_ACTIVE views= 8 mean_abs_feat_delta= 0.338411
SECONDARY_EDGE_TTA_ACTIVE views= 8 weight= 0.75 mean_abs_feat_delta= 0.233703
EDGE_TTA_ACTIVE views= 8 mean_abs_feat_delta= 0.338411
SECONDARY_EDGE_TTA_ACTIVE views= 8 weight= 0.75 mean_abs_feat_delta= 0.229067
EDGE_TTA_ACTIVE views= 8 mean_abs_feat_delta= 0.362298
SECONDARY_EDGE_TTA_ACTIVE views= 8 weight= 0.75 mean_abs_feat_delta= 0.229067
EDGE_TTA_ACTIVE views= 8 mean_abs_feat_delta= 0.362298
SECONDARY_EDGE_TTA_ACTIVE views= 8 weight= 0.75 mean_abs_feat_delta= 0.23047
SECONDARY_EDGE_TTA_ACTIVE views= 8 weight= 0.75 mean_abs_feat_delta= 0.23047
EDGE_TTA_ACTIVE views= 8 mean_abs_feat_delta= 0.33357
EDGE_TTA_ACTIVE views= 8 mean_abs_feat_delta= 0.33357
EDGE_TTA_ACTIVE views= 8 mean_abs_feat_delta= 0.357762
SECONDARY_EDGE_TTA_ACTIVE views= 8 weight= 0.75 mean_abs_feat_delta= 0.224805
EDGE_TTA_ACTIVE views= 8 mean_abs_feat_delta= 0.357762
SECONDARY_EDGE_TTA_ACTIVE views= 8 weight= 0.75 mean_abs_feat_delta= 0.224805
SECONDARY_EDGE_TTA_ACTIVE views= 8 weight= 0.75 mean_abs_feat_delta= 0.222866
SECONDARY_EDGE_TTA_ACTIVE views= 8 weight= 0.75 mean_abs_feat_delta= 0.222866
EDGE_TTA_ACTIVE views= 8 mean_abs_feat_delta= 0.328392
EDGE_TTA_ACTIVE views= 8 mean_abs_feat_delta= 0.328392
EDGE_TTA_ACTIVE views= 8 mean_abs_feat_delta= 0.360193
EDGE_TTA_ACTIVE views= 8 mean_abs_feat_delta= 0.360193
SECONDARY_EDGE_TTA_ACTIVE views= 8 weight= 0.75 mean_abs_feat_delta= 0.22475
SECONDARY_EDGE_TTA_ACTIVE views= 8 weight= 0.75 mean_abs_feat_delta= 0.22475
SECONDARY_EDGE_TTA_ACTIVE views= 8 weight= 0.75 mean_abs_feat_delta= 0.223297
SECONDARY_EDGE_TTA_ACTIVE views= 8 weight= 0.75 mean_abs_feat_delta= 0.223297
EDGE_TTA_ACTIVE views= 8 mean_abs_feat_delta= 0.329088
EDGE_TTA_ACTIVE views= 8 mean_abs_feat_delta= 0.329088
EDGE_TTA_ACTIVE views= 8 mean_abs_feat_delta= 0.35856
EDGE_TTA_ACTIVE views= 8 mean_abs_feat_delta= 0.35856
SECONDARY_EDGE_TTA_ACTIVE views= 8 weight= 0.75 mean_abs_feat_delta= 0.223629
SECONDARY_EDGE_TTA_ACTIVE views= 8 weight= 0.75 mean_abs_feat_delta= 0.223629
SECONDARY_EDGE_TTA_ACTIVE views= 8 weight= 0.75 mean_abs_feat_delta= 0.226482
SECONDARY_EDGE_TTA_ACTIVE views= 8 weight= 0.75 mean_abs_feat_delta= 0.226482
EDGE_TTA_ACTIVE views= 8 mean_abs_feat_delta= 0.331454
EDGE_TTA_ACTIVE views= 8 mean_abs_feat_delta= 0.365065
EDGE_TTA_ACTIVE views= 8 mean_abs_feat_delta= 0.331454
EDGE_TTA_ACTIVE views= 8 mean_abs_feat_delta= 0.365065
SECONDARY_EDGE_TTA_ACTIVE views= 8 weight= 0.75 mean_abs_feat_delta= 0.221381
SECONDARY_EDGE_TTA_ACTIVE views= 8 weight= 0.75 mean_abs_feat_delta= 0.229453
SECONDARY_EDGE_TTA_ACTIVE views= 8 weight= 0.75 mean_abs_feat_delta= 0.221381
SECONDARY_EDGE_TTA_ACTIVE views= 8 weight= 0.75 mean_abs_feat_delta= 0.229453
EDGE_TTA_ACTIVE views= 8 mean_abs_feat_delta= 0.353373
EDGE_TTA_ACTIVE views= 8 mean_abs_feat_delta= 0.332081
EDGE_TTA_ACTIVE views= 8 mean_abs_feat_delta= 0.353373
EDGE_TTA_ACTIVE views= 8 mean_abs_feat_delta= 0.332081
SECONDARY_EDGE_TTA_ACTIVE views= 8 weight= 0.75 mean_abs_feat_delta= 0.233899
SECONDARY_EDGE_TTA_ACTIVE views= 8 weight= 0.75 mean_abs_feat_delta= 0.220825
SECONDARY_EDGE_TTA_ACTIVE views= 8 weight= 0.75 mean_abs_feat_delta= 0.233899
SECONDARY_EDGE_TTA_ACTIVE views= 8 weight= 0.75 mean_abs_feat_delta= 0.220825
EDGE_TTA_ACTIVE views= 8 mean_abs_feat_delta= 0.366767
EDGE_TTA_ACTIVE views= 8 mean_abs_feat_delta= 0.366767
EDGE_TTA_ACTIVE views= 8 mean_abs_feat_delta= 0.331331
EDGE_TTA_ACTIVE views= 8 mean_abs_feat_delta= 0.331331
SECONDARY_EDGE_TTA_ACTIVE views= 8 weight= 0.75 mean_abs_feat_delta= 0.228562
SECONDARY_EDGE_TTA_ACTIVE views= 8 weight= 0.75 mean_abs_feat_delta= 0.228562
SECONDARY_EDGE_TTA_ACTIVE views= 8 weight= 0.75 mean_abs_feat_delta= 0.220942
SECONDARY_EDGE_TTA_ACTIVE views= 8 weight= 0.75 mean_abs_feat_delta= 0.220942
EDGE_TTA_ACTIVE views= 8 mean_abs_feat_delta= 0.360859
EDGE_TTA_ACTIVE views= 8 mean_abs_feat_delta= 0.360859
EDGE_TTA_ACTIVE views= 8 mean_abs_feat_delta= 0.331316
EDGE_TTA_ACTIVE views= 8 mean_abs_feat_delta= 0.331316
SECONDARY_EDGE_TTA_ACTIVE views= 8 weight= 0.75 mean_abs_feat_delta= 0.229373
SECONDARY_EDGE_TTA_ACTIVE views= 8 weight= 0.75 mean_abs_feat_delta= 0.229373
SECONDARY_EDGE_TTA_ACTIVE views= 8 weight= 0.75 mean_abs_feat_delta= 0.220064
SECONDARY_EDGE_TTA_ACTIVE views= 8 weight= 0.75 mean_abs_feat_delta= 0.220064
EDGE_TTA_ACTIVE views= 8 mean_abs_feat_delta= 0.358711
EDGE_TTA_ACTIVE views= 8 mean_abs_feat_delta= 0.358711
EDGE_TTA_ACTIVE views= 8 mean_abs_feat_delta= 0.331281
EDGE_TTA_ACTIVE views= 8 mean_abs_feat_delta= 0.331281
SECONDARY_EDGE_TTA_ACTIVE views= 8 weight= 0.75 mean_abs_feat_delta= 0.228983
SECONDARY_EDGE_TTA_ACTIVE views= 8 weight= 0.75 mean_abs_feat_delta= 0.228983
SECONDARY_EDGE_TTA_ACTIVE views= 8 weight= 0.75 mean_abs_feat_delta= 0.219385
SECONDARY_EDGE_TTA_ACTIVE views= 8 weight= 0.75 mean_abs_feat_delta= 0.219385
EDGE_TTA_ACTIVE views= 8 mean_abs_feat_delta= 0.357908
EDGE_TTA_ACTIVE views= 8 mean_abs_feat_delta= 0.357908
SECONDARY_EDGE_TTA_ACTIVE views= 8 weight= 0.75 mean_abs_feat_delta= 0.22723
EDGE_TTA_ACTIVE views= 8 mean_abs_feat_delta= 0.332495
SECONDARY_EDGE_TTA_ACTIVE views= 8 weight= 0.75 mean_abs_feat_delta= 0.22723
EDGE_TTA_ACTIVE views= 8 mean_abs_feat_delta= 0.332495
SECONDARY_EDGE_TTA_ACTIVE views= 8 weight= 0.75 mean_abs_feat_delta= 0.221891
EDGE_TTA_ACTIVE views= 8 mean_abs_feat_delta= 0.36076
SECONDARY_EDGE_TTA_ACTIVE views= 8 weight= 0.75 mean_abs_feat_delta= 0.221891
EDGE_TTA_ACTIVE views= 8 mean_abs_feat_delta= 0.36076
SECONDARY_EDGE_TTA_ACTIVE views= 8 weight= 0.75 mean_abs_feat_delta= 0.227184
SECONDARY_EDGE_TTA_ACTIVE views= 8 weight= 0.75 mean_abs_feat_delta= 0.227184
EDGE_TTA_ACTIVE views= 8 mean_abs_feat_delta= 0.326164
EDGE_TTA_ACTIVE views= 8 mean_abs_feat_delta= 0.326164
EDGE_TTA_ACTIVE views= 8 mean_abs_feat_delta= 0.363026
SECONDARY_EDGE_TTA_ACTIVE views= 8 weight= 0.75 mean_abs_feat_delta= 0.22287
EDGE_TTA_ACTIVE views= 8 mean_abs_feat_delta= 0.363026
SECONDARY_EDGE_TTA_ACTIVE views= 8 weight= 0.75 mean_abs_feat_delta= 0.22287
SECONDARY_EDGE_TTA_ACTIVE views= 8 weight= 0.75 mean_abs_feat_delta= 0.228674
SECONDARY_EDGE_TTA_ACTIVE views= 8 weight= 0.75 mean_abs_feat_delta= 0.228674
EDGE_TTA_ACTIVE views= 8 mean_abs_feat_delta= 0.3318
EDGE_TTA_ACTIVE views= 8 mean_abs_feat_delta= 0.3318
EDGE_TTA_ACTIVE views= 8 mean_abs_feat_delta= 0.36528
EDGE_TTA_ACTIVE views= 8 mean_abs_feat_delta= 0.36528
SECONDARY_EDGE_TTA_ACTIVE views= 8 weight= 0.75 mean_abs_feat_delta= 0.226905
SECONDARY_EDGE_TTA_ACTIVE views= 8 weight= 0.75 mean_abs_feat_delta= 0.226905
SECONDARY_EDGE_TTA_ACTIVE views= 8 weight= 0.75 mean_abs_feat_delta= 0.22969
SECONDARY_EDGE_TTA_ACTIVE views= 8 weight= 0.75 mean_abs_feat_delta= 0.22969
EDGE_TTA_ACTIVE views= 8 mean_abs_feat_delta= 0.332454
EDGE_TTA_ACTIVE views= 8 mean_abs_feat_delta= 0.332454
EDGE_TTA_ACTIVE views= 8 mean_abs_feat_delta= 0.365255
EDGE_TTA_ACTIVE views= 8 mean_abs_feat_delta= 0.365255
SECONDARY_EDGE_TTA_ACTIVE views= 8 weight= 0.75 mean_abs_feat_delta= 0.227329
SECONDARY_EDGE_TTA_ACTIVE views= 8 weight= 0.75 mean_abs_feat_delta= 0.227329
SECONDARY_EDGE_TTA_ACTIVE views= 8 weight= 0.75 mean_abs_feat_delta= 0.227887
SECONDARY_EDGE_TTA_ACTIVE views= 8 weight= 0.75 mean_abs_feat_delta= 0.227887
EDGE_TTA_ACTIVE views= 8 mean_abs_feat_delta= 0.329795
EDGE_TTA_ACTIVE views= 8 mean_abs_feat_delta= 0.329795
EDGE_TTA_ACTIVE views= 8 mean_abs_feat_delta= 0.364292
EDGE_TTA_ACTIVE views= 8 mean_abs_feat_delta= 0.364292
SECONDARY_EDGE_TTA_ACTIVE views= 8 weight= 0.75 mean_abs_feat_delta= 0.227094
SECONDARY_EDGE_TTA_ACTIVE views= 8 weight= 0.75 mean_abs_feat_delta= 0.227094
SECONDARY_EDGE_TTA_ACTIVE views= 8 weight= 0.75 mean_abs_feat_delta= 0.229597
SECONDARY_EDGE_TTA_ACTIVE views= 8 weight= 0.75 mean_abs_feat_delta= 0.229597
EDGE_TTA_ACTIVE views= 8 mean_abs_feat_delta= 0.330008
EDGE_TTA_ACTIVE views= 8 mean_abs_feat_delta= 0.369457
EDGE_TTA_ACTIVE views= 8 mean_abs_feat_delta= 0.330008
EDGE_TTA_ACTIVE views= 8 mean_abs_feat_delta= 0.369457
SECONDARY_EDGE_TTA_ACTIVE views= 8 weight= 0.75 mean_abs_feat_delta= 0.228038
SECONDARY_EDGE_TTA_ACTIVE views= 8 weight= 0.75 mean_abs_feat_delta= 0.229355
SECONDARY_EDGE_TTA_ACTIVE views= 8 weight= 0.75 mean_abs_feat_delta= 0.228038
SECONDARY_EDGE_TTA_ACTIVE views= 8 weight= 0.75 mean_abs_feat_delta= 0.229355
EDGE_TTA_ACTIVE views= 8 mean_abs_feat_delta= 0.366989
EDGE_TTA_ACTIVE views= 8 mean_abs_feat_delta= 0.327924
EDGE_TTA_ACTIVE views= 8 mean_abs_feat_delta= 0.366989
EDGE_TTA_ACTIVE views= 8 mean_abs_feat_delta= 0.327924
SECONDARY_EDGE_TTA_ACTIVE views= 8 weight= 0.75 mean_abs_feat_delta= 0.228164
SECONDARY_EDGE_TTA_ACTIVE views= 8 weight= 0.75 mean_abs_feat_delta= 0.226869
SECONDARY_EDGE_TTA_ACTIVE views= 8 weight= 0.75 mean_abs_feat_delta= 0.228164
SECONDARY_EDGE_TTA_ACTIVE views= 8 weight= 0.75 mean_abs_feat_delta= 0.226869
EDGE_TTA_ACTIVE views= 8 mean_abs_feat_delta= 0.364738
EDGE_TTA_ACTIVE views= 8 mean_abs_feat_delta= 0.364738
EDGE_TTA_ACTIVE views= 8 mean_abs_feat_delta= 0.324294
EDGE_TTA_ACTIVE views= 8 mean_abs_feat_delta= 0.324294
SECONDARY_EDGE_TTA_ACTIVE views= 8 weight= 0.75 mean_abs_feat_delta= 0.230204
SECONDARY_EDGE_TTA_ACTIVE views= 8 weight= 0.75 mean_abs_feat_delta= 0.230204
SECONDARY_EDGE_TTA_ACTIVE views= 8 weight= 0.75 mean_abs_feat_delta= 0.219975
SECONDARY_EDGE_TTA_ACTIVE views= 8 weight= 0.75 mean_abs_feat_delta= 0.219975
EDGE_TTA_ACTIVE views= 8 mean_abs_feat_delta= 0.368159
EDGE_TTA_ACTIVE views= 8 mean_abs_feat_delta= 0.368159
EDGE_TTA_ACTIVE views= 8 mean_abs_feat_delta= 0.329966
EDGE_TTA_ACTIVE views= 8 mean_abs_feat_delta= 0.329966
SECONDARY_EDGE_TTA_ACTIVE views= 8 weight= 0.75 mean_abs_feat_delta= 0.229792
SECONDARY_EDGE_TTA_ACTIVE views= 8 weight= 0.75 mean_abs_feat_delta= 0.229792
SECONDARY_EDGE_TTA_ACTIVE views= 8 weight= 0.75 mean_abs_feat_delta= 0.22725
SECONDARY_EDGE_TTA_ACTIVE views= 8 weight= 0.75 mean_abs_feat_delta= 0.22725
EDGE_TTA_ACTIVE views= 8 mean_abs_feat_delta= 0.370711
EDGE_TTA_ACTIVE views= 8 mean_abs_feat_delta= 0.370711
EDGE_TTA_ACTIVE views= 8 mean_abs_feat_delta= 0.322964
SECONDARY_EDGE_TTA_ACTIVE views= 8 weight= 0.75 mean_abs_feat_delta= 0.231598
EDGE_TTA_ACTIVE views= 8 mean_abs_feat_delta= 0.322964
SECONDARY_EDGE_TTA_ACTIVE views= 8 weight= 0.75 mean_abs_feat_delta= 0.231598
SECONDARY_EDGE_TTA_ACTIVE views= 8 weight= 0.75 mean_abs_feat_delta= 0.225732
SECONDARY_EDGE_TTA_ACTIVE views= 8 weight= 0.75 mean_abs_feat_delta= 0.225732
EDGE_TTA_ACTIVE views= 8 mean_abs_feat_delta= 0.360618
EDGE_TTA_ACTIVE views= 8 mean_abs_feat_delta= 0.360618
SECONDARY_EDGE_TTA_ACTIVE views= 8 weight= 0.75 mean_abs_feat_delta= 0.237748
SECONDARY_EDGE_TTA_ACTIVE views= 8 weight= 0.75 mean_abs_feat_delta= 0.237748
EDGE_TTA_ACTIVE views= 8 mean_abs_feat_delta= 0.329623
EDGE_TTA_ACTIVE views= 8 mean_abs_feat_delta= 0.329623
EDGE_TTA_ACTIVE views= 8 mean_abs_feat_delta= 0.372812
SECONDARY_EDGE_TTA_ACTIVE views= 8 weight= 0.75 mean_abs_feat_delta= 0.229625
EDGE_TTA_ACTIVE views= 8 mean_abs_feat_delta= 0.372812
SECONDARY_EDGE_TTA_ACTIVE views= 8 weight= 0.75 mean_abs_feat_delta= 0.229625
SECONDARY_EDGE_TTA_ACTIVE views= 8 weight= 0.75 mean_abs_feat_delta= 0.229174
SECONDARY_EDGE_TTA_ACTIVE views= 8 weight= 0.75 mean_abs_feat_delta= 0.229174
EDGE_TTA_ACTIVE views= 8 mean_abs_feat_delta= 0.33189
EDGE_TTA_ACTIVE views= 8 mean_abs_feat_delta= 0.33189
EDGE_TTA_ACTIVE views= 8 mean_abs_feat_delta= 0.374406
EDGE_TTA_ACTIVE views= 8 mean_abs_feat_delta= 0.374406
SECONDARY_EDGE_TTA_ACTIVE views= 8 weight= 0.75 mean_abs_feat_delta= 0.229021
SECONDARY_EDGE_TTA_ACTIVE views= 8 weight= 0.75 mean_abs_feat_delta= 0.229021
SECONDARY_EDGE_TTA_ACTIVE views= 8 weight= 0.75 mean_abs_feat_delta= 0.23239
SECONDARY_EDGE_TTA_ACTIVE views= 8 weight= 0.75 mean_abs_feat_delta= 0.23239
EDGE_TTA_ACTIVE views= 8 mean_abs_feat_delta= 0.328077
EDGE_TTA_ACTIVE views= 8 mean_abs_feat_delta= 0.328077
EDGE_TTA_ACTIVE views= 8 mean_abs_feat_delta= 0.3777
EDGE_TTA_ACTIVE views= 8 mean_abs_feat_delta= 0.3777
SECONDARY_EDGE_TTA_ACTIVE views= 8 weight= 0.75 mean_abs_feat_delta= 0.229917
SECONDARY_EDGE_TTA_ACTIVE views= 8 weight= 0.75 mean_abs_feat_delta= 0.229917
SECONDARY_EDGE_TTA_ACTIVE views= 8 weight= 0.75 mean_abs_feat_delta= 0.233543
SECONDARY_EDGE_TTA_ACTIVE views= 8 weight= 0.75 mean_abs_feat_delta= 0.233543
EDGE_TTA_ACTIVE views= 8 mean_abs_feat_delta= 0.330658
EDGE_TTA_ACTIVE views= 8 mean_abs_feat_delta= 0.330658
EDGE_TTA_ACTIVE views= 8 mean_abs_feat_delta= 0.376339
EDGE_TTA_ACTIVE views= 8 mean_abs_feat_delta= 0.376339
SECONDARY_EDGE_TTA_ACTIVE views= 8 weight= 0.75 mean_abs_feat_delta= 0.232737
SECONDARY_EDGE_TTA_ACTIVE views= 8 weight= 0.75 mean_abs_feat_delta= 0.232737
SECONDARY_EDGE_TTA_ACTIVE views= 8 weight= 0.75 mean_abs_feat_delta= 0.230711
SECONDARY_EDGE_TTA_ACTIVE views= 8 weight= 0.75 mean_abs_feat_delta= 0.230711
EDGE_TTA_ACTIVE views= 8 mean_abs_feat_delta= 0.369146
EDGE_TTA_ACTIVE views= 8 mean_abs_feat_delta= 0.330195
EDGE_TTA_ACTIVE views= 8 mean_abs_feat_delta= 0.369146
EDGE_TTA_ACTIVE views= 8 mean_abs_feat_delta= 0.330195
SECONDARY_EDGE_TTA_ACTIVE views= 8 weight= 0.75 mean_abs_feat_delta= 0.230076
SECONDARY_EDGE_TTA_ACTIVE views= 8 weight= 0.75 mean_abs_feat_delta= 0.227525
SECONDARY_EDGE_TTA_ACTIVE views= 8 weight= 0.75 mean_abs_feat_delta= 0.230076
SECONDARY_EDGE_TTA_ACTIVE views= 8 weight= 0.75 mean_abs_feat_delta= 0.227525
EDGE_TTA_ACTIVE views= 8 mean_abs_feat_delta= 0.367025
EDGE_TTA_ACTIVE views= 8 mean_abs_feat_delta= 0.367025
EDGE_TTA_ACTIVE views= 8 mean_abs_feat_delta= 0.332086
EDGE_TTA_ACTIVE views= 8 mean_abs_feat_delta= 0.332086
SECONDARY_EDGE_TTA_ACTIVE views= 8 weight= 0.75 mean_abs_feat_delta= 0.23
SECONDARY_EDGE_TTA_ACTIVE views= 8 weight= 0.75 mean_abs_feat_delta= 0.23
SECONDARY_EDGE_TTA_ACTIVE views= 8 weight= 0.75 mean_abs_feat_delta= 0.228923
SECONDARY_EDGE_TTA_ACTIVE views= 8 weight= 0.75 mean_abs_feat_delta= 0.228923
EDGE_TTA_ACTIVE views= 8 mean_abs_feat_delta= 0.371094
EDGE_TTA_ACTIVE views= 8 mean_abs_feat_delta= 0.371094
EDGE_TTA_ACTIVE views= 8 mean_abs_feat_delta= 0.334902
EDGE_TTA_ACTIVE views= 8 mean_abs_feat_delta= 0.334902
SECONDARY_EDGE_TTA_ACTIVE views= 8 weight= 0.75 mean_abs_feat_delta= 0.231427
SECONDARY_EDGE_TTA_ACTIVE views= 8 weight= 0.75 mean_abs_feat_delta= 0.231427
SECONDARY_EDGE_TTA_ACTIVE views= 8 weight= 0.75 mean_abs_feat_delta= 0.234703
SECONDARY_EDGE_TTA_ACTIVE views= 8 weight= 0.75 mean_abs_feat_delta= 0.234703
EDGE_TTA_ACTIVE views= 8 mean_abs_feat_delta= 0.375255
EDGE_TTA_ACTIVE views= 8 mean_abs_feat_delta= 0.375255
EDGE_TTA_ACTIVE views= 8 mean_abs_feat_delta= 0.331026
EDGE_TTA_ACTIVE views= 8 mean_abs_feat_delta= 0.331026
SECONDARY_EDGE_TTA_ACTIVE views= 8 weight= 0.75 mean_abs_feat_delta= 0.229981
SECONDARY_EDGE_TTA_ACTIVE views= 8 weight= 0.75 mean_abs_feat_delta= 0.229981
SECONDARY_EDGE_TTA_ACTIVE views= 8 weight= 0.75 mean_abs_feat_delta= 0.228868
SECONDARY_EDGE_TTA_ACTIVE views= 8 weight= 0.75 mean_abs_feat_delta= 0.228868
EDGE_TTA_ACTIVE views= 8 mean_abs_feat_delta= 0.373994
EDGE_TTA_ACTIVE views= 8 mean_abs_feat_delta= 0.373994
EDGE_TTA_ACTIVE views= 8 mean_abs_feat_delta= 0.33352
SECONDARY_EDGE_TTA_ACTIVE views= 8 weight= 0.75 mean_abs_feat_delta= 0.229437
EDGE_TTA_ACTIVE views= 8 mean_abs_feat_delta= 0.33352
SECONDARY_EDGE_TTA_ACTIVE views= 8 weight= 0.75 mean_abs_feat_delta= 0.229437
SECONDARY_EDGE_TTA_ACTIVE views= 8 weight= 0.75 mean_abs_feat_delta= 0.229406
SECONDARY_EDGE_TTA_ACTIVE views= 8 weight= 0.75 mean_abs_feat_delta= 0.229406
EDGE_TTA_ACTIVE views= 8 mean_abs_feat_delta= 0.366011
EDGE_TTA_ACTIVE views= 8 mean_abs_feat_delta= 0.366011
SECONDARY_EDGE_TTA_ACTIVE views= 8 weight= 0.75 mean_abs_feat_delta= 0.229485
EDGE_TTA_ACTIVE views= 8 mean_abs_feat_delta= 0.333668
SECONDARY_EDGE_TTA_ACTIVE views= 8 weight= 0.75 mean_abs_feat_delta= 0.229485
EDGE_TTA_ACTIVE views= 8 mean_abs_feat_delta= 0.333668
SECONDARY_EDGE_TTA_ACTIVE views= 8 weight= 0.75 mean_abs_feat_delta= 0.228734
EDGE_TTA_ACTIVE views= 8 mean_abs_feat_delta= 0.364698
SECONDARY_EDGE_TTA_ACTIVE views= 8 weight= 0.75 mean_abs_feat_delta= 0.228734
EDGE_TTA_ACTIVE views= 8 mean_abs_feat_delta= 0.364698
SECONDARY_EDGE_TTA_ACTIVE views= 8 weight= 0.75 mean_abs_feat_delta= 0.234306
SECONDARY_EDGE_TTA_ACTIVE views= 8 weight= 0.75 mean_abs_feat_delta= 0.234306
EDGE_TTA_ACTIVE views= 8 mean_abs_feat_delta= 0.326117
EDGE_TTA_ACTIVE views= 8 mean_abs_feat_delta= 0.326117
EDGE_TTA_ACTIVE views= 8 mean_abs_feat_delta= 0.366732
SECONDARY_EDGE_TTA_ACTIVE views= 8 weight= 0.75 mean_abs_feat_delta= 0.227258
EDGE_TTA_ACTIVE views= 8 mean_abs_feat_delta= 0.366732
SECONDARY_EDGE_TTA_ACTIVE views= 8 weight= 0.75 mean_abs_feat_delta= 0.227258
SECONDARY_EDGE_TTA_ACTIVE views= 8 weight= 0.75 mean_abs_feat_delta= 0.235733
SECONDARY_EDGE_TTA_ACTIVE views= 8 weight= 0.75 mean_abs_feat_delta= 0.235733
EDGE_TTA_ACTIVE views= 8 mean_abs_feat_delta= 0.327201
EDGE_TTA_ACTIVE views= 8 mean_abs_feat_delta= 0.327201
EDGE_TTA_ACTIVE views= 8 mean_abs_feat_delta= 0.370041
EDGE_TTA_ACTIVE views= 8 mean_abs_feat_delta= 0.370041
SECONDARY_EDGE_TTA_ACTIVE views= 8 weight= 0.75 mean_abs_feat_delta= 0.232919
SECONDARY_EDGE_TTA_ACTIVE views= 8 weight= 0.75 mean_abs_feat_delta= 0.232919
SECONDARY_EDGE_TTA_ACTIVE views= 8 weight= 0.75 mean_abs_feat_delta= 0.231775
SECONDARY_EDGE_TTA_ACTIVE views= 8 weight= 0.75 mean_abs_feat_delta= 0.231775
EDGE_TTA_ACTIVE views= 8 mean_abs_feat_delta= 0.330095
EDGE_TTA_ACTIVE views= 8 mean_abs_feat_delta= 0.330095
EDGE_TTA_ACTIVE views= 8 mean_abs_feat_delta= 0.367914
EDGE_TTA_ACTIVE views= 8 mean_abs_feat_delta= 0.367914
SECONDARY_EDGE_TTA_ACTIVE views= 8 weight= 0.75 mean_abs_feat_delta= 0.237762
SECONDARY_EDGE_TTA_ACTIVE views= 8 weight= 0.75 mean_abs_feat_delta= 0.237762
SECONDARY_EDGE_TTA_ACTIVE views= 8 weight= 0.75 mean_abs_feat_delta= 0.227854
SECONDARY_EDGE_TTA_ACTIVE views= 8 weight= 0.75 mean_abs_feat_delta= 0.227854
EDGE_TTA_ACTIVE views= 8 mean_abs_feat_delta= 0.333419
EDGE_TTA_ACTIVE views= 8 mean_abs_feat_delta= 0.352519
EDGE_TTA_ACTIVE views= 8 mean_abs_feat_delta= 0.333419
EDGE_TTA_ACTIVE views= 8 mean_abs_feat_delta= 0.352519
SECONDARY_EDGE_TTA_ACTIVE views= 8 weight= 0.75 mean_abs_feat_delta= 0.238631
SECONDARY_EDGE_TTA_ACTIVE views= 8 weight= 0.75 mean_abs_feat_delta= 0.232249
BIOHUB_RETENTION_GUARD {"blended_candidates": 66, "dataset": "6bba_05b6850b", "frame": 43, "minimum_retention": 0.9, "primary_candidates": 74, "retention": 0.8918918918918919, "use_primary": true}
SECONDARY_EDGE_TTA_ACTIVE views= 8 weight= 0.75 mean_abs_feat_delta= 0.238631
SECONDARY_EDGE_TTA_ACTIVE views= 8 weight= 0.75 mean_abs_feat_delta= 0.232249
BIOHUB_RETENTION_GUARD {"blended_candidates": 66, "dataset": "6bba_05b6850b", "frame": 43, "minimum_retention": 0.9, "primary_candidates": 74, "retention": 0.8918918918918919, "use_primary": true}
EDGE_TTA_ACTIVE views= 8 mean_abs_feat_delta= 0.36891
EDGE_TTA_ACTIVE views= 8 mean_abs_feat_delta= 0.338616
EDGE_TTA_ACTIVE views= 8 mean_abs_feat_delta= 0.36891
EDGE_TTA_ACTIVE views= 8 mean_abs_feat_delta= 0.338616
SECONDARY_EDGE_TTA_ACTIVE views= 8 weight= 0.75 mean_abs_feat_delta= 0.226463
SECONDARY_EDGE_TTA_ACTIVE views= 8 weight= 0.75 mean_abs_feat_delta= 0.236776
SECONDARY_EDGE_TTA_ACTIVE views= 8 weight= 0.75 mean_abs_feat_delta= 0.226463
SECONDARY_EDGE_TTA_ACTIVE views= 8 weight= 0.75 mean_abs_feat_delta= 0.236776
EDGE_TTA_ACTIVE views= 8 mean_abs_feat_delta= 0.372785
EDGE_TTA_ACTIVE views= 8 mean_abs_feat_delta= 0.372785
EDGE_TTA_ACTIVE views= 8 mean_abs_feat_delta= 0.335349
EDGE_TTA_ACTIVE views= 8 mean_abs_feat_delta= 0.335349
SECONDARY_EDGE_TTA_ACTIVE views= 8 weight= 0.75 mean_abs_feat_delta= 0.232529
SECONDARY_EDGE_TTA_ACTIVE views= 8 weight= 0.75 mean_abs_feat_delta= 0.232529
SECONDARY_EDGE_TTA_ACTIVE views= 8 weight= 0.75 mean_abs_feat_delta= 0.233805
SECONDARY_EDGE_TTA_ACTIVE views= 8 weight= 0.75 mean_abs_feat_delta= 0.233805
EDGE_TTA_ACTIVE views= 8 mean_abs_feat_delta= 0.372432
EDGE_TTA_ACTIVE views= 8 mean_abs_feat_delta= 0.372432
EDGE_TTA_ACTIVE views= 8 mean_abs_feat_delta= 0.337635
EDGE_TTA_ACTIVE views= 8 mean_abs_feat_delta= 0.337635
SECONDARY_EDGE_TTA_ACTIVE views= 8 weight= 0.75 mean_abs_feat_delta= 0.234792
SECONDARY_EDGE_TTA_ACTIVE views= 8 weight= 0.75 mean_abs_feat_delta= 0.234792
SECONDARY_EDGE_TTA_ACTIVE views= 8 weight= 0.75 mean_abs_feat_delta= 0.2393
SECONDARY_EDGE_TTA_ACTIVE views= 8 weight= 0.75 mean_abs_feat_delta= 0.2393
EDGE_TTA_ACTIVE views= 8 mean_abs_feat_delta= 0.371331
EDGE_TTA_ACTIVE views= 8 mean_abs_feat_delta= 0.371331
EDGE_TTA_ACTIVE views= 8 mean_abs_feat_delta= 0.336677
EDGE_TTA_ACTIVE views= 8 mean_abs_feat_delta= 0.336677
SECONDARY_EDGE_TTA_ACTIVE views= 8 weight= 0.75 mean_abs_feat_delta= 0.233309
SECONDARY_EDGE_TTA_ACTIVE views= 8 weight= 0.75 mean_abs_feat_delta= 0.233309
SECONDARY_EDGE_TTA_ACTIVE views= 8 weight= 0.75 mean_abs_feat_delta= 0.241418
SECONDARY_EDGE_TTA_ACTIVE views= 8 weight= 0.75 mean_abs_feat_delta= 0.241418
EDGE_TTA_ACTIVE views= 8 mean_abs_feat_delta= 0.369641
EDGE_TTA_ACTIVE views= 8 mean_abs_feat_delta= 0.369641
SECONDARY_EDGE_TTA_ACTIVE views= 8 weight= 0.75 mean_abs_feat_delta= 0.231091
EDGE_TTA_ACTIVE views= 8 mean_abs_feat_delta= 0.334169
SECONDARY_EDGE_TTA_ACTIVE views= 8 weight= 0.75 mean_abs_feat_delta= 0.231091
EDGE_TTA_ACTIVE views= 8 mean_abs_feat_delta= 0.334169
SECONDARY_EDGE_TTA_ACTIVE views= 8 weight= 0.75 mean_abs_feat_delta= 0.240548
EDGE_TTA_ACTIVE views= 8 mean_abs_feat_delta= 0.371647
SECONDARY_EDGE_TTA_ACTIVE views= 8 weight= 0.75 mean_abs_feat_delta= 0.240548
EDGE_TTA_ACTIVE views= 8 mean_abs_feat_delta= 0.371647
SECONDARY_EDGE_TTA_ACTIVE views= 8 weight= 0.75 mean_abs_feat_delta= 0.231415
SECONDARY_EDGE_TTA_ACTIVE views= 8 weight= 0.75 mean_abs_feat_delta= 0.231415
EDGE_TTA_ACTIVE views= 8 mean_abs_feat_delta= 0.334586
EDGE_TTA_ACTIVE views= 8 mean_abs_feat_delta= 0.334586
EDGE_TTA_ACTIVE views= 8 mean_abs_feat_delta= 0.368025
SECONDARY_EDGE_TTA_ACTIVE views= 8 weight= 0.75 mean_abs_feat_delta= 0.239217
EDGE_TTA_ACTIVE views= 8 mean_abs_feat_delta= 0.368025
SECONDARY_EDGE_TTA_ACTIVE views= 8 weight= 0.75 mean_abs_feat_delta= 0.239217
SECONDARY_EDGE_TTA_ACTIVE views= 8 weight= 0.75 mean_abs_feat_delta= 0.232042
SECONDARY_EDGE_TTA_ACTIVE views= 8 weight= 0.75 mean_abs_feat_delta= 0.232042
EDGE_TTA_ACTIVE views= 8 mean_abs_feat_delta= 0.333591
EDGE_TTA_ACTIVE views= 8 mean_abs_feat_delta= 0.333591
EDGE_TTA_ACTIVE views= 8 mean_abs_feat_delta= 0.362922
SECONDARY_EDGE_TTA_ACTIVE views= 8 weight= 0.75 mean_abs_feat_delta= 0.238117
EDGE_TTA_ACTIVE views= 8 mean_abs_feat_delta= 0.362922
SECONDARY_EDGE_TTA_ACTIVE views= 8 weight= 0.75 mean_abs_feat_delta= 0.238117
SECONDARY_EDGE_TTA_ACTIVE views= 8 weight= 0.75 mean_abs_feat_delta= 0.232766
SECONDARY_EDGE_TTA_ACTIVE views= 8 weight= 0.75 mean_abs_feat_delta= 0.232766
EDGE_TTA_ACTIVE views= 8 mean_abs_feat_delta= 0.333424
EDGE_TTA_ACTIVE views= 8 mean_abs_feat_delta= 0.333424
EDGE_TTA_ACTIVE views= 8 mean_abs_feat_delta= 0.352705
EDGE_TTA_ACTIVE views= 8 mean_abs_feat_delta= 0.352705
SECONDARY_EDGE_TTA_ACTIVE views= 8 weight= 0.75 mean_abs_feat_delta= 0.241111
SECONDARY_EDGE_TTA_ACTIVE views= 8 weight= 0.75 mean_abs_feat_delta= 0.241111
SECONDARY_EDGE_TTA_ACTIVE views= 8 weight= 0.75 mean_abs_feat_delta= 0.235979
SECONDARY_EDGE_TTA_ACTIVE views= 8 weight= 0.75 mean_abs_feat_delta= 0.235979
EDGE_TTA_ACTIVE views= 8 mean_abs_feat_delta= 0.329672
EDGE_TTA_ACTIVE views= 8 mean_abs_feat_delta= 0.329672
EDGE_TTA_ACTIVE views= 8 mean_abs_feat_delta= 0.336896
EDGE_TTA_ACTIVE views= 8 mean_abs_feat_delta= 0.336896
SECONDARY_EDGE_TTA_ACTIVE views= 8 weight= 0.75 mean_abs_feat_delta= 0.233408
SECONDARY_EDGE_TTA_ACTIVE views= 8 weight= 0.75 mean_abs_feat_delta= 0.233408
SECONDARY_EDGE_TTA_ACTIVE views= 8 weight= 0.75 mean_abs_feat_delta= 0.241376
SECONDARY_EDGE_TTA_ACTIVE views= 8 weight= 0.75 mean_abs_feat_delta= 0.241376
EDGE_TTA_ACTIVE views= 8 mean_abs_feat_delta= 0.330847
EDGE_TTA_ACTIVE views= 8 mean_abs_feat_delta= 0.330847
EDGE_TTA_ACTIVE views= 8 mean_abs_feat_delta= 0.34476
EDGE_TTA_ACTIVE views= 8 mean_abs_feat_delta= 0.34476
SECONDARY_EDGE_TTA_ACTIVE views= 8 weight= 0.75 mean_abs_feat_delta= 0.236893
SECONDARY_EDGE_TTA_ACTIVE views= 8 weight= 0.75 mean_abs_feat_delta= 0.236893
SECONDARY_EDGE_TTA_ACTIVE views= 8 weight= 0.75 mean_abs_feat_delta= 0.233304
SECONDARY_EDGE_TTA_ACTIVE views= 8 weight= 0.75 mean_abs_feat_delta= 0.233304
EDGE_TTA_ACTIVE views= 8 mean_abs_feat_delta= 0.332545
EDGE_TTA_ACTIVE views= 8 mean_abs_feat_delta= 0.351291
EDGE_TTA_ACTIVE views= 8 mean_abs_feat_delta= 0.332545
EDGE_TTA_ACTIVE views= 8 mean_abs_feat_delta= 0.351291
SECONDARY_EDGE_TTA_ACTIVE views= 8 weight= 0.75 mean_abs_feat_delta= 0.244446
SECONDARY_EDGE_TTA_ACTIVE views= 8 weight= 0.75 mean_abs_feat_delta= 0.237349
SECONDARY_EDGE_TTA_ACTIVE views= 8 weight= 0.75 mean_abs_feat_delta= 0.244446
SECONDARY_EDGE_TTA_ACTIVE views= 8 weight= 0.75 mean_abs_feat_delta= 0.237349
EDGE_TTA_ACTIVE views= 8 mean_abs_feat_delta= 0.350787
EDGE_TTA_ACTIVE views= 8 mean_abs_feat_delta= 0.333406
EDGE_TTA_ACTIVE views= 8 mean_abs_feat_delta= 0.350787
EDGE_TTA_ACTIVE views= 8 mean_abs_feat_delta= 0.333406
SECONDARY_EDGE_TTA_ACTIVE views= 8 weight= 0.75 mean_abs_feat_delta= 0.237192
SECONDARY_EDGE_TTA_ACTIVE views= 8 weight= 0.75 mean_abs_feat_delta= 0.249633
SECONDARY_EDGE_TTA_ACTIVE views= 8 weight= 0.75 mean_abs_feat_delta= 0.237192
SECONDARY_EDGE_TTA_ACTIVE views= 8 weight= 0.75 mean_abs_feat_delta= 0.249633
EDGE_TTA_ACTIVE views= 8 mean_abs_feat_delta= 0.352459
EDGE_TTA_ACTIVE views= 8 mean_abs_feat_delta= 0.352459
EDGE_TTA_ACTIVE views= 8 mean_abs_feat_delta= 0.33416
EDGE_TTA_ACTIVE views= 8 mean_abs_feat_delta= 0.33416
SECONDARY_EDGE_TTA_ACTIVE views= 8 weight= 0.75 mean_abs_feat_delta= 0.23579
SECONDARY_EDGE_TTA_ACTIVE views= 8 weight= 0.75 mean_abs_feat_delta= 0.23579
SECONDARY_EDGE_TTA_ACTIVE views= 8 weight= 0.75 mean_abs_feat_delta= 0.246702
SECONDARY_EDGE_TTA_ACTIVE views= 8 weight= 0.75 mean_abs_feat_delta= 0.246702
EDGE_TTA_ACTIVE views= 8 mean_abs_feat_delta= 0.343926
EDGE_TTA_ACTIVE views= 8 mean_abs_feat_delta= 0.343926
EDGE_TTA_ACTIVE views= 8 mean_abs_feat_delta= 0.335015
EDGE_TTA_ACTIVE views= 8 mean_abs_feat_delta= 0.335015
SECONDARY_EDGE_TTA_ACTIVE views= 8 weight= 0.75 mean_abs_feat_delta= 0.245733
SECONDARY_EDGE_TTA_ACTIVE views= 8 weight= 0.75 mean_abs_feat_delta= 0.245733
SECONDARY_EDGE_TTA_ACTIVE views= 8 weight= 0.75 mean_abs_feat_delta= 0.239557
SECONDARY_EDGE_TTA_ACTIVE views= 8 weight= 0.75 mean_abs_feat_delta= 0.239557
EDGE_TTA_ACTIVE views= 8 mean_abs_feat_delta= 0.361961
EDGE_TTA_ACTIVE views= 8 mean_abs_feat_delta= 0.361961
EDGE_TTA_ACTIVE views= 8 mean_abs_feat_delta= 0.342511
EDGE_TTA_ACTIVE views= 8 mean_abs_feat_delta= 0.342511
SECONDARY_EDGE_TTA_ACTIVE views= 8 weight= 0.75 mean_abs_feat_delta= 0.237609
SECONDARY_EDGE_TTA_ACTIVE views= 8 weight= 0.75 mean_abs_feat_delta= 0.237609
SECONDARY_EDGE_TTA_ACTIVE views= 8 weight= 0.75 mean_abs_feat_delta= 0.238104
SECONDARY_EDGE_TTA_ACTIVE views= 8 weight= 0.75 mean_abs_feat_delta= 0.238104
EDGE_TTA_ACTIVE views= 8 mean_abs_feat_delta= 0.359198
EDGE_TTA_ACTIVE views= 8 mean_abs_feat_delta= 0.359198
EDGE_TTA_ACTIVE views= 8 mean_abs_feat_delta= 0.342159
EDGE_TTA_ACTIVE views= 8 mean_abs_feat_delta= 0.342159
SECONDARY_EDGE_TTA_ACTIVE views= 8 weight= 0.75 mean_abs_feat_delta= 0.24975
SECONDARY_EDGE_TTA_ACTIVE views= 8 weight= 0.75 mean_abs_feat_delta= 0.24975
SECONDARY_EDGE_TTA_ACTIVE views= 8 weight= 0.75 mean_abs_feat_delta= 0.239919
SECONDARY_EDGE_TTA_ACTIVE views= 8 weight= 0.75 mean_abs_feat_delta= 0.239919
EDGE_TTA_ACTIVE views= 8 mean_abs_feat_delta= 0.364122
EDGE_TTA_ACTIVE views= 8 mean_abs_feat_delta= 0.364122
EDGE_TTA_ACTIVE views= 8 mean_abs_feat_delta= 0.340811
SECONDARY_EDGE_TTA_ACTIVE views= 8 weight= 0.75 mean_abs_feat_delta= 0.23735
EDGE_TTA_ACTIVE views= 8 mean_abs_feat_delta= 0.340811
SECONDARY_EDGE_TTA_ACTIVE views= 8 weight= 0.75 mean_abs_feat_delta= 0.23735
SECONDARY_EDGE_TTA_ACTIVE views= 8 weight= 0.75 mean_abs_feat_delta= 0.238456
SECONDARY_EDGE_TTA_ACTIVE views= 8 weight= 0.75 mean_abs_feat_delta= 0.238456
EDGE_TTA_ACTIVE views= 8 mean_abs_feat_delta= 0.357428
EDGE_TTA_ACTIVE views= 8 mean_abs_feat_delta= 0.357428
SECONDARY_EDGE_TTA_ACTIVE views= 8 weight= 0.75 mean_abs_feat_delta= 0.239857
EDGE_TTA_ACTIVE views= 8 mean_abs_feat_delta= 0.349582
SECONDARY_EDGE_TTA_ACTIVE views= 8 weight= 0.75 mean_abs_feat_delta= 0.239857
EDGE_TTA_ACTIVE views= 8 mean_abs_feat_delta= 0.349582
SECONDARY_EDGE_TTA_ACTIVE views= 8 weight= 0.75 mean_abs_feat_delta= 0.237938
EDGE_TTA_ACTIVE views= 8 mean_abs_feat_delta= 0.343652
SECONDARY_EDGE_TTA_ACTIVE views= 8 weight= 0.75 mean_abs_feat_delta= 0.237938
EDGE_TTA_ACTIVE views= 8 mean_abs_feat_delta= 0.343652
SECONDARY_EDGE_TTA_ACTIVE views= 8 weight= 0.75 mean_abs_feat_delta= 0.246472
SECONDARY_EDGE_TTA_ACTIVE views= 8 weight= 0.75 mean_abs_feat_delta= 0.246472
EDGE_TTA_ACTIVE views= 8 mean_abs_feat_delta= 0.350508
EDGE_TTA_ACTIVE views= 8 mean_abs_feat_delta= 0.350508
EDGE_TTA_ACTIVE views= 8 mean_abs_feat_delta= 0.355033
SECONDARY_EDGE_TTA_ACTIVE views= 8 weight= 0.75 mean_abs_feat_delta= 0.242027
EDGE_TTA_ACTIVE views= 8 mean_abs_feat_delta= 0.355033
SECONDARY_EDGE_TTA_ACTIVE views= 8 weight= 0.75 mean_abs_feat_delta= 0.242027
SECONDARY_EDGE_TTA_ACTIVE views= 8 weight= 0.75 mean_abs_feat_delta= 0.23837
SECONDARY_EDGE_TTA_ACTIVE views= 8 weight= 0.75 mean_abs_feat_delta= 0.23837
EDGE_TTA_ACTIVE views= 8 mean_abs_feat_delta= 0.347721
EDGE_TTA_ACTIVE views= 8 mean_abs_feat_delta= 0.347721
EDGE_TTA_ACTIVE views= 8 mean_abs_feat_delta= 0.351347
SECONDARY_EDGE_TTA_ACTIVE views= 8 weight= 0.75 mean_abs_feat_delta= 0.244117
EDGE_TTA_ACTIVE views= 8 mean_abs_feat_delta= 0.351347
SECONDARY_EDGE_TTA_ACTIVE views= 8 weight= 0.75 mean_abs_feat_delta= 0.244117
SECONDARY_EDGE_TTA_ACTIVE views= 8 weight= 0.75 mean_abs_feat_delta= 0.23794
SECONDARY_EDGE_TTA_ACTIVE views= 8 weight= 0.75 mean_abs_feat_delta= 0.23794
EDGE_TTA_ACTIVE views= 8 mean_abs_feat_delta= 0.347752
EDGE_TTA_ACTIVE views= 8 mean_abs_feat_delta= 0.347752
EDGE_TTA_ACTIVE views= 8 mean_abs_feat_delta= 0.353252
EDGE_TTA_ACTIVE views= 8 mean_abs_feat_delta= 0.353252
SECONDARY_EDGE_TTA_ACTIVE views= 8 weight= 0.75 mean_abs_feat_delta= 0.243325
SECONDARY_EDGE_TTA_ACTIVE views= 8 weight= 0.75 mean_abs_feat_delta= 0.243325
SECONDARY_EDGE_TTA_ACTIVE views= 8 weight= 0.75 mean_abs_feat_delta= 0.237401
SECONDARY_EDGE_TTA_ACTIVE views= 8 weight= 0.75 mean_abs_feat_delta= 0.237401
EDGE_TTA_ACTIVE views= 8 mean_abs_feat_delta= 0.347648
EDGE_TTA_ACTIVE views= 8 mean_abs_feat_delta= 0.347648
EDGE_TTA_ACTIVE views= 8 mean_abs_feat_delta= 0.33905
EDGE_TTA_ACTIVE views= 8 mean_abs_feat_delta= 0.33905
SECONDARY_EDGE_TTA_ACTIVE views= 8 weight= 0.75 mean_abs_feat_delta= 0.244042
SECONDARY_EDGE_TTA_ACTIVE views= 8 weight= 0.75 mean_abs_feat_delta= 0.244042
SECONDARY_EDGE_TTA_ACTIVE views= 8 weight= 0.75 mean_abs_feat_delta= 0.245673
SECONDARY_EDGE_TTA_ACTIVE views= 8 weight= 0.75 mean_abs_feat_delta= 0.245673
EDGE_TTA_ACTIVE views= 8 mean_abs_feat_delta= 0.350568
EDGE_TTA_ACTIVE views= 8 mean_abs_feat_delta= 0.350568
EDGE_TTA_ACTIVE views= 8 mean_abs_feat_delta= 0.354422
EDGE_TTA_ACTIVE views= 8 mean_abs_feat_delta= 0.354422
SECONDARY_EDGE_TTA_ACTIVE views= 8 weight= 0.75 mean_abs_feat_delta= 0.24973
SECONDARY_EDGE_TTA_ACTIVE views= 8 weight= 0.75 mean_abs_feat_delta= 0.24973
SECONDARY_EDGE_TTA_ACTIVE views= 8 weight= 0.75 mean_abs_feat_delta= 0.235875
SECONDARY_EDGE_TTA_ACTIVE views= 8 weight= 0.75 mean_abs_feat_delta= 0.235875
EDGE_TTA_ACTIVE views= 8 mean_abs_feat_delta= 0.339277
EDGE_TTA_ACTIVE views= 8 mean_abs_feat_delta= 0.339277
EDGE_TTA_ACTIVE views= 8 mean_abs_feat_delta= 0.359708
EDGE_TTA_ACTIVE views= 8 mean_abs_feat_delta= 0.359708
SECONDARY_EDGE_TTA_ACTIVE views= 8 weight= 0.75 mean_abs_feat_delta= 0.239339
SECONDARY_EDGE_TTA_ACTIVE views= 8 weight= 0.75 mean_abs_feat_delta= 0.239339
SECONDARY_EDGE_TTA_ACTIVE views= 8 weight= 0.75 mean_abs_feat_delta= 0.241531
SECONDARY_EDGE_TTA_ACTIVE views= 8 weight= 0.75 mean_abs_feat_delta= 0.241531
EDGE_TTA_ACTIVE views= 8 mean_abs_feat_delta= 0.341866
EDGE_TTA_ACTIVE views= 8 mean_abs_feat_delta= 0.359515
EDGE_TTA_ACTIVE views= 8 mean_abs_feat_delta= 0.341866
EDGE_TTA_ACTIVE views= 8 mean_abs_feat_delta= 0.359515
SECONDARY_EDGE_TTA_ACTIVE views= 8 weight= 0.75 mean_abs_feat_delta= 0.244666
SECONDARY_EDGE_TTA_ACTIVE views= 8 weight= 0.75 mean_abs_feat_delta= 0.238654
SECONDARY_EDGE_TTA_ACTIVE views= 8 weight= 0.75 mean_abs_feat_delta= 0.244666
SECONDARY_EDGE_TTA_ACTIVE views= 8 weight= 0.75 mean_abs_feat_delta= 0.238654
EDGE_TTA_ACTIVE views= 8 mean_abs_feat_delta= 0.356987
EDGE_TTA_ACTIVE views= 8 mean_abs_feat_delta= 0.344401
EDGE_TTA_ACTIVE views= 8 mean_abs_feat_delta= 0.356987
EDGE_TTA_ACTIVE views= 8 mean_abs_feat_delta= 0.344401
SECONDARY_EDGE_TTA_ACTIVE views= 8 weight= 0.75 mean_abs_feat_delta= 0.244039
SECONDARY_EDGE_TTA_ACTIVE views= 8 weight= 0.75 mean_abs_feat_delta= 0.235897
SECONDARY_EDGE_TTA_ACTIVE views= 8 weight= 0.75 mean_abs_feat_delta= 0.244039
SECONDARY_EDGE_TTA_ACTIVE views= 8 weight= 0.75 mean_abs_feat_delta= 0.235897
EDGE_TTA_ACTIVE views= 8 mean_abs_feat_delta= 0.358806
EDGE_TTA_ACTIVE views= 8 mean_abs_feat_delta= 0.358806
EDGE_TTA_ACTIVE views= 8 mean_abs_feat_delta= 0.341738
EDGE_TTA_ACTIVE views= 8 mean_abs_feat_delta= 0.341738
SECONDARY_EDGE_TTA_ACTIVE views= 8 weight= 0.75 mean_abs_feat_delta= 0.232787
SECONDARY_EDGE_TTA_ACTIVE views= 8 weight= 0.75 mean_abs_feat_delta= 0.245322
SECONDARY_EDGE_TTA_ACTIVE views= 8 weight= 0.75 mean_abs_feat_delta= 0.232787
SECONDARY_EDGE_TTA_ACTIVE views= 8 weight= 0.75 mean_abs_feat_delta= 0.245322
EDGE_TTA_ACTIVE views= 8 mean_abs_feat_delta= 0.360605
EDGE_TTA_ACTIVE views= 8 mean_abs_feat_delta= 0.360605
EDGE_TTA_ACTIVE views= 8 mean_abs_feat_delta= 0.339738
EDGE_TTA_ACTIVE views= 8 mean_abs_feat_delta= 0.339738
SECONDARY_EDGE_TTA_ACTIVE views= 8 weight= 0.75 mean_abs_feat_delta= 0.235419
SECONDARY_EDGE_TTA_ACTIVE views= 8 weight= 0.75 mean_abs_feat_delta= 0.235419
SECONDARY_EDGE_TTA_ACTIVE views= 8 weight= 0.75 mean_abs_feat_delta= 0.2464
SECONDARY_EDGE_TTA_ACTIVE views= 8 weight= 0.75 mean_abs_feat_delta= 0.2464
EDGE_TTA_ACTIVE views= 8 mean_abs_feat_delta= 0.35888
EDGE_TTA_ACTIVE views= 8 mean_abs_feat_delta= 0.35888
EDGE_TTA_ACTIVE views= 8 mean_abs_feat_delta= 0.336334
EDGE_TTA_ACTIVE views= 8 mean_abs_feat_delta= 0.336334
SECONDARY_EDGE_TTA_ACTIVE views= 8 weight= 0.75 mean_abs_feat_delta= 0.232021
SECONDARY_EDGE_TTA_ACTIVE views= 8 weight= 0.75 mean_abs_feat_delta= 0.232021
SECONDARY_EDGE_TTA_ACTIVE views= 8 weight= 0.75 mean_abs_feat_delta= 0.244837
SECONDARY_EDGE_TTA_ACTIVE views= 8 weight= 0.75 mean_abs_feat_delta= 0.244837
EDGE_TTA_ACTIVE views= 8 mean_abs_feat_delta= 0.364525
EDGE_TTA_ACTIVE views= 8 mean_abs_feat_delta= 0.364525
EDGE_TTA_ACTIVE views= 8 mean_abs_feat_delta= 0.336552
EDGE_TTA_ACTIVE views= 8 mean_abs_feat_delta= 0.336552
SECONDARY_EDGE_TTA_ACTIVE views= 8 weight= 0.75 mean_abs_feat_delta= 0.235438
SECONDARY_EDGE_TTA_ACTIVE views= 8 weight= 0.75 mean_abs_feat_delta= 0.235438
SECONDARY_EDGE_TTA_ACTIVE views= 8 weight= 0.75 mean_abs_feat_delta= 0.249715
SECONDARY_EDGE_TTA_ACTIVE views= 8 weight= 0.75 mean_abs_feat_delta= 0.249715
EDGE_TTA_ACTIVE views= 8 mean_abs_feat_delta= 0.367055
EDGE_TTA_ACTIVE views= 8 mean_abs_feat_delta= 0.367055
EDGE_TTA_ACTIVE views= 8 mean_abs_feat_delta= 0.336751
EDGE_TTA_ACTIVE views= 8 mean_abs_feat_delta= 0.336751
SECONDARY_EDGE_TTA_ACTIVE views= 8 weight= 0.75 mean_abs_feat_delta= 0.238512
SECONDARY_EDGE_TTA_ACTIVE views= 8 weight= 0.75 mean_abs_feat_delta= 0.238512
SECONDARY_EDGE_TTA_ACTIVE views= 8 weight= 0.75 mean_abs_feat_delta= 0.246366
SECONDARY_EDGE_TTA_ACTIVE views= 8 weight= 0.75 mean_abs_feat_delta= 0.246366
EDGE_TTA_ACTIVE views= 8 mean_abs_feat_delta= 0.351417
EDGE_TTA_ACTIVE views= 8 mean_abs_feat_delta= 0.351417
EDGE_TTA_ACTIVE views= 8 mean_abs_feat_delta= 0.342229
EDGE_TTA_ACTIVE views= 8 mean_abs_feat_delta= 0.342229
SECONDARY_EDGE_TTA_ACTIVE views= 8 weight= 0.75 mean_abs_feat_delta= 0.246384
SECONDARY_EDGE_TTA_ACTIVE views= 8 weight= 0.75 mean_abs_feat_delta= 0.246384
SECONDARY_EDGE_TTA_ACTIVE views= 8 weight= 0.75 mean_abs_feat_delta= 0.250553
SECONDARY_EDGE_TTA_ACTIVE views= 8 weight= 0.75 mean_abs_feat_delta= 0.250553
EDGE_TTA_ACTIVE views= 8 mean_abs_feat_delta= 0.363487
EDGE_TTA_ACTIVE views= 8 mean_abs_feat_delta= 0.363487
EDGE_TTA_ACTIVE views= 8 mean_abs_feat_delta= 0.34433
SECONDARY_EDGE_TTA_ACTIVE views= 8 weight= 0.75 mean_abs_feat_delta= 0.234938
EDGE_TTA_ACTIVE views= 8 mean_abs_feat_delta= 0.34433
SECONDARY_EDGE_TTA_ACTIVE views= 8 weight= 0.75 mean_abs_feat_delta= 0.234938
SECONDARY_EDGE_TTA_ACTIVE views= 8 weight= 0.75 mean_abs_feat_delta= 0.253052
SECONDARY_EDGE_TTA_ACTIVE views= 8 weight= 0.75 mean_abs_feat_delta= 0.253052
EDGE_TTA_ACTIVE views= 8 mean_abs_feat_delta= 0.361591
EDGE_TTA_ACTIVE views= 8 mean_abs_feat_delta= 0.361591
SECONDARY_EDGE_TTA_ACTIVE views= 8 weight= 0.75 mean_abs_feat_delta= 0.237752
EDGE_TTA_ACTIVE views= 8 mean_abs_feat_delta= 0.338919
SECONDARY_EDGE_TTA_ACTIVE views= 8 weight= 0.75 mean_abs_feat_delta= 0.237752
EDGE_TTA_ACTIVE views= 8 mean_abs_feat_delta= 0.338919
SECONDARY_EDGE_TTA_ACTIVE views= 8 weight= 0.75 mean_abs_feat_delta= 0.249056
EDGE_TTA_ACTIVE views= 8 mean_abs_feat_delta= 0.35878
SECONDARY_EDGE_TTA_ACTIVE views= 8 weight= 0.75 mean_abs_feat_delta= 0.249056
EDGE_TTA_ACTIVE views= 8 mean_abs_feat_delta= 0.35878
SECONDARY_EDGE_TTA_ACTIVE views= 8 weight= 0.75 mean_abs_feat_delta= 0.23573
EDGE_TTA_ACTIVE views= 8 mean_abs_feat_delta= 0.334467
SECONDARY_EDGE_TTA_ACTIVE views= 8 weight= 0.75 mean_abs_feat_delta= 0.23573
EDGE_TTA_ACTIVE views= 8 mean_abs_feat_delta= 0.334467
SECONDARY_EDGE_TTA_ACTIVE views= 8 weight= 0.75 mean_abs_feat_delta= 0.249429
EDGE_TTA_ACTIVE views= 8 mean_abs_feat_delta= 0.361252
SECONDARY_EDGE_TTA_ACTIVE views= 8 weight= 0.75 mean_abs_feat_delta= 0.249429
EDGE_TTA_ACTIVE views= 8 mean_abs_feat_delta= 0.361252
SECONDARY_EDGE_TTA_ACTIVE views= 8 weight= 0.75 mean_abs_feat_delta= 0.235636
SECONDARY_EDGE_TTA_ACTIVE views= 8 weight= 0.75 mean_abs_feat_delta= 0.235636
EDGE_TTA_ACTIVE views= 8 mean_abs_feat_delta= 0.334048
EDGE_TTA_ACTIVE views= 8 mean_abs_feat_delta= 0.334048
EDGE_TTA_ACTIVE views= 8 mean_abs_feat_delta= 0.357825
SECONDARY_EDGE_TTA_ACTIVE views= 8 weight= 0.75 mean_abs_feat_delta= 0.246018
EDGE_TTA_ACTIVE views= 8 mean_abs_feat_delta= 0.357825
SECONDARY_EDGE_TTA_ACTIVE views= 8 weight= 0.75 mean_abs_feat_delta= 0.246018
SECONDARY_EDGE_TTA_ACTIVE views= 8 weight= 0.75 mean_abs_feat_delta= 0.23299
SECONDARY_EDGE_TTA_ACTIVE views= 8 weight= 0.75 mean_abs_feat_delta= 0.23299
EDGE_TTA_ACTIVE views= 8 mean_abs_feat_delta= 0.334845
EDGE_TTA_ACTIVE views= 8 mean_abs_feat_delta= 0.334845
EDGE_TTA_ACTIVE views= 8 mean_abs_feat_delta= 0.356818
EDGE_TTA_ACTIVE views= 8 mean_abs_feat_delta= 0.356818
SECONDARY_EDGE_TTA_ACTIVE views= 8 weight= 0.75 mean_abs_feat_delta= 0.244333
SECONDARY_EDGE_TTA_ACTIVE views= 8 weight= 0.75 mean_abs_feat_delta= 0.244333
SECONDARY_EDGE_TTA_ACTIVE views= 8 weight= 0.75 mean_abs_feat_delta= 0.232458
SECONDARY_EDGE_TTA_ACTIVE views= 8 weight= 0.75 mean_abs_feat_delta= 0.232458
EDGE_TTA_ACTIVE views= 8 mean_abs_feat_delta= 0.334767
EDGE_TTA_ACTIVE views= 8 mean_abs_feat_delta= 0.334767
EDGE_TTA_ACTIVE views= 8 mean_abs_feat_delta= 0.358323
EDGE_TTA_ACTIVE views= 8 mean_abs_feat_delta= 0.358323
SECONDARY_EDGE_TTA_ACTIVE views= 8 weight= 0.75 mean_abs_feat_delta= 0.248241
SECONDARY_EDGE_TTA_ACTIVE views= 8 weight= 0.75 mean_abs_feat_delta= 0.248241
SECONDARY_EDGE_TTA_ACTIVE views= 8 weight= 0.75 mean_abs_feat_delta= 0.232166
SECONDARY_EDGE_TTA_ACTIVE views= 8 weight= 0.75 mean_abs_feat_delta= 0.232166
EDGE_TTA_ACTIVE views= 8 mean_abs_feat_delta= 0.330452
EDGE_TTA_ACTIVE views= 8 mean_abs_feat_delta= 0.330452
EDGE_TTA_ACTIVE views= 8 mean_abs_feat_delta= 0.352135
EDGE_TTA_ACTIVE views= 8 mean_abs_feat_delta= 0.352135
SECONDARY_EDGE_TTA_ACTIVE views= 8 weight= 0.75 mean_abs_feat_delta= 0.239474
SECONDARY_EDGE_TTA_ACTIVE views= 8 weight= 0.75 mean_abs_feat_delta= 0.239474
SECONDARY_EDGE_TTA_ACTIVE views= 8 weight= 0.75 mean_abs_feat_delta= 0.232609
SECONDARY_EDGE_TTA_ACTIVE views= 8 weight= 0.75 mean_abs_feat_delta= 0.232609
EDGE_TTA_ACTIVE views= 8 mean_abs_feat_delta= 0.33197
EDGE_TTA_ACTIVE views= 8 mean_abs_feat_delta= 0.33197
EDGE_TTA_ACTIVE views= 8 mean_abs_feat_delta= 0.351911
EDGE_TTA_ACTIVE views= 8 mean_abs_feat_delta= 0.351911
SECONDARY_EDGE_TTA_ACTIVE views= 8 weight= 0.75 mean_abs_feat_delta= 0.247447
SECONDARY_EDGE_TTA_ACTIVE views= 8 weight= 0.75 mean_abs_feat_delta= 0.247447
SECONDARY_EDGE_TTA_ACTIVE views= 8 weight= 0.75 mean_abs_feat_delta= 0.232939
SECONDARY_EDGE_TTA_ACTIVE views= 8 weight= 0.75 mean_abs_feat_delta= 0.232939
EDGE_TTA_ACTIVE views= 8 mean_abs_feat_delta= 0.33369
EDGE_TTA_ACTIVE views= 8 mean_abs_feat_delta= 0.356519
EDGE_TTA_ACTIVE views= 8 mean_abs_feat_delta= 0.33369
EDGE_TTA_ACTIVE views= 8 mean_abs_feat_delta= 0.356519
SECONDARY_EDGE_TTA_ACTIVE views= 8 weight= 0.75 mean_abs_feat_delta= 0.242876
SECONDARY_EDGE_TTA_ACTIVE views= 8 weight= 0.75 mean_abs_feat_delta= 0.242876
SECONDARY_EDGE_TTA_ACTIVE views= 8 weight= 0.75 mean_abs_feat_delta= 0.231872
SECONDARY_EDGE_TTA_ACTIVE views= 8 weight= 0.75 mean_abs_feat_delta= 0.231872
EDGE_TTA_ACTIVE views= 8 mean_abs_feat_delta= 0.335249
EDGE_TTA_ACTIVE views= 8 mean_abs_feat_delta= 0.353385
EDGE_TTA_ACTIVE views= 8 mean_abs_feat_delta= 0.335249
EDGE_TTA_ACTIVE views= 8 mean_abs_feat_delta= 0.353385
SECONDARY_EDGE_TTA_ACTIVE views= 8 weight= 0.75 mean_abs_feat_delta= 0.249719
SECONDARY_EDGE_TTA_ACTIVE views= 8 weight= 0.75 mean_abs_feat_delta= 0.232685
SECONDARY_EDGE_TTA_ACTIVE views= 8 weight= 0.75 mean_abs_feat_delta= 0.249719
SECONDARY_EDGE_TTA_ACTIVE views= 8 weight= 0.75 mean_abs_feat_delta= 0.232685
EDGE_TTA_ACTIVE views= 8 mean_abs_feat_delta= 0.351229
EDGE_TTA_ACTIVE views= 8 mean_abs_feat_delta= 0.33665
EDGE_TTA_ACTIVE views= 8 mean_abs_feat_delta= 0.351229
EDGE_TTA_ACTIVE views= 8 mean_abs_feat_delta= 0.33665
SECONDARY_EDGE_TTA_ACTIVE views= 8 weight= 0.75 mean_abs_feat_delta= 0.250474
SECONDARY_EDGE_TTA_ACTIVE views= 8 weight= 0.75 mean_abs_feat_delta= 0.233018
SECONDARY_EDGE_TTA_ACTIVE views= 8 weight= 0.75 mean_abs_feat_delta= 0.250474
SECONDARY_EDGE_TTA_ACTIVE views= 8 weight= 0.75 mean_abs_feat_delta= 0.233018
EDGE_TTA_ACTIVE views= 8 mean_abs_feat_delta= 0.350705
EDGE_TTA_ACTIVE views= 8 mean_abs_feat_delta= 0.338336
EDGE_TTA_ACTIVE views= 8 mean_abs_feat_delta= 0.350705
EDGE_TTA_ACTIVE views= 8 mean_abs_feat_delta= 0.338336
SECONDARY_EDGE_TTA_ACTIVE views= 8 weight= 0.75 mean_abs_feat_delta= 0.234885
SECONDARY_EDGE_TTA_ACTIVE views= 8 weight= 0.75 mean_abs_feat_delta= 0.243806
SECONDARY_EDGE_TTA_ACTIVE views= 8 weight= 0.75 mean_abs_feat_delta= 0.234885
SECONDARY_EDGE_TTA_ACTIVE views= 8 weight= 0.75 mean_abs_feat_delta= 0.243806
EDGE_TTA_ACTIVE views= 8 mean_abs_feat_delta= 0.353278
EDGE_TTA_ACTIVE views= 8 mean_abs_feat_delta= 0.353278
EDGE_TTA_ACTIVE views= 8 mean_abs_feat_delta= 0.337788
EDGE_TTA_ACTIVE views= 8 mean_abs_feat_delta= 0.337788
SECONDARY_EDGE_TTA_ACTIVE views= 8 weight= 0.75 mean_abs_feat_delta= 0.232744
SECONDARY_EDGE_TTA_ACTIVE views= 8 weight= 0.75 mean_abs_feat_delta= 0.232744
SECONDARY_EDGE_TTA_ACTIVE views= 8 weight= 0.75 mean_abs_feat_delta= 0.245508
SECONDARY_EDGE_TTA_ACTIVE views= 8 weight= 0.75 mean_abs_feat_delta= 0.245508
EDGE_TTA_ACTIVE views= 8 mean_abs_feat_delta= 0.358064
EDGE_TTA_ACTIVE views= 8 mean_abs_feat_delta= 0.358064
EDGE_TTA_ACTIVE views= 8 mean_abs_feat_delta= 0.325091
EDGE_TTA_ACTIVE views= 8 mean_abs_feat_delta= 0.325091
SECONDARY_EDGE_TTA_ACTIVE views= 8 weight= 0.75 mean_abs_feat_delta= 0.229484
SECONDARY_EDGE_TTA_ACTIVE views= 8 weight= 0.75 mean_abs_feat_delta= 0.229484
SECONDARY_EDGE_TTA_ACTIVE views= 8 weight= 0.75 mean_abs_feat_delta= 0.241957
SECONDARY_EDGE_TTA_ACTIVE views= 8 weight= 0.75 mean_abs_feat_delta= 0.241957
EDGE_TTA_ACTIVE views= 8 mean_abs_feat_delta= 0.35946
EDGE_TTA_ACTIVE views= 8 mean_abs_feat_delta= 0.35946
EDGE_TTA_ACTIVE views= 8 mean_abs_feat_delta= 0.32712
EDGE_TTA_ACTIVE views= 8 mean_abs_feat_delta= 0.32712
SECONDARY_EDGE_TTA_ACTIVE views= 8 weight= 0.75 mean_abs_feat_delta= 0.231302
SECONDARY_EDGE_TTA_ACTIVE views= 8 weight= 0.75 mean_abs_feat_delta= 0.231302
SECONDARY_EDGE_TTA_ACTIVE views= 8 weight= 0.75 mean_abs_feat_delta= 0.252361
SECONDARY_EDGE_TTA_ACTIVE views= 8 weight= 0.75 mean_abs_feat_delta= 0.252361
EDGE_TTA_ACTIVE views= 8 mean_abs_feat_delta= 0.357537
EDGE_TTA_ACTIVE views= 8 mean_abs_feat_delta= 0.357537
EDGE_TTA_ACTIVE views= 8 mean_abs_feat_delta= 0.323213
EDGE_TTA_ACTIVE views= 8 mean_abs_feat_delta= 0.323213
SECONDARY_EDGE_TTA_ACTIVE views= 8 weight= 0.75 mean_abs_feat_delta= 0.233885
SECONDARY_EDGE_TTA_ACTIVE views= 8 weight= 0.75 mean_abs_feat_delta= 0.233885
SECONDARY_EDGE_TTA_ACTIVE views= 8 weight= 0.75 mean_abs_feat_delta= 0.245152
SECONDARY_EDGE_TTA_ACTIVE views= 8 weight= 0.75 mean_abs_feat_delta= 0.245152
EDGE_TTA_ACTIVE views= 8 mean_abs_feat_delta= 0.357561
EDGE_TTA_ACTIVE views= 8 mean_abs_feat_delta= 0.357561
EDGE_TTA_ACTIVE views= 8 mean_abs_feat_delta= 0.321976
SECONDARY_EDGE_TTA_ACTIVE views= 8 weight= 0.75 mean_abs_feat_delta= 0.235923
EDGE_TTA_ACTIVE views= 8 mean_abs_feat_delta= 0.321976
SECONDARY_EDGE_TTA_ACTIVE views= 8 weight= 0.75 mean_abs_feat_delta= 0.235923
SECONDARY_EDGE_TTA_ACTIVE views= 8 weight= 0.75 mean_abs_feat_delta= 0.249767
SECONDARY_EDGE_TTA_ACTIVE views= 8 weight= 0.75 mean_abs_feat_delta= 0.249767
EDGE_TTA_ACTIVE views= 8 mean_abs_feat_delta= 0.356691
EDGE_TTA_ACTIVE views= 8 mean_abs_feat_delta= 0.356691
EDGE_TTA_ACTIVE views= 8 mean_abs_feat_delta= 0.323768
SECONDARY_EDGE_TTA_ACTIVE views= 8 weight= 0.75 mean_abs_feat_delta= 0.236514
EDGE_TTA_ACTIVE views= 8 mean_abs_feat_delta= 0.323768
SECONDARY_EDGE_TTA_ACTIVE views= 8 weight= 0.75 mean_abs_feat_delta= 0.236514
SECONDARY_EDGE_TTA_ACTIVE views= 8 weight= 0.75 mean_abs_feat_delta= 0.251085
SECONDARY_EDGE_TTA_ACTIVE views= 8 weight= 0.75 mean_abs_feat_delta= 0.251085
EDGE_TTA_ACTIVE views= 8 mean_abs_feat_delta= 0.360713
EDGE_TTA_ACTIVE views= 8 mean_abs_feat_delta= 0.360713
SECONDARY_EDGE_TTA_ACTIVE views= 8 weight= 0.75 mean_abs_feat_delta= 0.236886
EDGE_TTA_ACTIVE views= 8 mean_abs_feat_delta= 0.324838
SECONDARY_EDGE_TTA_ACTIVE views= 8 weight= 0.75 mean_abs_feat_delta= 0.236886
EDGE_TTA_ACTIVE views= 8 mean_abs_feat_delta= 0.324838
SECONDARY_EDGE_TTA_ACTIVE views= 8 weight= 0.75 mean_abs_feat_delta= 0.239244
EDGE_TTA_ACTIVE views= 8 mean_abs_feat_delta= 0.361191
SECONDARY_EDGE_TTA_ACTIVE views= 8 weight= 0.75 mean_abs_feat_delta= 0.239244
EDGE_TTA_ACTIVE views= 8 mean_abs_feat_delta= 0.361191
SECONDARY_EDGE_TTA_ACTIVE views= 8 weight= 0.75 mean_abs_feat_delta= 0.236659
SECONDARY_EDGE_TTA_ACTIVE views= 8 weight= 0.75 mean_abs_feat_delta= 0.236659
EDGE_TTA_ACTIVE views= 8 mean_abs_feat_delta= 0.323094
EDGE_TTA_ACTIVE views= 8 mean_abs_feat_delta= 0.323094
EDGE_TTA_ACTIVE views= 8 mean_abs_feat_delta= 0.363957
SECONDARY_EDGE_TTA_ACTIVE views= 8 weight= 0.75 mean_abs_feat_delta= 0.247015
EDGE_TTA_ACTIVE views= 8 mean_abs_feat_delta= 0.363957
SECONDARY_EDGE_TTA_ACTIVE views= 8 weight= 0.75 mean_abs_feat_delta= 0.247015
SECONDARY_EDGE_TTA_ACTIVE views= 8 weight= 0.75 mean_abs_feat_delta= 0.238038
SECONDARY_EDGE_TTA_ACTIVE views= 8 weight= 0.75 mean_abs_feat_delta= 0.238038
EDGE_TTA_ACTIVE views= 8 mean_abs_feat_delta= 0.322603
EDGE_TTA_ACTIVE views= 8 mean_abs_feat_delta= 0.322603
SECONDARY_EDGE_TTA_ACTIVE views= 8 weight= 0.75 mean_abs_feat_delta= 0.251849
SECONDARY_EDGE_TTA_ACTIVE views= 8 weight= 0.75 mean_abs_feat_delta= 0.251849
EDGE_TTA_ACTIVE views= 8 mean_abs_feat_delta= 0.325152
EDGE_TTA_ACTIVE views= 8 mean_abs_feat_delta= 0.325152
SECONDARY_EDGE_TTA_ACTIVE views= 8 weight= 0.75 mean_abs_feat_delta= 0.251093
SECONDARY_EDGE_TTA_ACTIVE views= 8 weight= 0.75 mean_abs_feat_delta= 0.251093
Saved 2 predictions to /kaggle/working/tracking_repo/predictions/unknown/unet_transformer_gpu0/split_0
Saved 2 predictions to /kaggle/working/tracking_repo/predictions/unknown/unet_transformer_gpu0/split_0
EDGE_TTA_ACTIVE views= 8 mean_abs_feat_delta= 0.328347
EDGE_TTA_ACTIVE views= 8 mean_abs_feat_delta= 0.328347
SECONDARY_EDGE_TTA_ACTIVE views= 8 weight= 0.75 mean_abs_feat_delta= 0.244661
SECONDARY_EDGE_TTA_ACTIVE views= 8 weight= 0.75 mean_abs_feat_delta= 0.244661
EDGE_TTA_ACTIVE views= 8 mean_abs_feat_delta= 0.328262
EDGE_TTA_ACTIVE views= 8 mean_abs_feat_delta= 0.328262
SECONDARY_EDGE_TTA_ACTIVE views= 8 weight= 0.75 mean_abs_feat_delta= 0.243635
SECONDARY_EDGE_TTA_ACTIVE views= 8 weight= 0.75 mean_abs_feat_delta= 0.243635
EDGE_TTA_ACTIVE views= 8 mean_abs_feat_delta= 0.327618
EDGE_TTA_ACTIVE views= 8 mean_abs_feat_delta= 0.327618
SECONDARY_EDGE_TTA_ACTIVE views= 8 weight= 0.75 mean_abs_feat_delta= 0.248058
SECONDARY_EDGE_TTA_ACTIVE views= 8 weight= 0.75 mean_abs_feat_delta= 0.248058
Saved 2 predictions to /kaggle/working/tracking_repo/predictions/unknown/unet_transformer_gpu1/split_0
Saved 2 predictions to /kaggle/working/tracking_repo/predictions/unknown/unet_transformer_gpu1/split_0
Merged 4 prediction graphs into /kaggle/working/tracking_repo/predictions/unknown/unet_transformer/split_0
Prediction completed in 9.63 minutes
Trying DeepCenter add-only gate checkpoint: /kaggle/input/biohub-deepcenter-unet3d-center-prior-v1/weights/full_frame_center/best.pt
Loaded DeepCenter add-only gate checkpoint: /kaggle/input/biohub-deepcenter-unet3d-center-prior-v1/weights/full_frame_center/best.pt
DeepCenter checkpoint epoch: 2 best_score: -0.04500306242456039
Found 4 prediction graphs
  [44b6_0113de3b] after edge-filter+motion-relink: 25822 nodes, 24937 edges
DEEPCENTER_TTA_ACTIVE views= 8 mean_abs_logit_delta= 0.133289
  [44b6_0113de3b] after gap-closing (single-frame + gap2): 25884 nodes, 25052 edges
  [44b6_0113de3b] after safe-division repair: 25884 nodes, 25098 edges (geometric_candidates=171, deepcenter_rejected=112, post_veto_candidates=59, added=46, cap_skipped=0, mutual_nn_rejected=62, divergence_rejected=545)
  [44b6_0113de3b] after division-geometry-filter+prune-isolated: 25878 nodes, 25098 edges
  [44b6_0113de3b] after short-track filtering: 25622 nodes, 24900 edges (components_removed=58)
  [44b6_0113de3b] FINAL: 25622 nodes, 24900 edges
  [44b6_0b24845f] after edge-filter+motion-relink: 22491 nodes, 20373 edges
  [44b6_0b24845f] after gap-closing (single-frame + gap2): 22877 nodes, 21073 edges
  [44b6_0b24845f] after safe-division repair: 22877 nodes, 21088 edges (geometric_candidates=234, deepcenter_rejected=215, post_veto_candidates=19, added=15, cap_skipped=0, mutual_nn_rejected=58, divergence_rejected=903)
  [44b6_0b24845f] after division-geometry-filter+prune-isolated: 22864 nodes, 21088 edges
  [44b6_0b24845f] after short-track filtering: 20709 nodes, 19424 edges (components_removed=491)
  [44b6_0b24845f] FINAL: 20709 nodes, 19424 edges
  [6bba_05b6850b] after edge-filter+motion-relink: 6305 nodes, 6031 edges
  [6bba_05b6850b] after gap-closing (single-frame + gap2): 6336 nodes, 6087 edges
  [6bba_05b6850b] after safe-division repair: 6336 nodes, 6096 edges (geometric_candidates=22, deepcenter_rejected=13, post_veto_candidates=9, added=9, cap_skipped=0, mutual_nn_rejected=5, divergence_rejected=83)
  [6bba_05b6850b] after division-geometry-filter+prune-isolated: 6335 nodes, 6096 edges
  [6bba_05b6850b] after short-track filtering: 6152 nodes, 5956 edges (components_removed=43)
  [6bba_05b6850b] FINAL: 6152 nodes, 5956 edges
  [6bba_05db0fb1] after edge-filter+motion-relink: 70687 nodes, 67974 edges
  [6bba_05db0fb1] after gap-closing (single-frame + gap2): 71114 nodes, 68772 edges
  [6bba_05db0fb1] after safe-division repair: 71114 nodes, 68800 edges (geometric_candidates=305, deepcenter_rejected=271, post_veto_candidates=34, added=28, cap_skipped=0, mutual_nn_rejected=272, divergence_rejected=2649)
  [6bba_05db0fb1] after division-geometry-filter+prune-isolated: 71091 nodes, 68800 edges
  [6bba_05db0fb1] after short-track filtering: 70262 nodes, 68164 edges (components_removed=193)
  [6bba_05db0fb1] FINAL: 70262 nodes, 68164 edges
Wrote /kaggle/working/submission.csv with 241,189 rows
Node rows: 122,745 | edge rows: 118,444
Wrote /kaggle/working/run_stats.csv
{
  "configuration": {
    "bidirectional_primary_weight": 0.3,
    "deepcenter_gap_confirm_min_span_um": 8.5,
    "deepcenter_gap_threshold": 0.25,
    "detector_threshold": 0.96875,
    "edge_candidate_threshold": 0.48,
    "fallback_scope": "individual_frame",
    "gap_close_um": 5.8,
    "ilp_appearance_weight": 0.0,
    "ilp_disappearance_weight": 1.5,
    "minimum_candidate_retention": 0.9,
    "secondary_detection_weight": 0.475,
    "secondary_edge_weight": 0.15,
    "secondary_link_mode": "low_margin_consensus",
    "secondary_low_margin_max": 0.35
  },
  "diagnostics": {
    "by_movie": {
      "44b6_0113de3b": {
        "fallback_frames": 0,
        "frames": 100,
        "median_retention": 1.0118578927634045,
        "minimum_retention": 0.9926739926739927
      },
      "44b6_0b24845f": {
        "fallback_frames": 64,
        "frames": 100,
        "median_retention": 0.8618514846811123,
        "minimum_retention": 0.45307443365695793
      },
      "6bba_05b6850b": {
        "fallback_frames": 1,
        "frames": 100,
        "median_retention": 1.0137012012012012,
        "minimum_retention": 0.8918918918918919
      },
      "6bba_05db0fb1": {
        "fallback_frames": 0,
        "frames": 100,
        "median_retention": 1.0110725229826354,
        "minimum_retention": 0.9715142428785607
      }
    },
    "fallback_frames": 65,
    "rows": 400
  },
  "experiment": "harmonic_bidirectional_association_v1",
  "hardware": {
    "visible_gpu_count": 2
  },
  "leaderboard_feedback_used_for_configuration": true,
  "method_attribution": "fixed-90 dual-seed baseline with harmonic mutual-support association fusion (rule from public CC0 notebook yusuketogashi/no-hack-biohub-cell-another-approch-3rd v18)",
  "metric_hack_used": false,
  "organizer_labels_used_for_configuration": false,
  "parent_experiment": "paired_bidirectional_primary_weight020_vs_forward_v1",
  "public_output_used": false,
  "quality_promotion": {
    "execute_push_submit": "FORBIDDEN_UNTIL_REQUIRED_CONDITION",
    "required_condition": "promote=true",
    "required_receipt": "bidirectional_blend_union13_receipt.json",
    "status": "candidate_unverified",
    "validated_receipt_sha256": null
  },
  "source_kernel": "raykkretzschmar/biohub-bidirectional-primary-union13-diagnostic-v1",
  "source_notebook_sha256": "3e65ca691941949196bf417030ea84fccafe16baaec174b2a63540451bb937e8",
  "status": "clean_graph_audit_pass_candidate_unverified_quality",
  "submission": {
    "datasets": [
      "44b6_0113de3b",
      "44b6_0b24845f",
      "6bba_05b6850b",
      "6bba_05db0fb1"
    ],
    "rows": 241189,
    "sha256": "86ccf7e7b50081ea1830f6755301bb318a4f37707e71e16f20e0e9901ef45860"
  },
  "topology": {
    "44b6_0113de3b": {
      "division_parents": 46,
      "edges": 24900,
      "max_indegree": 1,
      "max_outdegree": 2,
      "nodes": 25622
    },
    "44b6_0b24845f": {
      "division_parents": 15,
      "edges": 19424,
      "max_indegree": 1,
      "max_outdegree": 2,
      "nodes": 20709
    },
    "6bba_05b6850b": {
      "division_parents": 9,
      "edges": 5956,
      "max_indegree": 1,
      "max_outdegree": 2,
      "nodes": 6152
    },
    "6bba_05db0fb1": {
      "division_parents": 28,
      "edges": 68164,
      "max_indegree": 1,
      "max_outdegree": 2,
      "nodes": 70262
    }
  }
}
VALIDATOR: excluding 4 TRAIN stem(s) that also appear in TEST_DIR: ['44b6_0113de3b', '44b6_0b24845f', '6bba_05b6850b', '6bba_05db0fb1']
VALIDATOR: selected 8 held-out TRAIN samples (4 per embryo-type prefix, 2 prefixes found, 8 contain a GT division)
['44b6_12dfb391', '44b6_267148e4', '44b6_2a2eff9f', '44b6_341df25f', '6bba_062c8d37', '6bba_07e24132', '6bba_085bf656', '6bba_09961292']
VALIDATOR: launching 2 shards on CUDA devices ['0', '1']
/usr/local/lib/python3.12/dist-packages/dask/array/image.py:7: FutureWarning: `find_available_plugins` is deprecated since version 0.25 and will be removed in version 0.27. The plugin infrastructure of `skimage.io` is deprecated. Instead, use `imageio` or other I/O packages directly.
  from skimage.io import imread as sk_imread
/usr/lib/python3.12/importlib/__init__.py:90: FutureWarning: `reset_plugins` is deprecated since version 0.25 and will be removed in version 0.27. The plugin infrastructure of `skimage.io` is deprecated. Instead, use `imageio` or other I/O packages directly.
  return _bootstrap._gcd_import(name[level:], package, level)
/usr/local/lib/python3.12/dist-packages/dask/array/image.py:7: FutureWarning: `find_available_plugins` is deprecated since version 0.25 and will be removed in version 0.27. The plugin infrastructure of `skimage.io` is deprecated. Instead, use `imageio` or other I/O packages directly.
  from skimage.io import imread as sk_imread
/usr/lib/python3.12/importlib/__init__.py:90: FutureWarning: `reset_plugins` is deprecated since version 0.25 and will be removed in version 0.27. The plugin infrastructure of `skimage.io` is deprecated. Instead, use `imageio` or other I/O packages directly.
  return _bootstrap._gcd_import(name[level:], package, level)
/usr/local/lib/python3.12/dist-packages/dask/array/image.py:7: FutureWarning: `find_available_plugins` is deprecated since version 0.25 and will be removed in version 0.27. The plugin infrastructure of `skimage.io` is deprecated. Instead, use `imageio` or other I/O packages directly.
  from skimage.io import imread as sk_imread
/usr/lib/python3.12/importlib/__init__.py:90: FutureWarning: `reset_plugins` is deprecated since version 0.25 and will be removed in version 0.27. The plugin infrastructure of `skimage.io` is deprecated. Instead, use `imageio` or other I/O packages directly.
  return _bootstrap._gcd_import(name[level:], package, level)
/usr/local/lib/python3.12/dist-packages/dask/array/image.py:7: FutureWarning: `find_available_plugins` is deprecated since version 0.25 and will be removed in version 0.27. The plugin infrastructure of `skimage.io` is deprecated. Instead, use `imageio` or other I/O packages directly.
  from skimage.io import imread as sk_imread
/usr/lib/python3.12/importlib/__init__.py:90: FutureWarning: `reset_plugins` is deprecated since version 0.25 and will be removed in version 0.27. The plugin infrastructure of `skimage.io` is deprecated. Instead, use `imageio` or other I/O packages directly.
  return _bootstrap._gcd_import(name[level:], package, level)

/usr/local/lib/python3.12/dist-packages/dask/array/image.py:7: FutureWarning: `find_available_plugins` is deprecated since version 0.25 and will be removed in version 0.27. The plugin infrastructure of `skimage.io` is deprecated. Instead, use `imageio` or other I/O packages directly.
  from skimage.io import imread as sk_imread
/usr/lib/python3.12/importlib/__init__.py:90: FutureWarning: `reset_plugins` is deprecated since version 0.25 and will be removed in version 0.27. The plugin infrastructure of `skimage.io` is deprecated. Instead, use `imageio` or other I/O packages directly.
  return _bootstrap._gcd_import(name[level:], package, level)
/usr/local/lib/python3.12/dist-packages/dask/array/image.py:7: FutureWarning: `find_available_plugins` is deprecated since version 0.25 and will be removed in version 0.27. The plugin infrastructure of `skimage.io` is deprecated. Instead, use `imageio` or other I/O packages directly.
  from skimage.io import imread as sk_imread
/usr/lib/python3.12/importlib/__init__.py:90: FutureWarning: `reset_plugins` is deprecated since version 0.25 and will be removed in version 0.27. The plugin infrastructure of `skimage.io` is deprecated. Instead, use `imageio` or other I/O packages directly.
  return _bootstrap._gcd_import(name[level:], package, level)
Secondary model: /kaggle/working/secondary_seed_weights/unet_transformer/split_0/edge_predictor_best.pth | edge weight=0.150 | detection weight=0.800 | link mode=low_margin_consensus | temperature=1.000 | low-margin max=0.350 | edge threshold=0.480
Fold 0: 4 datasets | weights=weights/unet_transformer/split_0/edge_predictor_best.pth | device=cuda | window_size=2 | pool_kernel_um=3.0
Secondary model: /kaggle/working/secondary_seed_weights/unet_transformer/split_0/edge_predictor_best.pth | edge weight=0.150 | detection weight=0.800 | link mode=low_margin_consensus | temperature=1.000 | low-margin max=0.350 | edge threshold=0.480
Fold 0: 4 datasets | weights=weights/unet_transformer/split_0/edge_predictor_best.pth | device=cuda | window_size=2 | pool_kernel_um=3.0
Secondary model: /kaggle/working/secondary_seed_weights/unet_transformer/split_0/edge_predictor_best.pth | edge weight=0.150 | detection weight=0.800 | link mode=low_margin_consensus | temperature=1.000 | low-margin max=0.350 | edge threshold=0.480
Fold 0: 4 datasets | weights=weights/unet_transformer/split_0/edge_predictor_best.pth | device=cuda | window_size=2 | pool_kernel_um=3.0
Secondary model: /kaggle/working/secondary_seed_weights/unet_transformer/split_0/edge_predictor_best.pth | edge weight=0.150 | detection weight=0.800 | link mode=low_margin_consensus | temperature=1.000 | low-margin max=0.350 | edge threshold=0.480
Fold 0: 4 datasets | weights=weights/unet_transformer/split_0/edge_predictor_best.pth | device=cuda | window_size=2 | pool_kernel_um=3.0
EDGE_TTA_ACTIVE views= 8 mean_abs_feat_delta= 0.392767
EDGE_TTA_ACTIVE views= 8 mean_abs_feat_delta= 0.392767
EDGE_TTA_ACTIVE views= 8 mean_abs_feat_delta= 0.34981
EDGE_TTA_ACTIVE views= 8 mean_abs_feat_delta= 0.34981
SECONDARY_EDGE_TTA_ACTIVE views= 8 weight= 0.75 mean_abs_feat_delta= 0.25325
SECONDARY_EDGE_TTA_ACTIVE views= 8 weight= 0.75 mean_abs_feat_delta= 0.25325
SECONDARY_EDGE_TTA_ACTIVE views= 8 weight= 0.75 mean_abs_feat_delta= 0.248181
SECONDARY_EDGE_TTA_ACTIVE views= 8 weight= 0.75 mean_abs_feat_delta= 0.248181
EDGE_TTA_ACTIVE views= 8 mean_abs_feat_delta= 0.399438
EDGE_TTA_ACTIVE views= 8 mean_abs_feat_delta= 0.399438
EDGE_TTA_ACTIVE views= 8 mean_abs_feat_delta= 0.348323
EDGE_TTA_ACTIVE views= 8 mean_abs_feat_delta= 0.348323
SECONDARY_EDGE_TTA_ACTIVE views= 8 weight= 0.75 mean_abs_feat_delta= 0.251396
SECONDARY_EDGE_TTA_ACTIVE views= 8 weight= 0.75 mean_abs_feat_delta= 0.251396
SECONDARY_EDGE_TTA_ACTIVE views= 8 weight= 0.75 mean_abs_feat_delta= 0.247023
SECONDARY_EDGE_TTA_ACTIVE views= 8 weight= 0.75 mean_abs_feat_delta= 0.247023
EDGE_TTA_ACTIVE views= 8 mean_abs_feat_delta= 0.403568
EDGE_TTA_ACTIVE views= 8 mean_abs_feat_delta= 0.403568
SECONDARY_EDGE_TTA_ACTIVE views= 8 weight= 0.75 mean_abs_feat_delta= 0.261829
EDGE_TTA_ACTIVE views= 8 mean_abs_feat_delta= 0.347872
SECONDARY_EDGE_TTA_ACTIVE views= 8 weight= 0.75 mean_abs_feat_delta= 0.261829
EDGE_TTA_ACTIVE views= 8 mean_abs_feat_delta= 0.347872
EDGE_TTA_ACTIVE views= 8 mean_abs_feat_delta= 0.396848
SECONDARY_EDGE_TTA_ACTIVE views= 8 weight= 0.75 mean_abs_feat_delta= 0.246602
EDGE_TTA_ACTIVE views= 8 mean_abs_feat_delta= 0.396848
SECONDARY_EDGE_TTA_ACTIVE views= 8 weight= 0.75 mean_abs_feat_delta= 0.246602
SECONDARY_EDGE_TTA_ACTIVE views= 8 weight= 0.75 mean_abs_feat_delta= 0.263394
SECONDARY_EDGE_TTA_ACTIVE views= 8 weight= 0.75 mean_abs_feat_delta= 0.263394
EDGE_TTA_ACTIVE views= 8 mean_abs_feat_delta= 0.351487
EDGE_TTA_ACTIVE views= 8 mean_abs_feat_delta= 0.351487
EDGE_TTA_ACTIVE views= 8 mean_abs_feat_delta= 0.405804
EDGE_TTA_ACTIVE views= 8 mean_abs_feat_delta= 0.405804
SECONDARY_EDGE_TTA_ACTIVE views= 8 weight= 0.75 mean_abs_feat_delta= 0.246793
SECONDARY_EDGE_TTA_ACTIVE views= 8 weight= 0.75 mean_abs_feat_delta= 0.246793
SECONDARY_EDGE_TTA_ACTIVE views= 8 weight= 0.75 mean_abs_feat_delta= 0.265155
SECONDARY_EDGE_TTA_ACTIVE views= 8 weight= 0.75 mean_abs_feat_delta= 0.265155
EDGE_TTA_ACTIVE views= 8 mean_abs_feat_delta= 0.349843
EDGE_TTA_ACTIVE views= 8 mean_abs_feat_delta= 0.406637
EDGE_TTA_ACTIVE views= 8 mean_abs_feat_delta= 0.349843
EDGE_TTA_ACTIVE views= 8 mean_abs_feat_delta= 0.406637
SECONDARY_EDGE_TTA_ACTIVE views= 8 weight= 0.75 mean_abs_feat_delta= 0.26828
SECONDARY_EDGE_TTA_ACTIVE views= 8 weight= 0.75 mean_abs_feat_delta= 0.248773
SECONDARY_EDGE_TTA_ACTIVE views= 8 weight= 0.75 mean_abs_feat_delta= 0.26828
SECONDARY_EDGE_TTA_ACTIVE views= 8 weight= 0.75 mean_abs_feat_delta= 0.248773
EDGE_TTA_ACTIVE views= 8 mean_abs_feat_delta= 0.406976
EDGE_TTA_ACTIVE views= 8 mean_abs_feat_delta= 0.406976
EDGE_TTA_ACTIVE views= 8 mean_abs_feat_delta= 0.348101
EDGE_TTA_ACTIVE views= 8 mean_abs_feat_delta= 0.348101
SECONDARY_EDGE_TTA_ACTIVE views= 8 weight= 0.75 mean_abs_feat_delta= 0.266278
SECONDARY_EDGE_TTA_ACTIVE views= 8 weight= 0.75 mean_abs_feat_delta= 0.266278
SECONDARY_EDGE_TTA_ACTIVE views= 8 weight= 0.75 mean_abs_feat_delta= 0.251248
SECONDARY_EDGE_TTA_ACTIVE views= 8 weight= 0.75 mean_abs_feat_delta= 0.251248
EDGE_TTA_ACTIVE views= 8 mean_abs_feat_delta= 0.402713
EDGE_TTA_ACTIVE views= 8 mean_abs_feat_delta= 0.402713
EDGE_TTA_ACTIVE views= 8 mean_abs_feat_delta= 0.351882
SECONDARY_EDGE_TTA_ACTIVE views= 8 weight= 0.75 mean_abs_feat_delta= 0.265313
EDGE_TTA_ACTIVE views= 8 mean_abs_feat_delta= 0.351882
SECONDARY_EDGE_TTA_ACTIVE views= 8 weight= 0.75 mean_abs_feat_delta= 0.265313
SECONDARY_EDGE_TTA_ACTIVE views= 8 weight= 0.75 mean_abs_feat_delta= 0.248045
EDGE_TTA_ACTIVE views= 8 mean_abs_feat_delta= 0.409078
SECONDARY_EDGE_TTA_ACTIVE views= 8 weight= 0.75 mean_abs_feat_delta= 0.248045
EDGE_TTA_ACTIVE views= 8 mean_abs_feat_delta= 0.409078
SECONDARY_EDGE_TTA_ACTIVE views= 8 weight= 0.75 mean_abs_feat_delta= 0.269693
SECONDARY_EDGE_TTA_ACTIVE views= 8 weight= 0.75 mean_abs_feat_delta= 0.269693
EDGE_TTA_ACTIVE views= 8 mean_abs_feat_delta= 0.352461
EDGE_TTA_ACTIVE views= 8 mean_abs_feat_delta= 0.352461
EDGE_TTA_ACTIVE views= 8 mean_abs_feat_delta= 0.408625
EDGE_TTA_ACTIVE views= 8 mean_abs_feat_delta= 0.408625
SECONDARY_EDGE_TTA_ACTIVE views= 8 weight= 0.75 mean_abs_feat_delta= 0.24889
SECONDARY_EDGE_TTA_ACTIVE views= 8 weight= 0.75 mean_abs_feat_delta= 0.24889
SECONDARY_EDGE_TTA_ACTIVE views= 8 weight= 0.75 mean_abs_feat_delta= 0.268201
SECONDARY_EDGE_TTA_ACTIVE views= 8 weight= 0.75 mean_abs_feat_delta= 0.268201
EDGE_TTA_ACTIVE views= 8 mean_abs_feat_delta= 0.352873
EDGE_TTA_ACTIVE views= 8 mean_abs_feat_delta= 0.352873
EDGE_TTA_ACTIVE views= 8 mean_abs_feat_delta= 0.39904
EDGE_TTA_ACTIVE views= 8 mean_abs_feat_delta= 0.39904
SECONDARY_EDGE_TTA_ACTIVE views= 8 weight= 0.75 mean_abs_feat_delta= 0.252126
SECONDARY_EDGE_TTA_ACTIVE views= 8 weight= 0.75 mean_abs_feat_delta= 0.270173
SECONDARY_EDGE_TTA_ACTIVE views= 8 weight= 0.75 mean_abs_feat_delta= 0.252126
SECONDARY_EDGE_TTA_ACTIVE views= 8 weight= 0.75 mean_abs_feat_delta= 0.270173
EDGE_TTA_ACTIVE views= 8 mean_abs_feat_delta= 0.400016
EDGE_TTA_ACTIVE views= 8 mean_abs_feat_delta= 0.354101
EDGE_TTA_ACTIVE views= 8 mean_abs_feat_delta= 0.400016
EDGE_TTA_ACTIVE views= 8 mean_abs_feat_delta= 0.354101
SECONDARY_EDGE_TTA_ACTIVE views= 8 weight= 0.75 mean_abs_feat_delta= 0.274836
SECONDARY_EDGE_TTA_ACTIVE views= 8 weight= 0.75 mean_abs_feat_delta= 0.274836
SECONDARY_EDGE_TTA_ACTIVE views= 8 weight= 0.75 mean_abs_feat_delta= 0.254643
SECONDARY_EDGE_TTA_ACTIVE views= 8 weight= 0.75 mean_abs_feat_delta= 0.254643
EDGE_TTA_ACTIVE views= 8 mean_abs_feat_delta= 0.392897
EDGE_TTA_ACTIVE views= 8 mean_abs_feat_delta= 0.392897
EDGE_TTA_ACTIVE views= 8 mean_abs_feat_delta= 0.353493
EDGE_TTA_ACTIVE views= 8 mean_abs_feat_delta= 0.353493
SECONDARY_EDGE_TTA_ACTIVE views= 8 weight= 0.75 mean_abs_feat_delta= 0.275465
SECONDARY_EDGE_TTA_ACTIVE views= 8 weight= 0.75 mean_abs_feat_delta= 0.275465
SECONDARY_EDGE_TTA_ACTIVE views= 8 weight= 0.75 mean_abs_feat_delta= 0.252923
SECONDARY_EDGE_TTA_ACTIVE views= 8 weight= 0.75 mean_abs_feat_delta= 0.252923
EDGE_TTA_ACTIVE views= 8 mean_abs_feat_delta= 0.386155
EDGE_TTA_ACTIVE views= 8 mean_abs_feat_delta= 0.386155
SECONDARY_EDGE_TTA_ACTIVE views= 8 weight= 0.75 mean_abs_feat_delta= 0.276966
SECONDARY_EDGE_TTA_ACTIVE views= 8 weight= 0.75 mean_abs_feat_delta= 0.276966
EDGE_TTA_ACTIVE views= 8 mean_abs_feat_delta= 0.351325
EDGE_TTA_ACTIVE views= 8 mean_abs_feat_delta= 0.351325
EDGE_TTA_ACTIVE views= 8 mean_abs_feat_delta= 0.384551
EDGE_TTA_ACTIVE views= 8 mean_abs_feat_delta= 0.384551
SECONDARY_EDGE_TTA_ACTIVE views= 8 weight= 0.75 mean_abs_feat_delta= 0.254734
SECONDARY_EDGE_TTA_ACTIVE views= 8 weight= 0.75 mean_abs_feat_delta= 0.254734
SECONDARY_EDGE_TTA_ACTIVE views= 8 weight= 0.75 mean_abs_feat_delta= 0.281272
SECONDARY_EDGE_TTA_ACTIVE views= 8 weight= 0.75 mean_abs_feat_delta= 0.281272
EDGE_TTA_ACTIVE views= 8 mean_abs_feat_delta= 0.348177
EDGE_TTA_ACTIVE views= 8 mean_abs_feat_delta= 0.348177
EDGE_TTA_ACTIVE views= 8 mean_abs_feat_delta= 0.380346
EDGE_TTA_ACTIVE views= 8 mean_abs_feat_delta= 0.380346
SECONDARY_EDGE_TTA_ACTIVE views= 8 weight= 0.75 mean_abs_feat_delta= 0.253579
SECONDARY_EDGE_TTA_ACTIVE views= 8 weight= 0.75 mean_abs_feat_delta= 0.285887
SECONDARY_EDGE_TTA_ACTIVE views= 8 weight= 0.75 mean_abs_feat_delta= 0.253579
SECONDARY_EDGE_TTA_ACTIVE views= 8 weight= 0.75 mean_abs_feat_delta= 0.285887
EDGE_TTA_ACTIVE views= 8 mean_abs_feat_delta= 0.37911
EDGE_TTA_ACTIVE views= 8 mean_abs_feat_delta= 0.350577
EDGE_TTA_ACTIVE views= 8 mean_abs_feat_delta= 0.37911
EDGE_TTA_ACTIVE views= 8 mean_abs_feat_delta= 0.350577
SECONDARY_EDGE_TTA_ACTIVE views= 8 weight= 0.75 mean_abs_feat_delta= 0.286323
SECONDARY_EDGE_TTA_ACTIVE views= 8 weight= 0.75 mean_abs_feat_delta= 0.286323
SECONDARY_EDGE_TTA_ACTIVE views= 8 weight= 0.75 mean_abs_feat_delta= 0.25103
SECONDARY_EDGE_TTA_ACTIVE views= 8 weight= 0.75 mean_abs_feat_delta= 0.25103
EDGE_TTA_ACTIVE views= 8 mean_abs_feat_delta= 0.388444
EDGE_TTA_ACTIVE views= 8 mean_abs_feat_delta= 0.388444
EDGE_TTA_ACTIVE views= 8 mean_abs_feat_delta= 0.351302
EDGE_TTA_ACTIVE views= 8 mean_abs_feat_delta= 0.351302
SECONDARY_EDGE_TTA_ACTIVE views= 8 weight= 0.75 mean_abs_feat_delta= 0.289269
SECONDARY_EDGE_TTA_ACTIVE views= 8 weight= 0.75 mean_abs_feat_delta= 0.289269
SECONDARY_EDGE_TTA_ACTIVE views= 8 weight= 0.75 mean_abs_feat_delta= 0.25233
SECONDARY_EDGE_TTA_ACTIVE views= 8 weight= 0.75 mean_abs_feat_delta= 0.25233
EDGE_TTA_ACTIVE views= 8 mean_abs_feat_delta= 0.38137
EDGE_TTA_ACTIVE views= 8 mean_abs_feat_delta= 0.38137
SECONDARY_EDGE_TTA_ACTIVE views= 8 weight= 0.75 mean_abs_feat_delta= 0.293139
SECONDARY_EDGE_TTA_ACTIVE views= 8 weight= 0.75 mean_abs_feat_delta= 0.293139
EDGE_TTA_ACTIVE views= 8 mean_abs_feat_delta= 0.349328
EDGE_TTA_ACTIVE views= 8 mean_abs_feat_delta= 0.349328
EDGE_TTA_ACTIVE views= 8 mean_abs_feat_delta= 0.380845
EDGE_TTA_ACTIVE views= 8 mean_abs_feat_delta= 0.380845
SECONDARY_EDGE_TTA_ACTIVE views= 8 weight= 0.75 mean_abs_feat_delta= 0.251184
SECONDARY_EDGE_TTA_ACTIVE views= 8 weight= 0.75 mean_abs_feat_delta= 0.251184
SECONDARY_EDGE_TTA_ACTIVE views= 8 weight= 0.75 mean_abs_feat_delta= 0.293928
SECONDARY_EDGE_TTA_ACTIVE views= 8 weight= 0.75 mean_abs_feat_delta= 0.293928
EDGE_TTA_ACTIVE views= 8 mean_abs_feat_delta= 0.347529
EDGE_TTA_ACTIVE views= 8 mean_abs_feat_delta= 0.347529
EDGE_TTA_ACTIVE views= 8 mean_abs_feat_delta= 0.378817
EDGE_TTA_ACTIVE views= 8 mean_abs_feat_delta= 0.378817
SECONDARY_EDGE_TTA_ACTIVE views= 8 weight= 0.75 mean_abs_feat_delta= 0.24962
SECONDARY_EDGE_TTA_ACTIVE views= 8 weight= 0.75 mean_abs_feat_delta= 0.297484
SECONDARY_EDGE_TTA_ACTIVE views= 8 weight= 0.75 mean_abs_feat_delta= 0.24962
SECONDARY_EDGE_TTA_ACTIVE views= 8 weight= 0.75 mean_abs_feat_delta= 0.297484
EDGE_TTA_ACTIVE views= 8 mean_abs_feat_delta= 0.370246
EDGE_TTA_ACTIVE views= 8 mean_abs_feat_delta= 0.34733
EDGE_TTA_ACTIVE views= 8 mean_abs_feat_delta= 0.370246
EDGE_TTA_ACTIVE views= 8 mean_abs_feat_delta= 0.34733
SECONDARY_EDGE_TTA_ACTIVE views= 8 weight= 0.75 mean_abs_feat_delta= 0.295002
SECONDARY_EDGE_TTA_ACTIVE views= 8 weight= 0.75 mean_abs_feat_delta= 0.295002
SECONDARY_EDGE_TTA_ACTIVE views= 8 weight= 0.75 mean_abs_feat_delta= 0.253407
SECONDARY_EDGE_TTA_ACTIVE views= 8 weight= 0.75 mean_abs_feat_delta= 0.253407
EDGE_TTA_ACTIVE views= 8 mean_abs_feat_delta= 0.364454
EDGE_TTA_ACTIVE views= 8 mean_abs_feat_delta= 0.364454
EDGE_TTA_ACTIVE views= 8 mean_abs_feat_delta= 0.346983
EDGE_TTA_ACTIVE views= 8 mean_abs_feat_delta= 0.346983
SECONDARY_EDGE_TTA_ACTIVE views= 8 weight= 0.75 mean_abs_feat_delta= 0.297522
SECONDARY_EDGE_TTA_ACTIVE views= 8 weight= 0.75 mean_abs_feat_delta= 0.297522
SECONDARY_EDGE_TTA_ACTIVE views= 8 weight= 0.75 mean_abs_feat_delta= 0.2512
SECONDARY_EDGE_TTA_ACTIVE views= 8 weight= 0.75 mean_abs_feat_delta= 0.2512
EDGE_TTA_ACTIVE views= 8 mean_abs_feat_delta= 0.372022
EDGE_TTA_ACTIVE views= 8 mean_abs_feat_delta= 0.372022
SECONDARY_EDGE_TTA_ACTIVE views= 8 weight= 0.75 mean_abs_feat_delta= 0.294151
EDGE_TTA_ACTIVE views= 8 mean_abs_feat_delta= 0.343153
SECONDARY_EDGE_TTA_ACTIVE views= 8 weight= 0.75 mean_abs_feat_delta= 0.294151
EDGE_TTA_ACTIVE views= 8 mean_abs_feat_delta= 0.343153
EDGE_TTA_ACTIVE views= 8 mean_abs_feat_delta= 0.367153
SECONDARY_EDGE_TTA_ACTIVE views= 8 weight= 0.75 mean_abs_feat_delta= 0.24607
EDGE_TTA_ACTIVE views= 8 mean_abs_feat_delta= 0.367153
SECONDARY_EDGE_TTA_ACTIVE views= 8 weight= 0.75 mean_abs_feat_delta= 0.24607
SECONDARY_EDGE_TTA_ACTIVE views= 8 weight= 0.75 mean_abs_feat_delta= 0.291229
SECONDARY_EDGE_TTA_ACTIVE views= 8 weight= 0.75 mean_abs_feat_delta= 0.291229
EDGE_TTA_ACTIVE views= 8 mean_abs_feat_delta= 0.343379
EDGE_TTA_ACTIVE views= 8 mean_abs_feat_delta= 0.343379
EDGE_TTA_ACTIVE views= 8 mean_abs_feat_delta= 0.366124
EDGE_TTA_ACTIVE views= 8 mean_abs_feat_delta= 0.366124
SECONDARY_EDGE_TTA_ACTIVE views= 8 weight= 0.75 mean_abs_feat_delta= 0.246416
SECONDARY_EDGE_TTA_ACTIVE views= 8 weight= 0.75 mean_abs_feat_delta= 0.246416
SECONDARY_EDGE_TTA_ACTIVE views= 8 weight= 0.75 mean_abs_feat_delta= 0.288452
SECONDARY_EDGE_TTA_ACTIVE views= 8 weight= 0.75 mean_abs_feat_delta= 0.288452
EDGE_TTA_ACTIVE views= 8 mean_abs_feat_delta= 0.345181
EDGE_TTA_ACTIVE views= 8 mean_abs_feat_delta= 0.345181
EDGE_TTA_ACTIVE views= 8 mean_abs_feat_delta= 0.36912
EDGE_TTA_ACTIVE views= 8 mean_abs_feat_delta= 0.36912
SECONDARY_EDGE_TTA_ACTIVE views= 8 weight= 0.75 mean_abs_feat_delta= 0.248144
BIOHUB_RETENTION_GUARD {"blended_candidates": 431, "dataset": "44b6_12dfb391", "frame": 22, "minimum_retention": 0.9, "primary_candidates": 484, "retention": 0.890495867768595, "use_primary": true}
SECONDARY_EDGE_TTA_ACTIVE views= 8 weight= 0.75 mean_abs_feat_delta= 0.291278
SECONDARY_EDGE_TTA_ACTIVE views= 8 weight= 0.75 mean_abs_feat_delta= 0.248144
BIOHUB_RETENTION_GUARD {"blended_candidates": 431, "dataset": "44b6_12dfb391", "frame": 22, "minimum_retention": 0.9, "primary_candidates": 484, "retention": 0.890495867768595, "use_primary": true}
SECONDARY_EDGE_TTA_ACTIVE views= 8 weight= 0.75 mean_abs_feat_delta= 0.291278
EDGE_TTA_ACTIVE views= 8 mean_abs_feat_delta= 0.364666
EDGE_TTA_ACTIVE views= 8 mean_abs_feat_delta= 0.343644
EDGE_TTA_ACTIVE views= 8 mean_abs_feat_delta= 0.364666
EDGE_TTA_ACTIVE views= 8 mean_abs_feat_delta= 0.343644
SECONDARY_EDGE_TTA_ACTIVE views= 8 weight= 0.75 mean_abs_feat_delta= 0.28858
SECONDARY_EDGE_TTA_ACTIVE views= 8 weight= 0.75 mean_abs_feat_delta= 0.28858
SECONDARY_EDGE_TTA_ACTIVE views= 8 weight= 0.75 mean_abs_feat_delta= 0.251758
BIOHUB_RETENTION_GUARD {"blended_candidates": 433, "dataset": "44b6_12dfb391", "frame": 23, "minimum_retention": 0.9, "primary_candidates": 484, "retention": 0.8946280991735537, "use_primary": true}
SECONDARY_EDGE_TTA_ACTIVE views= 8 weight= 0.75 mean_abs_feat_delta= 0.251758
BIOHUB_RETENTION_GUARD {"blended_candidates": 433, "dataset": "44b6_12dfb391", "frame": 23, "minimum_retention": 0.9, "primary_candidates": 484, "retention": 0.8946280991735537, "use_primary": true}
EDGE_TTA_ACTIVE views= 8 mean_abs_feat_delta= 0.35307
EDGE_TTA_ACTIVE views= 8 mean_abs_feat_delta= 0.35307
EDGE_TTA_ACTIVE views= 8 mean_abs_feat_delta= 0.346576
EDGE_TTA_ACTIVE views= 8 mean_abs_feat_delta= 0.346576
SECONDARY_EDGE_TTA_ACTIVE views= 8 weight= 0.75 mean_abs_feat_delta= 0.279262
SECONDARY_EDGE_TTA_ACTIVE views= 8 weight= 0.75 mean_abs_feat_delta= 0.279262
SECONDARY_EDGE_TTA_ACTIVE views= 8 weight= 0.75 mean_abs_feat_delta= 0.255124
SECONDARY_EDGE_TTA_ACTIVE views= 8 weight= 0.75 mean_abs_feat_delta= 0.255124
EDGE_TTA_ACTIVE views= 8 mean_abs_feat_delta= 0.342104
EDGE_TTA_ACTIVE views= 8 mean_abs_feat_delta= 0.342104
EDGE_TTA_ACTIVE views= 8 mean_abs_feat_delta= 0.351385
SECONDARY_EDGE_TTA_ACTIVE views= 8 weight= 0.75 mean_abs_feat_delta= 0.277317
EDGE_TTA_ACTIVE views= 8 mean_abs_feat_delta= 0.351385
SECONDARY_EDGE_TTA_ACTIVE views= 8 weight= 0.75 mean_abs_feat_delta= 0.277317
SECONDARY_EDGE_TTA_ACTIVE views= 8 weight= 0.75 mean_abs_feat_delta= 0.253738
EDGE_TTA_ACTIVE views= 8 mean_abs_feat_delta= 0.340484
SECONDARY_EDGE_TTA_ACTIVE views= 8 weight= 0.75 mean_abs_feat_delta= 0.253738
EDGE_TTA_ACTIVE views= 8 mean_abs_feat_delta= 0.340484
SECONDARY_EDGE_TTA_ACTIVE views= 8 weight= 0.75 mean_abs_feat_delta= 0.289551
SECONDARY_EDGE_TTA_ACTIVE views= 8 weight= 0.75 mean_abs_feat_delta= 0.289551
EDGE_TTA_ACTIVE views= 8 mean_abs_feat_delta= 0.352556
EDGE_TTA_ACTIVE views= 8 mean_abs_feat_delta= 0.352556
EDGE_TTA_ACTIVE views= 8 mean_abs_feat_delta= 0.356776
EDGE_TTA_ACTIVE views= 8 mean_abs_feat_delta= 0.356776
SECONDARY_EDGE_TTA_ACTIVE views= 8 weight= 0.75 mean_abs_feat_delta= 0.254963
SECONDARY_EDGE_TTA_ACTIVE views= 8 weight= 0.75 mean_abs_feat_delta= 0.254963
SECONDARY_EDGE_TTA_ACTIVE views= 8 weight= 0.75 mean_abs_feat_delta= 0.298782
SECONDARY_EDGE_TTA_ACTIVE views= 8 weight= 0.75 mean_abs_feat_delta= 0.298782
EDGE_TTA_ACTIVE views= 8 mean_abs_feat_delta= 0.350435
EDGE_TTA_ACTIVE views= 8 mean_abs_feat_delta= 0.350435
EDGE_TTA_ACTIVE views= 8 mean_abs_feat_delta= 0.355165
EDGE_TTA_ACTIVE views= 8 mean_abs_feat_delta= 0.355165
SECONDARY_EDGE_TTA_ACTIVE views= 8 weight= 0.75 mean_abs_feat_delta= 0.253821
BIOHUB_RETENTION_GUARD {"blended_candidates": 451, "dataset": "44b6_12dfb391", "frame": 27, "minimum_retention": 0.9, "primary_candidates": 504, "retention": 0.8948412698412699, "use_primary": true}
SECONDARY_EDGE_TTA_ACTIVE views= 8 weight= 0.75 mean_abs_feat_delta= 0.253821
BIOHUB_RETENTION_GUARD {"blended_candidates": 451, "dataset": "44b6_12dfb391", "frame": 27, "minimum_retention": 0.9, "primary_candidates": 504, "retention": 0.8948412698412699, "use_primary": true}
SECONDARY_EDGE_TTA_ACTIVE views= 8 weight= 0.75 mean_abs_feat_delta= 0.295177
SECONDARY_EDGE_TTA_ACTIVE views= 8 weight= 0.75 mean_abs_feat_delta= 0.295177
EDGE_TTA_ACTIVE views= 8 mean_abs_feat_delta= 0.351638
EDGE_TTA_ACTIVE views= 8 mean_abs_feat_delta= 0.351638
EDGE_TTA_ACTIVE views= 8 mean_abs_feat_delta= 0.355677
EDGE_TTA_ACTIVE views= 8 mean_abs_feat_delta= 0.355677
SECONDARY_EDGE_TTA_ACTIVE views= 8 weight= 0.75 mean_abs_feat_delta= 0.252121
SECONDARY_EDGE_TTA_ACTIVE views= 8 weight= 0.75 mean_abs_feat_delta= 0.303441
SECONDARY_EDGE_TTA_ACTIVE views= 8 weight= 0.75 mean_abs_feat_delta= 0.252121
SECONDARY_EDGE_TTA_ACTIVE views= 8 weight= 0.75 mean_abs_feat_delta= 0.303441
EDGE_TTA_ACTIVE views= 8 mean_abs_feat_delta= 0.358773
EDGE_TTA_ACTIVE views= 8 mean_abs_feat_delta= 0.3532
EDGE_TTA_ACTIVE views= 8 mean_abs_feat_delta= 0.358773
EDGE_TTA_ACTIVE views= 8 mean_abs_feat_delta= 0.3532
SECONDARY_EDGE_TTA_ACTIVE views= 8 weight= 0.75 mean_abs_feat_delta= 0.292043
SECONDARY_EDGE_TTA_ACTIVE views= 8 weight= 0.75 mean_abs_feat_delta= 0.292043
SECONDARY_EDGE_TTA_ACTIVE views= 8 weight= 0.75 mean_abs_feat_delta= 0.254307
SECONDARY_EDGE_TTA_ACTIVE views= 8 weight= 0.75 mean_abs_feat_delta= 0.254307
EDGE_TTA_ACTIVE views= 8 mean_abs_feat_delta= 0.357316
EDGE_TTA_ACTIVE views= 8 mean_abs_feat_delta= 0.357316
EDGE_TTA_ACTIVE views= 8 mean_abs_feat_delta= 0.350487
EDGE_TTA_ACTIVE views= 8 mean_abs_feat_delta= 0.350487
SECONDARY_EDGE_TTA_ACTIVE views= 8 weight= 0.75 mean_abs_feat_delta= 0.28185
SECONDARY_EDGE_TTA_ACTIVE views= 8 weight= 0.75 mean_abs_feat_delta= 0.28185
SECONDARY_EDGE_TTA_ACTIVE views= 8 weight= 0.75 mean_abs_feat_delta= 0.254731
SECONDARY_EDGE_TTA_ACTIVE views= 8 weight= 0.75 mean_abs_feat_delta= 0.254731
EDGE_TTA_ACTIVE views= 8 mean_abs_feat_delta= 0.358984
EDGE_TTA_ACTIVE views= 8 mean_abs_feat_delta= 0.358984
EDGE_TTA_ACTIVE views= 8 mean_abs_feat_delta= 0.348036
EDGE_TTA_ACTIVE views= 8 mean_abs_feat_delta= 0.348036
SECONDARY_EDGE_TTA_ACTIVE views= 8 weight= 0.75 mean_abs_feat_delta= 0.283606
SECONDARY_EDGE_TTA_ACTIVE views= 8 weight= 0.75 mean_abs_feat_delta= 0.283606
SECONDARY_EDGE_TTA_ACTIVE views= 8 weight= 0.75 mean_abs_feat_delta= 0.251975
SECONDARY_EDGE_TTA_ACTIVE views= 8 weight= 0.75 mean_abs_feat_delta= 0.251975
EDGE_TTA_ACTIVE views= 8 mean_abs_feat_delta= 0.372369
EDGE_TTA_ACTIVE views= 8 mean_abs_feat_delta= 0.372369
SECONDARY_EDGE_TTA_ACTIVE views= 8 weight= 0.75 mean_abs_feat_delta= 0.287079
EDGE_TTA_ACTIVE views= 8 mean_abs_feat_delta= 0.346153
SECONDARY_EDGE_TTA_ACTIVE views= 8 weight= 0.75 mean_abs_feat_delta= 0.287079
EDGE_TTA_ACTIVE views= 8 mean_abs_feat_delta= 0.346153
SECONDARY_EDGE_TTA_ACTIVE views= 8 weight= 0.75 mean_abs_feat_delta= 0.2518
EDGE_TTA_ACTIVE views= 8 mean_abs_feat_delta= 0.382121
SECONDARY_EDGE_TTA_ACTIVE views= 8 weight= 0.75 mean_abs_feat_delta= 0.2518
EDGE_TTA_ACTIVE views= 8 mean_abs_feat_delta= 0.382121
SECONDARY_EDGE_TTA_ACTIVE views= 8 weight= 0.75 mean_abs_feat_delta= 0.288642
SECONDARY_EDGE_TTA_ACTIVE views= 8 weight= 0.75 mean_abs_feat_delta= 0.288642
EDGE_TTA_ACTIVE views= 8 mean_abs_feat_delta= 0.343208
EDGE_TTA_ACTIVE views= 8 mean_abs_feat_delta= 0.343208
EDGE_TTA_ACTIVE views= 8 mean_abs_feat_delta= 0.389142
EDGE_TTA_ACTIVE views= 8 mean_abs_feat_delta= 0.389142
SECONDARY_EDGE_TTA_ACTIVE views= 8 weight= 0.75 mean_abs_feat_delta= 0.253283
SECONDARY_EDGE_TTA_ACTIVE views= 8 weight= 0.75 mean_abs_feat_delta= 0.253283
SECONDARY_EDGE_TTA_ACTIVE views= 8 weight= 0.75 mean_abs_feat_delta= 0.300535
SECONDARY_EDGE_TTA_ACTIVE views= 8 weight= 0.75 mean_abs_feat_delta= 0.300535
EDGE_TTA_ACTIVE views= 8 mean_abs_feat_delta= 0.345655
EDGE_TTA_ACTIVE views= 8 mean_abs_feat_delta= 0.345655
EDGE_TTA_ACTIVE views= 8 mean_abs_feat_delta= 0.415695
EDGE_TTA_ACTIVE views= 8 mean_abs_feat_delta= 0.415695
SECONDARY_EDGE_TTA_ACTIVE views= 8 weight= 0.75 mean_abs_feat_delta= 0.249597
SECONDARY_EDGE_TTA_ACTIVE views= 8 weight= 0.75 mean_abs_feat_delta= 0.249597
SECONDARY_EDGE_TTA_ACTIVE views= 8 weight= 0.75 mean_abs_feat_delta= 0.294357
SECONDARY_EDGE_TTA_ACTIVE views= 8 weight= 0.75 mean_abs_feat_delta= 0.294357
EDGE_TTA_ACTIVE views= 8 mean_abs_feat_delta= 0.348487
EDGE_TTA_ACTIVE views= 8 mean_abs_feat_delta= 0.401917
EDGE_TTA_ACTIVE views= 8 mean_abs_feat_delta= 0.348487
EDGE_TTA_ACTIVE views= 8 mean_abs_feat_delta= 0.401917
SECONDARY_EDGE_TTA_ACTIVE views= 8 weight= 0.75 mean_abs_feat_delta= 0.249809
BIOHUB_RETENTION_GUARD {"blended_candidates": 449, "dataset": "44b6_12dfb391", "frame": 35, "minimum_retention": 0.9, "primary_candidates": 506, "retention": 0.8873517786561265, "use_primary": true}
SECONDARY_EDGE_TTA_ACTIVE views= 8 weight= 0.75 mean_abs_feat_delta= 0.293557
SECONDARY_EDGE_TTA_ACTIVE views= 8 weight= 0.75 mean_abs_feat_delta= 0.249809
BIOHUB_RETENTION_GUARD {"blended_candidates": 449, "dataset": "44b6_12dfb391", "frame": 35, "minimum_retention": 0.9, "primary_candidates": 506, "retention": 0.8873517786561265, "use_primary": true}
SECONDARY_EDGE_TTA_ACTIVE views= 8 weight= 0.75 mean_abs_feat_delta= 0.293557
EDGE_TTA_ACTIVE views= 8 mean_abs_feat_delta= 0.408829
EDGE_TTA_ACTIVE views= 8 mean_abs_feat_delta= 0.348239
EDGE_TTA_ACTIVE views= 8 mean_abs_feat_delta= 0.408829
EDGE_TTA_ACTIVE views= 8 mean_abs_feat_delta= 0.348239
SECONDARY_EDGE_TTA_ACTIVE views= 8 weight= 0.75 mean_abs_feat_delta= 0.30141
SECONDARY_EDGE_TTA_ACTIVE views= 8 weight= 0.75 mean_abs_feat_delta= 0.30141
SECONDARY_EDGE_TTA_ACTIVE views= 8 weight= 0.75 mean_abs_feat_delta= 0.253116
BIOHUB_RETENTION_GUARD {"blended_candidates": 452, "dataset": "44b6_12dfb391", "frame": 36, "minimum_retention": 0.9, "primary_candidates": 510, "retention": 0.8862745098039215, "use_primary": true}
SECONDARY_EDGE_TTA_ACTIVE views= 8 weight= 0.75 mean_abs_feat_delta= 0.253116
BIOHUB_RETENTION_GUARD {"blended_candidates": 452, "dataset": "44b6_12dfb391", "frame": 36, "minimum_retention": 0.9, "primary_candidates": 510, "retention": 0.8862745098039215, "use_primary": true}
EDGE_TTA_ACTIVE views= 8 mean_abs_feat_delta= 0.405254
EDGE_TTA_ACTIVE views= 8 mean_abs_feat_delta= 0.405254
EDGE_TTA_ACTIVE views= 8 mean_abs_feat_delta= 0.347637
EDGE_TTA_ACTIVE views= 8 mean_abs_feat_delta= 0.347637
SECONDARY_EDGE_TTA_ACTIVE views= 8 weight= 0.75 mean_abs_feat_delta= 0.297647
SECONDARY_EDGE_TTA_ACTIVE views= 8 weight= 0.75 mean_abs_feat_delta= 0.297647
SECONDARY_EDGE_TTA_ACTIVE views= 8 weight= 0.75 mean_abs_feat_delta= 0.255726
BIOHUB_RETENTION_GUARD {"blended_candidates": 459, "dataset": "44b6_12dfb391", "frame": 37, "minimum_retention": 0.9, "primary_candidates": 517, "retention": 0.8878143133462283, "use_primary": true}
SECONDARY_EDGE_TTA_ACTIVE views= 8 weight= 0.75 mean_abs_feat_delta= 0.255726
BIOHUB_RETENTION_GUARD {"blended_candidates": 459, "dataset": "44b6_12dfb391", "frame": 37, "minimum_retention": 0.9, "primary_candidates": 517, "retention": 0.8878143133462283, "use_primary": true}
EDGE_TTA_ACTIVE views= 8 mean_abs_feat_delta= 0.414187
EDGE_TTA_ACTIVE views= 8 mean_abs_feat_delta= 0.414187
EDGE_TTA_ACTIVE views= 8 mean_abs_feat_delta= 0.347183
SECONDARY_EDGE_TTA_ACTIVE views= 8 weight= 0.75 mean_abs_feat_delta= 0.296096
EDGE_TTA_ACTIVE views= 8 mean_abs_feat_delta= 0.347183
SECONDARY_EDGE_TTA_ACTIVE views= 8 weight= 0.75 mean_abs_feat_delta= 0.296096
SECONDARY_EDGE_TTA_ACTIVE views= 8 weight= 0.75 mean_abs_feat_delta= 0.255591
EDGE_TTA_ACTIVE views= 8 mean_abs_feat_delta= 0.407156
SECONDARY_EDGE_TTA_ACTIVE views= 8 weight= 0.75 mean_abs_feat_delta= 0.255591
EDGE_TTA_ACTIVE views= 8 mean_abs_feat_delta= 0.407156
SECONDARY_EDGE_TTA_ACTIVE views= 8 weight= 0.75 mean_abs_feat_delta= 0.296439
SECONDARY_EDGE_TTA_ACTIVE views= 8 weight= 0.75 mean_abs_feat_delta= 0.296439
EDGE_TTA_ACTIVE views= 8 mean_abs_feat_delta= 0.347762
EDGE_TTA_ACTIVE views= 8 mean_abs_feat_delta= 0.347762
EDGE_TTA_ACTIVE views= 8 mean_abs_feat_delta= 0.390532
SECONDARY_EDGE_TTA_ACTIVE views= 8 weight= 0.75 mean_abs_feat_delta= 0.252775
EDGE_TTA_ACTIVE views= 8 mean_abs_feat_delta= 0.390532
SECONDARY_EDGE_TTA_ACTIVE views= 8 weight= 0.75 mean_abs_feat_delta= 0.252775
SECONDARY_EDGE_TTA_ACTIVE views= 8 weight= 0.75 mean_abs_feat_delta= 0.27503
SECONDARY_EDGE_TTA_ACTIVE views= 8 weight= 0.75 mean_abs_feat_delta= 0.27503
EDGE_TTA_ACTIVE views= 8 mean_abs_feat_delta= 0.349684
EDGE_TTA_ACTIVE views= 8 mean_abs_feat_delta= 0.349684
EDGE_TTA_ACTIVE views= 8 mean_abs_feat_delta= 0.375064
EDGE_TTA_ACTIVE views= 8 mean_abs_feat_delta= 0.375064
SECONDARY_EDGE_TTA_ACTIVE views= 8 weight= 0.75 mean_abs_feat_delta= 0.252485
SECONDARY_EDGE_TTA_ACTIVE views= 8 weight= 0.75 mean_abs_feat_delta= 0.252485
SECONDARY_EDGE_TTA_ACTIVE views= 8 weight= 0.75 mean_abs_feat_delta= 0.274185
SECONDARY_EDGE_TTA_ACTIVE views= 8 weight= 0.75 mean_abs_feat_delta= 0.274185
EDGE_TTA_ACTIVE views= 8 mean_abs_feat_delta= 0.352443
EDGE_TTA_ACTIVE views= 8 mean_abs_feat_delta= 0.352443
EDGE_TTA_ACTIVE views= 8 mean_abs_feat_delta= 0.357722
EDGE_TTA_ACTIVE views= 8 mean_abs_feat_delta= 0.357722
SECONDARY_EDGE_TTA_ACTIVE views= 8 weight= 0.75 mean_abs_feat_delta= 0.248666
SECONDARY_EDGE_TTA_ACTIVE views= 8 weight= 0.75 mean_abs_feat_delta= 0.285894
SECONDARY_EDGE_TTA_ACTIVE views= 8 weight= 0.75 mean_abs_feat_delta= 0.248666
SECONDARY_EDGE_TTA_ACTIVE views= 8 weight= 0.75 mean_abs_feat_delta= 0.285894
EDGE_TTA_ACTIVE views= 8 mean_abs_feat_delta= 0.377175
EDGE_TTA_ACTIVE views= 8 mean_abs_feat_delta= 0.352904
EDGE_TTA_ACTIVE views= 8 mean_abs_feat_delta= 0.377175
EDGE_TTA_ACTIVE views= 8 mean_abs_feat_delta= 0.352904
SECONDARY_EDGE_TTA_ACTIVE views= 8 weight= 0.75 mean_abs_feat_delta= 0.29469
SECONDARY_EDGE_TTA_ACTIVE views= 8 weight= 0.75 mean_abs_feat_delta= 0.29469
SECONDARY_EDGE_TTA_ACTIVE views= 8 weight= 0.75 mean_abs_feat_delta= 0.248396
SECONDARY_EDGE_TTA_ACTIVE views= 8 weight= 0.75 mean_abs_feat_delta= 0.248396
EDGE_TTA_ACTIVE views= 8 mean_abs_feat_delta= 0.370458
EDGE_TTA_ACTIVE views= 8 mean_abs_feat_delta= 0.370458
EDGE_TTA_ACTIVE views= 8 mean_abs_feat_delta= 0.355994
EDGE_TTA_ACTIVE views= 8 mean_abs_feat_delta= 0.355994
SECONDARY_EDGE_TTA_ACTIVE views= 8 weight= 0.75 mean_abs_feat_delta= 0.297902
SECONDARY_EDGE_TTA_ACTIVE views= 8 weight= 0.75 mean_abs_feat_delta= 0.297902
SECONDARY_EDGE_TTA_ACTIVE views= 8 weight= 0.75 mean_abs_feat_delta= 0.252977
SECONDARY_EDGE_TTA_ACTIVE views= 8 weight= 0.75 mean_abs_feat_delta= 0.252977
EDGE_TTA_ACTIVE views= 8 mean_abs_feat_delta= 0.358848
EDGE_TTA_ACTIVE views= 8 mean_abs_feat_delta= 0.358848
EDGE_TTA_ACTIVE views= 8 mean_abs_feat_delta= 0.362223
SECONDARY_EDGE_TTA_ACTIVE views= 8 weight= 0.75 mean_abs_feat_delta= 0.292079
EDGE_TTA_ACTIVE views= 8 mean_abs_feat_delta= 0.362223
SECONDARY_EDGE_TTA_ACTIVE views= 8 weight= 0.75 mean_abs_feat_delta= 0.292079
SECONDARY_EDGE_TTA_ACTIVE views= 8 weight= 0.75 mean_abs_feat_delta= 0.253495
SECONDARY_EDGE_TTA_ACTIVE views= 8 weight= 0.75 mean_abs_feat_delta= 0.253495
EDGE_TTA_ACTIVE views= 8 mean_abs_feat_delta= 0.382742
EDGE_TTA_ACTIVE views= 8 mean_abs_feat_delta= 0.382742
SECONDARY_EDGE_TTA_ACTIVE views= 8 weight= 0.75 mean_abs_feat_delta= 0.305102
EDGE_TTA_ACTIVE views= 8 mean_abs_feat_delta= 0.364163
SECONDARY_EDGE_TTA_ACTIVE views= 8 weight= 0.75 mean_abs_feat_delta= 0.305102
EDGE_TTA_ACTIVE views= 8 mean_abs_feat_delta= 0.364163
SECONDARY_EDGE_TTA_ACTIVE views= 8 weight= 0.75 mean_abs_feat_delta= 0.253609
EDGE_TTA_ACTIVE views= 8 mean_abs_feat_delta= 0.415987
SECONDARY_EDGE_TTA_ACTIVE views= 8 weight= 0.75 mean_abs_feat_delta= 0.253609
EDGE_TTA_ACTIVE views= 8 mean_abs_feat_delta= 0.415987
SECONDARY_EDGE_TTA_ACTIVE views= 8 weight= 0.75 mean_abs_feat_delta= 0.311069
SECONDARY_EDGE_TTA_ACTIVE views= 8 weight= 0.75 mean_abs_feat_delta= 0.311069
EDGE_TTA_ACTIVE views= 8 mean_abs_feat_delta= 0.360264
EDGE_TTA_ACTIVE views= 8 mean_abs_feat_delta= 0.360264
EDGE_TTA_ACTIVE views= 8 mean_abs_feat_delta= 0.378636
EDGE_TTA_ACTIVE views= 8 mean_abs_feat_delta= 0.378636
SECONDARY_EDGE_TTA_ACTIVE views= 8 weight= 0.75 mean_abs_feat_delta= 0.251736
SECONDARY_EDGE_TTA_ACTIVE views= 8 weight= 0.75 mean_abs_feat_delta= 0.251736
SECONDARY_EDGE_TTA_ACTIVE views= 8 weight= 0.75 mean_abs_feat_delta= 0.306551
SECONDARY_EDGE_TTA_ACTIVE views= 8 weight= 0.75 mean_abs_feat_delta= 0.306551
EDGE_TTA_ACTIVE views= 8 mean_abs_feat_delta= 0.356608
EDGE_TTA_ACTIVE views= 8 mean_abs_feat_delta= 0.356608
EDGE_TTA_ACTIVE views= 8 mean_abs_feat_delta= 0.374978
EDGE_TTA_ACTIVE views= 8 mean_abs_feat_delta= 0.374978
SECONDARY_EDGE_TTA_ACTIVE views= 8 weight= 0.75 mean_abs_feat_delta= 0.252387
SECONDARY_EDGE_TTA_ACTIVE views= 8 weight= 0.75 mean_abs_feat_delta= 0.252387
SECONDARY_EDGE_TTA_ACTIVE views= 8 weight= 0.75 mean_abs_feat_delta= 0.306449
SECONDARY_EDGE_TTA_ACTIVE views= 8 weight= 0.75 mean_abs_feat_delta= 0.306449
EDGE_TTA_ACTIVE views= 8 mean_abs_feat_delta= 0.354367
EDGE_TTA_ACTIVE views= 8 mean_abs_feat_delta= 0.383634
EDGE_TTA_ACTIVE views= 8 mean_abs_feat_delta= 0.354367
EDGE_TTA_ACTIVE views= 8 mean_abs_feat_delta= 0.383634
SECONDARY_EDGE_TTA_ACTIVE views= 8 weight= 0.75 mean_abs_feat_delta= 0.308174
SECONDARY_EDGE_TTA_ACTIVE views= 8 weight= 0.75 mean_abs_feat_delta= 0.254964
SECONDARY_EDGE_TTA_ACTIVE views= 8 weight= 0.75 mean_abs_feat_delta= 0.308174
SECONDARY_EDGE_TTA_ACTIVE views= 8 weight= 0.75 mean_abs_feat_delta= 0.254964
EDGE_TTA_ACTIVE views= 8 mean_abs_feat_delta= 0.382868
EDGE_TTA_ACTIVE views= 8 mean_abs_feat_delta= 0.382868
EDGE_TTA_ACTIVE views= 8 mean_abs_feat_delta= 0.354144
EDGE_TTA_ACTIVE views= 8 mean_abs_feat_delta= 0.354144
SECONDARY_EDGE_TTA_ACTIVE views= 8 weight= 0.75 mean_abs_feat_delta= 0.31087
SECONDARY_EDGE_TTA_ACTIVE views= 8 weight= 0.75 mean_abs_feat_delta= 0.31087
SECONDARY_EDGE_TTA_ACTIVE views= 8 weight= 0.75 mean_abs_feat_delta= 0.255942
SECONDARY_EDGE_TTA_ACTIVE views= 8 weight= 0.75 mean_abs_feat_delta= 0.255942
EDGE_TTA_ACTIVE views= 8 mean_abs_feat_delta= 0.371306
EDGE_TTA_ACTIVE views= 8 mean_abs_feat_delta= 0.371306
EDGE_TTA_ACTIVE views= 8 mean_abs_feat_delta= 0.352179
EDGE_TTA_ACTIVE views= 8 mean_abs_feat_delta= 0.352179
SECONDARY_EDGE_TTA_ACTIVE views= 8 weight= 0.75 mean_abs_feat_delta= 0.30185
SECONDARY_EDGE_TTA_ACTIVE views= 8 weight= 0.75 mean_abs_feat_delta= 0.30185
SECONDARY_EDGE_TTA_ACTIVE views= 8 weight= 0.75 mean_abs_feat_delta= 0.258443
SECONDARY_EDGE_TTA_ACTIVE views= 8 weight= 0.75 mean_abs_feat_delta= 0.258443
EDGE_TTA_ACTIVE views= 8 mean_abs_feat_delta= 0.370302
EDGE_TTA_ACTIVE views= 8 mean_abs_feat_delta= 0.370302
SECONDARY_EDGE_TTA_ACTIVE views= 8 weight= 0.75 mean_abs_feat_delta= 0.299542
EDGE_TTA_ACTIVE views= 8 mean_abs_feat_delta= 0.354896
SECONDARY_EDGE_TTA_ACTIVE views= 8 weight= 0.75 mean_abs_feat_delta= 0.299542
EDGE_TTA_ACTIVE views= 8 mean_abs_feat_delta= 0.354896
EDGE_TTA_ACTIVE views= 8 mean_abs_feat_delta= 0.37583
SECONDARY_EDGE_TTA_ACTIVE views= 8 weight= 0.75 mean_abs_feat_delta= 0.262635
EDGE_TTA_ACTIVE views= 8 mean_abs_feat_delta= 0.37583
SECONDARY_EDGE_TTA_ACTIVE views= 8 weight= 0.75 mean_abs_feat_delta= 0.262635
SECONDARY_EDGE_TTA_ACTIVE views= 8 weight= 0.75 mean_abs_feat_delta= 0.303905
SECONDARY_EDGE_TTA_ACTIVE views= 8 weight= 0.75 mean_abs_feat_delta= 0.303905
EDGE_TTA_ACTIVE views= 8 mean_abs_feat_delta= 0.350365
EDGE_TTA_ACTIVE views= 8 mean_abs_feat_delta= 0.350365
EDGE_TTA_ACTIVE views= 8 mean_abs_feat_delta= 0.368756
EDGE_TTA_ACTIVE views= 8 mean_abs_feat_delta= 0.368756
SECONDARY_EDGE_TTA_ACTIVE views= 8 weight= 0.75 mean_abs_feat_delta= 0.258198
SECONDARY_EDGE_TTA_ACTIVE views= 8 weight= 0.75 mean_abs_feat_delta= 0.258198
SECONDARY_EDGE_TTA_ACTIVE views= 8 weight= 0.75 mean_abs_feat_delta= 0.306369
SECONDARY_EDGE_TTA_ACTIVE views= 8 weight= 0.75 mean_abs_feat_delta= 0.306369
EDGE_TTA_ACTIVE views= 8 mean_abs_feat_delta= 0.347874
EDGE_TTA_ACTIVE views= 8 mean_abs_feat_delta= 0.347874
EDGE_TTA_ACTIVE views= 8 mean_abs_feat_delta= 0.352766
EDGE_TTA_ACTIVE views= 8 mean_abs_feat_delta= 0.352766
SECONDARY_EDGE_TTA_ACTIVE views= 8 weight= 0.75 mean_abs_feat_delta= 0.253125
SECONDARY_EDGE_TTA_ACTIVE views= 8 weight= 0.75 mean_abs_feat_delta= 0.253125
SECONDARY_EDGE_TTA_ACTIVE views= 8 weight= 0.75 mean_abs_feat_delta= 0.308458
SECONDARY_EDGE_TTA_ACTIVE views= 8 weight= 0.75 mean_abs_feat_delta= 0.308458
EDGE_TTA_ACTIVE views= 8 mean_abs_feat_delta= 0.366005
EDGE_TTA_ACTIVE views= 8 mean_abs_feat_delta= 0.349339
EDGE_TTA_ACTIVE views= 8 mean_abs_feat_delta= 0.366005
EDGE_TTA_ACTIVE views= 8 mean_abs_feat_delta= 0.349339
SECONDARY_EDGE_TTA_ACTIVE views= 8 weight= 0.75 mean_abs_feat_delta= 0.30506
SECONDARY_EDGE_TTA_ACTIVE views= 8 weight= 0.75 mean_abs_feat_delta= 0.252199
SECONDARY_EDGE_TTA_ACTIVE views= 8 weight= 0.75 mean_abs_feat_delta= 0.30506
SECONDARY_EDGE_TTA_ACTIVE views= 8 weight= 0.75 mean_abs_feat_delta= 0.252199
EDGE_TTA_ACTIVE views= 8 mean_abs_feat_delta= 0.365954
EDGE_TTA_ACTIVE views= 8 mean_abs_feat_delta= 0.365954
EDGE_TTA_ACTIVE views= 8 mean_abs_feat_delta= 0.350442
EDGE_TTA_ACTIVE views= 8 mean_abs_feat_delta= 0.350442
SECONDARY_EDGE_TTA_ACTIVE views= 8 weight= 0.75 mean_abs_feat_delta= 0.301287
SECONDARY_EDGE_TTA_ACTIVE views= 8 weight= 0.75 mean_abs_feat_delta= 0.301287
SECONDARY_EDGE_TTA_ACTIVE views= 8 weight= 0.75 mean_abs_feat_delta= 0.255465
BIOHUB_RETENTION_GUARD {"blended_candidates": 471, "dataset": "44b6_12dfb391", "frame": 55, "minimum_retention": 0.9, "primary_candidates": 525, "retention": 0.8971428571428571, "use_primary": true}
SECONDARY_EDGE_TTA_ACTIVE views= 8 weight= 0.75 mean_abs_feat_delta= 0.255465
BIOHUB_RETENTION_GUARD {"blended_candidates": 471, "dataset": "44b6_12dfb391", "frame": 55, "minimum_retention": 0.9, "primary_candidates": 525, "retention": 0.8971428571428571, "use_primary": true}
EDGE_TTA_ACTIVE views= 8 mean_abs_feat_delta= 0.362198
EDGE_TTA_ACTIVE views= 8 mean_abs_feat_delta= 0.362198
EDGE_TTA_ACTIVE views= 8 mean_abs_feat_delta= 0.350606
EDGE_TTA_ACTIVE views= 8 mean_abs_feat_delta= 0.350606
SECONDARY_EDGE_TTA_ACTIVE views= 8 weight= 0.75 mean_abs_feat_delta= 0.294341
SECONDARY_EDGE_TTA_ACTIVE views= 8 weight= 0.75 mean_abs_feat_delta= 0.294341
SECONDARY_EDGE_TTA_ACTIVE views= 8 weight= 0.75 mean_abs_feat_delta= 0.258276
BIOHUB_RETENTION_GUARD {"blended_candidates": 466, "dataset": "44b6_12dfb391", "frame": 56, "minimum_retention": 0.9, "primary_candidates": 529, "retention": 0.8809073724007561, "use_primary": true}
SECONDARY_EDGE_TTA_ACTIVE views= 8 weight= 0.75 mean_abs_feat_delta= 0.258276
BIOHUB_RETENTION_GUARD {"blended_candidates": 466, "dataset": "44b6_12dfb391", "frame": 56, "minimum_retention": 0.9, "primary_candidates": 529, "retention": 0.8809073724007561, "use_primary": true}
EDGE_TTA_ACTIVE views= 8 mean_abs_feat_delta= 0.35614
EDGE_TTA_ACTIVE views= 8 mean_abs_feat_delta= 0.35614
SECONDARY_EDGE_TTA_ACTIVE views= 8 weight= 0.75 mean_abs_feat_delta= 0.294633
EDGE_TTA_ACTIVE views= 8 mean_abs_feat_delta= 0.351002
SECONDARY_EDGE_TTA_ACTIVE views= 8 weight= 0.75 mean_abs_feat_delta= 0.294633
EDGE_TTA_ACTIVE views= 8 mean_abs_feat_delta= 0.351002
SECONDARY_EDGE_TTA_ACTIVE views= 8 weight= 0.75 mean_abs_feat_delta= 0.259739
BIOHUB_RETENTION_GUARD {"blended_candidates": 463, "dataset": "44b6_12dfb391", "frame": 57, "minimum_retention": 0.9, "primary_candidates": 525, "retention": 0.8819047619047619, "use_primary": true}
EDGE_TTA_ACTIVE views= 8 mean_abs_feat_delta= 0.360441
SECONDARY_EDGE_TTA_ACTIVE views= 8 weight= 0.75 mean_abs_feat_delta= 0.259739
BIOHUB_RETENTION_GUARD {"blended_candidates": 463, "dataset": "44b6_12dfb391", "frame": 57, "minimum_retention": 0.9, "primary_candidates": 525, "retention": 0.8819047619047619, "use_primary": true}
EDGE_TTA_ACTIVE views= 8 mean_abs_feat_delta= 0.360441
SECONDARY_EDGE_TTA_ACTIVE views= 8 weight= 0.75 mean_abs_feat_delta= 0.298228
SECONDARY_EDGE_TTA_ACTIVE views= 8 weight= 0.75 mean_abs_feat_delta= 0.298228
EDGE_TTA_ACTIVE views= 8 mean_abs_feat_delta= 0.351435
EDGE_TTA_ACTIVE views= 8 mean_abs_feat_delta= 0.351435
EDGE_TTA_ACTIVE views= 8 mean_abs_feat_delta= 0.346937
EDGE_TTA_ACTIVE views= 8 mean_abs_feat_delta= 0.346937
SECONDARY_EDGE_TTA_ACTIVE views= 8 weight= 0.75 mean_abs_feat_delta= 0.258261
BIOHUB_RETENTION_GUARD {"blended_candidates": 462, "dataset": "44b6_12dfb391", "frame": 58, "minimum_retention": 0.9, "primary_candidates": 524, "retention": 0.8816793893129771, "use_primary": true}
SECONDARY_EDGE_TTA_ACTIVE views= 8 weight= 0.75 mean_abs_feat_delta= 0.258261
BIOHUB_RETENTION_GUARD {"blended_candidates": 462, "dataset": "44b6_12dfb391", "frame": 58, "minimum_retention": 0.9, "primary_candidates": 524, "retention": 0.8816793893129771, "use_primary": true}
SECONDARY_EDGE_TTA_ACTIVE views= 8 weight= 0.75 mean_abs_feat_delta= 0.293231
SECONDARY_EDGE_TTA_ACTIVE views= 8 weight= 0.75 mean_abs_feat_delta= 0.293231
EDGE_TTA_ACTIVE views= 8 mean_abs_feat_delta= 0.350102
EDGE_TTA_ACTIVE views= 8 mean_abs_feat_delta= 0.350102
EDGE_TTA_ACTIVE views= 8 mean_abs_feat_delta= 0.351835
EDGE_TTA_ACTIVE views= 8 mean_abs_feat_delta= 0.351835
SECONDARY_EDGE_TTA_ACTIVE views= 8 weight= 0.75 mean_abs_feat_delta= 0.257837
BIOHUB_RETENTION_GUARD {"blended_candidates": 458, "dataset": "44b6_12dfb391", "frame": 59, "minimum_retention": 0.9, "primary_candidates": 532, "retention": 0.8609022556390977, "use_primary": true}
SECONDARY_EDGE_TTA_ACTIVE views= 8 weight= 0.75 mean_abs_feat_delta= 0.257837
BIOHUB_RETENTION_GUARD {"blended_candidates": 458, "dataset": "44b6_12dfb391", "frame": 59, "minimum_retention": 0.9, "primary_candidates": 532, "retention": 0.8609022556390977, "use_primary": true}
SECONDARY_EDGE_TTA_ACTIVE views= 8 weight= 0.75 mean_abs_feat_delta= 0.292217
SECONDARY_EDGE_TTA_ACTIVE views= 8 weight= 0.75 mean_abs_feat_delta= 0.292217
EDGE_TTA_ACTIVE views= 8 mean_abs_feat_delta= 0.347603
EDGE_TTA_ACTIVE views= 8 mean_abs_feat_delta= 0.354093
EDGE_TTA_ACTIVE views= 8 mean_abs_feat_delta= 0.347603
EDGE_TTA_ACTIVE views= 8 mean_abs_feat_delta= 0.354093
SECONDARY_EDGE_TTA_ACTIVE views= 8 weight= 0.75 mean_abs_feat_delta= 0.278595
SECONDARY_EDGE_TTA_ACTIVE views= 8 weight= 0.75 mean_abs_feat_delta= 0.256754
SECONDARY_EDGE_TTA_ACTIVE views= 8 weight= 0.75 mean_abs_feat_delta= 0.278595
SECONDARY_EDGE_TTA_ACTIVE views= 8 weight= 0.75 mean_abs_feat_delta= 0.256754
EDGE_TTA_ACTIVE views= 8 mean_abs_feat_delta= 0.359817
EDGE_TTA_ACTIVE views= 8 mean_abs_feat_delta= 0.359817
EDGE_TTA_ACTIVE views= 8 mean_abs_feat_delta= 0.347903
EDGE_TTA_ACTIVE views= 8 mean_abs_feat_delta= 0.347903
SECONDARY_EDGE_TTA_ACTIVE views= 8 weight= 0.75 mean_abs_feat_delta= 0.264409
SECONDARY_EDGE_TTA_ACTIVE views= 8 weight= 0.75 mean_abs_feat_delta= 0.264409
SECONDARY_EDGE_TTA_ACTIVE views= 8 weight= 0.75 mean_abs_feat_delta= 0.257976
BIOHUB_RETENTION_GUARD {"blended_candidates": 462, "dataset": "44b6_12dfb391", "frame": 61, "minimum_retention": 0.9, "primary_candidates": 543, "retention": 0.850828729281768, "use_primary": true}
SECONDARY_EDGE_TTA_ACTIVE views= 8 weight= 0.75 mean_abs_feat_delta= 0.257976
BIOHUB_RETENTION_GUARD {"blended_candidates": 462, "dataset": "44b6_12dfb391", "frame": 61, "minimum_retention": 0.9, "primary_candidates": 543, "retention": 0.850828729281768, "use_primary": true}
EDGE_TTA_ACTIVE views= 8 mean_abs_feat_delta= 0.357588
EDGE_TTA_ACTIVE views= 8 mean_abs_feat_delta= 0.357588
EDGE_TTA_ACTIVE views= 8 mean_abs_feat_delta= 0.346794
EDGE_TTA_ACTIVE views= 8 mean_abs_feat_delta= 0.346794
SECONDARY_EDGE_TTA_ACTIVE views= 8 weight= 0.75 mean_abs_feat_delta= 0.267459
SECONDARY_EDGE_TTA_ACTIVE views= 8 weight= 0.75 mean_abs_feat_delta= 0.267459
SECONDARY_EDGE_TTA_ACTIVE views= 8 weight= 0.75 mean_abs_feat_delta= 0.26024
SECONDARY_EDGE_TTA_ACTIVE views= 8 weight= 0.75 mean_abs_feat_delta= 0.26024
EDGE_TTA_ACTIVE views= 8 mean_abs_feat_delta= 0.349183
EDGE_TTA_ACTIVE views= 8 mean_abs_feat_delta= 0.349183
EDGE_TTA_ACTIVE views= 8 mean_abs_feat_delta= 0.347265
SECONDARY_EDGE_TTA_ACTIVE views= 8 weight= 0.75 mean_abs_feat_delta= 0.266307
EDGE_TTA_ACTIVE views= 8 mean_abs_feat_delta= 0.347265
SECONDARY_EDGE_TTA_ACTIVE views= 8 weight= 0.75 mean_abs_feat_delta= 0.266307
SECONDARY_EDGE_TTA_ACTIVE views= 8 weight= 0.75 mean_abs_feat_delta= 0.260445
BIOHUB_RETENTION_GUARD {"blended_candidates": 491, "dataset": "44b6_12dfb391", "frame": 63, "minimum_retention": 0.9, "primary_candidates": 548, "retention": 0.8959854014598541, "use_primary": true}
SECONDARY_EDGE_TTA_ACTIVE views= 8 weight= 0.75 mean_abs_feat_delta= 0.260445
BIOHUB_RETENTION_GUARD {"blended_candidates": 491, "dataset": "44b6_12dfb391", "frame": 63, "minimum_retention": 0.9, "primary_candidates": 548, "retention": 0.8959854014598541, "use_primary": true}
EDGE_TTA_ACTIVE views= 8 mean_abs_feat_delta= 0.36472
EDGE_TTA_ACTIVE views= 8 mean_abs_feat_delta= 0.36472
SECONDARY_EDGE_TTA_ACTIVE views= 8 weight= 0.75 mean_abs_feat_delta= 0.277175
EDGE_TTA_ACTIVE views= 8 mean_abs_feat_delta= 0.354895
SECONDARY_EDGE_TTA_ACTIVE views= 8 weight= 0.75 mean_abs_feat_delta= 0.277175
EDGE_TTA_ACTIVE views= 8 mean_abs_feat_delta= 0.354895
EDGE_TTA_ACTIVE views= 8 mean_abs_feat_delta= 0.367291
SECONDARY_EDGE_TTA_ACTIVE views= 8 weight= 0.75 mean_abs_feat_delta= 0.262205
EDGE_TTA_ACTIVE views= 8 mean_abs_feat_delta= 0.367291
SECONDARY_EDGE_TTA_ACTIVE views= 8 weight= 0.75 mean_abs_feat_delta= 0.262205
SECONDARY_EDGE_TTA_ACTIVE views= 8 weight= 0.75 mean_abs_feat_delta= 0.279843
SECONDARY_EDGE_TTA_ACTIVE views= 8 weight= 0.75 mean_abs_feat_delta= 0.279843
EDGE_TTA_ACTIVE views= 8 mean_abs_feat_delta= 0.354989
EDGE_TTA_ACTIVE views= 8 mean_abs_feat_delta= 0.354989
EDGE_TTA_ACTIVE views= 8 mean_abs_feat_delta= 0.353095
EDGE_TTA_ACTIVE views= 8 mean_abs_feat_delta= 0.353095
SECONDARY_EDGE_TTA_ACTIVE views= 8 weight= 0.75 mean_abs_feat_delta= 0.266095
SECONDARY_EDGE_TTA_ACTIVE views= 8 weight= 0.75 mean_abs_feat_delta= 0.266095
SECONDARY_EDGE_TTA_ACTIVE views= 8 weight= 0.75 mean_abs_feat_delta= 0.274385
SECONDARY_EDGE_TTA_ACTIVE views= 8 weight= 0.75 mean_abs_feat_delta= 0.274385
EDGE_TTA_ACTIVE views= 8 mean_abs_feat_delta= 0.351351
EDGE_TTA_ACTIVE views= 8 mean_abs_feat_delta= 0.351351
EDGE_TTA_ACTIVE views= 8 mean_abs_feat_delta= 0.338254
EDGE_TTA_ACTIVE views= 8 mean_abs_feat_delta= 0.338254
SECONDARY_EDGE_TTA_ACTIVE views= 8 weight= 0.75 mean_abs_feat_delta= 0.263703
SECONDARY_EDGE_TTA_ACTIVE views= 8 weight= 0.75 mean_abs_feat_delta= 0.269188
SECONDARY_EDGE_TTA_ACTIVE views= 8 weight= 0.75 mean_abs_feat_delta= 0.263703
SECONDARY_EDGE_TTA_ACTIVE views= 8 weight= 0.75 mean_abs_feat_delta= 0.269188
EDGE_TTA_ACTIVE views= 8 mean_abs_feat_delta= 0.35502
EDGE_TTA_ACTIVE views= 8 mean_abs_feat_delta= 0.335377
EDGE_TTA_ACTIVE views= 8 mean_abs_feat_delta= 0.35502
EDGE_TTA_ACTIVE views= 8 mean_abs_feat_delta= 0.335377
SECONDARY_EDGE_TTA_ACTIVE views= 8 weight= 0.75 mean_abs_feat_delta= 0.281449
SECONDARY_EDGE_TTA_ACTIVE views= 8 weight= 0.75 mean_abs_feat_delta= 0.26367
SECONDARY_EDGE_TTA_ACTIVE views= 8 weight= 0.75 mean_abs_feat_delta= 0.281449
SECONDARY_EDGE_TTA_ACTIVE views= 8 weight= 0.75 mean_abs_feat_delta= 0.26367
EDGE_TTA_ACTIVE views= 8 mean_abs_feat_delta= 0.332103
EDGE_TTA_ACTIVE views= 8 mean_abs_feat_delta= 0.332103
EDGE_TTA_ACTIVE views= 8 mean_abs_feat_delta= 0.359205
EDGE_TTA_ACTIVE views= 8 mean_abs_feat_delta= 0.359205
SECONDARY_EDGE_TTA_ACTIVE views= 8 weight= 0.75 mean_abs_feat_delta= 0.283078
SECONDARY_EDGE_TTA_ACTIVE views= 8 weight= 0.75 mean_abs_feat_delta= 0.283078
SECONDARY_EDGE_TTA_ACTIVE views= 8 weight= 0.75 mean_abs_feat_delta= 0.258506
BIOHUB_RETENTION_GUARD {"blended_candidates": 500, "dataset": "44b6_12dfb391", "frame": 68, "minimum_retention": 0.9, "primary_candidates": 560, "retention": 0.8928571428571429, "use_primary": true}
SECONDARY_EDGE_TTA_ACTIVE views= 8 weight= 0.75 mean_abs_feat_delta= 0.258506
BIOHUB_RETENTION_GUARD {"blended_candidates": 500, "dataset": "44b6_12dfb391", "frame": 68, "minimum_retention": 0.9, "primary_candidates": 560, "retention": 0.8928571428571429, "use_primary": true}
EDGE_TTA_ACTIVE views= 8 mean_abs_feat_delta= 0.336056
EDGE_TTA_ACTIVE views= 8 mean_abs_feat_delta= 0.336056
EDGE_TTA_ACTIVE views= 8 mean_abs_feat_delta= 0.360613
EDGE_TTA_ACTIVE views= 8 mean_abs_feat_delta= 0.360613
SECONDARY_EDGE_TTA_ACTIVE views= 8 weight= 0.75 mean_abs_feat_delta= 0.269824
SECONDARY_EDGE_TTA_ACTIVE views= 8 weight= 0.75 mean_abs_feat_delta= 0.269824
SECONDARY_EDGE_TTA_ACTIVE views= 8 weight= 0.75 mean_abs_feat_delta= 0.259032
BIOHUB_RETENTION_GUARD {"blended_candidates": 482, "dataset": "44b6_12dfb391", "frame": 69, "minimum_retention": 0.9, "primary_candidates": 570, "retention": 0.8456140350877193, "use_primary": true}
SECONDARY_EDGE_TTA_ACTIVE views= 8 weight= 0.75 mean_abs_feat_delta= 0.259032
BIOHUB_RETENTION_GUARD {"blended_candidates": 482, "dataset": "44b6_12dfb391", "frame": 69, "minimum_retention": 0.9, "primary_candidates": 570, "retention": 0.8456140350877193, "use_primary": true}
EDGE_TTA_ACTIVE views= 8 mean_abs_feat_delta= 0.338817
EDGE_TTA_ACTIVE views= 8 mean_abs_feat_delta= 0.338817
EDGE_TTA_ACTIVE views= 8 mean_abs_feat_delta= 0.361421
SECONDARY_EDGE_TTA_ACTIVE views= 8 weight= 0.75 mean_abs_feat_delta= 0.276964
EDGE_TTA_ACTIVE views= 8 mean_abs_feat_delta= 0.361421
SECONDARY_EDGE_TTA_ACTIVE views= 8 weight= 0.75 mean_abs_feat_delta= 0.276964
SECONDARY_EDGE_TTA_ACTIVE views= 8 weight= 0.75 mean_abs_feat_delta= 0.262899
BIOHUB_RETENTION_GUARD {"blended_candidates": 471, "dataset": "44b6_12dfb391", "frame": 70, "minimum_retention": 0.9, "primary_candidates": 545, "retention": 0.8642201834862385, "use_primary": true}
SECONDARY_EDGE_TTA_ACTIVE views= 8 weight= 0.75 mean_abs_feat_delta= 0.262899
BIOHUB_RETENTION_GUARD {"blended_candidates": 471, "dataset": "44b6_12dfb391", "frame": 70, "minimum_retention": 0.9, "primary_candidates": 545, "retention": 0.8642201834862385, "use_primary": true}
EDGE_TTA_ACTIVE views= 8 mean_abs_feat_delta= 0.334961
EDGE_TTA_ACTIVE views= 8 mean_abs_feat_delta= 0.334961
SECONDARY_EDGE_TTA_ACTIVE views= 8 weight= 0.75 mean_abs_feat_delta= 0.266526
SECONDARY_EDGE_TTA_ACTIVE views= 8 weight= 0.75 mean_abs_feat_delta= 0.266526
EDGE_TTA_ACTIVE views= 8 mean_abs_feat_delta= 0.357184
EDGE_TTA_ACTIVE views= 8 mean_abs_feat_delta= 0.357184
EDGE_TTA_ACTIVE views= 8 mean_abs_feat_delta= 0.344979
SECONDARY_EDGE_TTA_ACTIVE views= 8 weight= 0.75 mean_abs_feat_delta= 0.262505
BIOHUB_RETENTION_GUARD {"blended_candidates": 488, "dataset": "44b6_12dfb391", "frame": 71, "minimum_retention": 0.9, "primary_candidates": 555, "retention": 0.8792792792792793, "use_primary": true}
EDGE_TTA_ACTIVE views= 8 mean_abs_feat_delta= 0.344979
SECONDARY_EDGE_TTA_ACTIVE views= 8 weight= 0.75 mean_abs_feat_delta= 0.262505
BIOHUB_RETENTION_GUARD {"blended_candidates": 488, "dataset": "44b6_12dfb391", "frame": 71, "minimum_retention": 0.9, "primary_candidates": 555, "retention": 0.8792792792792793, "use_primary": true}
SECONDARY_EDGE_TTA_ACTIVE views= 8 weight= 0.75 mean_abs_feat_delta= 0.270012
SECONDARY_EDGE_TTA_ACTIVE views= 8 weight= 0.75 mean_abs_feat_delta= 0.270012
EDGE_TTA_ACTIVE views= 8 mean_abs_feat_delta= 0.360613
EDGE_TTA_ACTIVE views= 8 mean_abs_feat_delta= 0.360613
EDGE_TTA_ACTIVE views= 8 mean_abs_feat_delta= 0.347989
EDGE_TTA_ACTIVE views= 8 mean_abs_feat_delta= 0.347989
SECONDARY_EDGE_TTA_ACTIVE views= 8 weight= 0.75 mean_abs_feat_delta= 0.260539
BIOHUB_RETENTION_GUARD {"blended_candidates": 487, "dataset": "44b6_12dfb391", "frame": 72, "minimum_retention": 0.9, "primary_candidates": 555, "retention": 0.8774774774774775, "use_primary": true}
SECONDARY_EDGE_TTA_ACTIVE views= 8 weight= 0.75 mean_abs_feat_delta= 0.260539
BIOHUB_RETENTION_GUARD {"blended_candidates": 487, "dataset": "44b6_12dfb391", "frame": 72, "minimum_retention": 0.9, "primary_candidates": 555, "retention": 0.8774774774774775, "use_primary": true}
SECONDARY_EDGE_TTA_ACTIVE views= 8 weight= 0.75 mean_abs_feat_delta= 0.271069
SECONDARY_EDGE_TTA_ACTIVE views= 8 weight= 0.75 mean_abs_feat_delta= 0.271069
EDGE_TTA_ACTIVE views= 8 mean_abs_feat_delta= 0.361988
EDGE_TTA_ACTIVE views= 8 mean_abs_feat_delta= 0.361988
EDGE_TTA_ACTIVE views= 8 mean_abs_feat_delta= 0.350829
EDGE_TTA_ACTIVE views= 8 mean_abs_feat_delta= 0.350829
SECONDARY_EDGE_TTA_ACTIVE views= 8 weight= 0.75 mean_abs_feat_delta= 0.259945
SECONDARY_EDGE_TTA_ACTIVE views= 8 weight= 0.75 mean_abs_feat_delta= 0.275012
SECONDARY_EDGE_TTA_ACTIVE views= 8 weight= 0.75 mean_abs_feat_delta= 0.259945
SECONDARY_EDGE_TTA_ACTIVE views= 8 weight= 0.75 mean_abs_feat_delta= 0.275012
EDGE_TTA_ACTIVE views= 8 mean_abs_feat_delta= 0.361343
EDGE_TTA_ACTIVE views= 8 mean_abs_feat_delta= 0.344987
EDGE_TTA_ACTIVE views= 8 mean_abs_feat_delta= 0.361343
EDGE_TTA_ACTIVE views= 8 mean_abs_feat_delta= 0.344987
SECONDARY_EDGE_TTA_ACTIVE views= 8 weight= 0.75 mean_abs_feat_delta= 0.273804
SECONDARY_EDGE_TTA_ACTIVE views= 8 weight= 0.75 mean_abs_feat_delta= 0.259606
BIOHUB_RETENTION_GUARD {"blended_candidates": 504, "dataset": "44b6_12dfb391", "frame": 74, "minimum_retention": 0.9, "primary_candidates": 564, "retention": 0.8936170212765957, "use_primary": true}
SECONDARY_EDGE_TTA_ACTIVE views= 8 weight= 0.75 mean_abs_feat_delta= 0.273804
SECONDARY_EDGE_TTA_ACTIVE views= 8 weight= 0.75 mean_abs_feat_delta= 0.259606
BIOHUB_RETENTION_GUARD {"blended_candidates": 504, "dataset": "44b6_12dfb391", "frame": 74, "minimum_retention": 0.9, "primary_candidates": 564, "retention": 0.8936170212765957, "use_primary": true}
EDGE_TTA_ACTIVE views= 8 mean_abs_feat_delta= 0.329788
EDGE_TTA_ACTIVE views= 8 mean_abs_feat_delta= 0.329788
EDGE_TTA_ACTIVE views= 8 mean_abs_feat_delta= 0.364735
EDGE_TTA_ACTIVE views= 8 mean_abs_feat_delta= 0.364735
SECONDARY_EDGE_TTA_ACTIVE views= 8 weight= 0.75 mean_abs_feat_delta= 0.278785
SECONDARY_EDGE_TTA_ACTIVE views= 8 weight= 0.75 mean_abs_feat_delta= 0.278785
SECONDARY_EDGE_TTA_ACTIVE views= 8 weight= 0.75 mean_abs_feat_delta= 0.262319
BIOHUB_RETENTION_GUARD {"blended_candidates": 468, "dataset": "44b6_12dfb391", "frame": 75, "minimum_retention": 0.9, "primary_candidates": 565, "retention": 0.8283185840707965, "use_primary": true}
SECONDARY_EDGE_TTA_ACTIVE views= 8 weight= 0.75 mean_abs_feat_delta= 0.262319
BIOHUB_RETENTION_GUARD {"blended_candidates": 468, "dataset": "44b6_12dfb391", "frame": 75, "minimum_retention": 0.9, "primary_candidates": 565, "retention": 0.8283185840707965, "use_primary": true}
EDGE_TTA_ACTIVE views= 8 mean_abs_feat_delta= 0.329665
EDGE_TTA_ACTIVE views= 8 mean_abs_feat_delta= 0.329665
EDGE_TTA_ACTIVE views= 8 mean_abs_feat_delta= 0.359082
EDGE_TTA_ACTIVE views= 8 mean_abs_feat_delta= 0.359082
SECONDARY_EDGE_TTA_ACTIVE views= 8 weight= 0.75 mean_abs_feat_delta= 0.270084
SECONDARY_EDGE_TTA_ACTIVE views= 8 weight= 0.75 mean_abs_feat_delta= 0.270084
SECONDARY_EDGE_TTA_ACTIVE views= 8 weight= 0.75 mean_abs_feat_delta= 0.263571
BIOHUB_RETENTION_GUARD {"blended_candidates": 507, "dataset": "44b6_12dfb391", "frame": 76, "minimum_retention": 0.9, "primary_candidates": 579, "retention": 0.8756476683937824, "use_primary": true}
SECONDARY_EDGE_TTA_ACTIVE views= 8 weight= 0.75 mean_abs_feat_delta= 0.263571
BIOHUB_RETENTION_GUARD {"blended_candidates": 507, "dataset": "44b6_12dfb391", "frame": 76, "minimum_retention": 0.9, "primary_candidates": 579, "retention": 0.8756476683937824, "use_primary": true}
EDGE_TTA_ACTIVE views= 8 mean_abs_feat_delta= 0.325406
EDGE_TTA_ACTIVE views= 8 mean_abs_feat_delta= 0.325406
EDGE_TTA_ACTIVE views= 8 mean_abs_feat_delta= 0.356314
SECONDARY_EDGE_TTA_ACTIVE views= 8 weight= 0.75 mean_abs_feat_delta= 0.271662
EDGE_TTA_ACTIVE views= 8 mean_abs_feat_delta= 0.356314
SECONDARY_EDGE_TTA_ACTIVE views= 8 weight= 0.75 mean_abs_feat_delta= 0.271662
SECONDARY_EDGE_TTA_ACTIVE views= 8 weight= 0.75 mean_abs_feat_delta= 0.264168
BIOHUB_RETENTION_GUARD {"blended_candidates": 503, "dataset": "44b6_12dfb391", "frame": 77, "minimum_retention": 0.9, "primary_candidates": 582, "retention": 0.8642611683848798, "use_primary": true}
EDGE_TTA_ACTIVE views= 8 mean_abs_feat_delta= 0.337377
SECONDARY_EDGE_TTA_ACTIVE views= 8 weight= 0.75 mean_abs_feat_delta= 0.264168
BIOHUB_RETENTION_GUARD {"blended_candidates": 503, "dataset": "44b6_12dfb391", "frame": 77, "minimum_retention": 0.9, "primary_candidates": 582, "retention": 0.8642611683848798, "use_primary": true}
EDGE_TTA_ACTIVE views= 8 mean_abs_feat_delta= 0.337377
SECONDARY_EDGE_TTA_ACTIVE views= 8 weight= 0.75 mean_abs_feat_delta= 0.269101
SECONDARY_EDGE_TTA_ACTIVE views= 8 weight= 0.75 mean_abs_feat_delta= 0.269101
EDGE_TTA_ACTIVE views= 8 mean_abs_feat_delta= 0.35617
EDGE_TTA_ACTIVE views= 8 mean_abs_feat_delta= 0.35617
EDGE_TTA_ACTIVE views= 8 mean_abs_feat_delta= 0.336612
SECONDARY_EDGE_TTA_ACTIVE views= 8 weight= 0.75 mean_abs_feat_delta= 0.26695
BIOHUB_RETENTION_GUARD {"blended_candidates": 519, "dataset": "44b6_12dfb391", "frame": 78, "minimum_retention": 0.9, "primary_candidates": 585, "retention": 0.8871794871794871, "use_primary": true}
EDGE_TTA_ACTIVE views= 8 mean_abs_feat_delta= 0.336612
SECONDARY_EDGE_TTA_ACTIVE views= 8 weight= 0.75 mean_abs_feat_delta= 0.26695
BIOHUB_RETENTION_GUARD {"blended_candidates": 519, "dataset": "44b6_12dfb391", "frame": 78, "minimum_retention": 0.9, "primary_candidates": 585, "retention": 0.8871794871794871, "use_primary": true}
SECONDARY_EDGE_TTA_ACTIVE views= 8 weight= 0.75 mean_abs_feat_delta= 0.273421
SECONDARY_EDGE_TTA_ACTIVE views= 8 weight= 0.75 mean_abs_feat_delta= 0.273421
EDGE_TTA_ACTIVE views= 8 mean_abs_feat_delta= 0.351982
EDGE_TTA_ACTIVE views= 8 mean_abs_feat_delta= 0.351982
EDGE_TTA_ACTIVE views= 8 mean_abs_feat_delta= 0.340573
EDGE_TTA_ACTIVE views= 8 mean_abs_feat_delta= 0.340573
SECONDARY_EDGE_TTA_ACTIVE views= 8 weight= 0.75 mean_abs_feat_delta= 0.263744
SECONDARY_EDGE_TTA_ACTIVE views= 8 weight= 0.75 mean_abs_feat_delta= 0.263744
SECONDARY_EDGE_TTA_ACTIVE views= 8 weight= 0.75 mean_abs_feat_delta= 0.271772
SECONDARY_EDGE_TTA_ACTIVE views= 8 weight= 0.75 mean_abs_feat_delta= 0.271772
EDGE_TTA_ACTIVE views= 8 mean_abs_feat_delta= 0.35395
EDGE_TTA_ACTIVE views= 8 mean_abs_feat_delta= 0.35395
EDGE_TTA_ACTIVE views= 8 mean_abs_feat_delta= 0.34851
EDGE_TTA_ACTIVE views= 8 mean_abs_feat_delta= 0.34851
SECONDARY_EDGE_TTA_ACTIVE views= 8 weight= 0.75 mean_abs_feat_delta= 0.262774
SECONDARY_EDGE_TTA_ACTIVE views= 8 weight= 0.75 mean_abs_feat_delta= 0.268085
SECONDARY_EDGE_TTA_ACTIVE views= 8 weight= 0.75 mean_abs_feat_delta= 0.262774
SECONDARY_EDGE_TTA_ACTIVE views= 8 weight= 0.75 mean_abs_feat_delta= 0.268085
EDGE_TTA_ACTIVE views= 8 mean_abs_feat_delta= 0.344922
EDGE_TTA_ACTIVE views= 8 mean_abs_feat_delta= 0.35797
EDGE_TTA_ACTIVE views= 8 mean_abs_feat_delta= 0.344922
EDGE_TTA_ACTIVE views= 8 mean_abs_feat_delta= 0.35797
SECONDARY_EDGE_TTA_ACTIVE views= 8 weight= 0.75 mean_abs_feat_delta= 0.263722
SECONDARY_EDGE_TTA_ACTIVE views= 8 weight= 0.75 mean_abs_feat_delta= 0.263553
SECONDARY_EDGE_TTA_ACTIVE views= 8 weight= 0.75 mean_abs_feat_delta= 0.263722
SECONDARY_EDGE_TTA_ACTIVE views= 8 weight= 0.75 mean_abs_feat_delta= 0.263553
EDGE_TTA_ACTIVE views= 8 mean_abs_feat_delta= 0.345806
EDGE_TTA_ACTIVE views= 8 mean_abs_feat_delta= 0.345806
EDGE_TTA_ACTIVE views= 8 mean_abs_feat_delta= 0.358939
EDGE_TTA_ACTIVE views= 8 mean_abs_feat_delta= 0.358939
SECONDARY_EDGE_TTA_ACTIVE views= 8 weight= 0.75 mean_abs_feat_delta= 0.263509
SECONDARY_EDGE_TTA_ACTIVE views= 8 weight= 0.75 mean_abs_feat_delta= 0.263509
SECONDARY_EDGE_TTA_ACTIVE views= 8 weight= 0.75 mean_abs_feat_delta= 0.264177
SECONDARY_EDGE_TTA_ACTIVE views= 8 weight= 0.75 mean_abs_feat_delta= 0.264177
EDGE_TTA_ACTIVE views= 8 mean_abs_feat_delta= 0.333012
EDGE_TTA_ACTIVE views= 8 mean_abs_feat_delta= 0.333012
EDGE_TTA_ACTIVE views= 8 mean_abs_feat_delta= 0.362662
EDGE_TTA_ACTIVE views= 8 mean_abs_feat_delta= 0.362662
SECONDARY_EDGE_TTA_ACTIVE views= 8 weight= 0.75 mean_abs_feat_delta= 0.270685
SECONDARY_EDGE_TTA_ACTIVE views= 8 weight= 0.75 mean_abs_feat_delta= 0.270685
SECONDARY_EDGE_TTA_ACTIVE views= 8 weight= 0.75 mean_abs_feat_delta= 0.267502
BIOHUB_RETENTION_GUARD {"blended_candidates": 478, "dataset": "44b6_12dfb391", "frame": 83, "minimum_retention": 0.9, "primary_candidates": 555, "retention": 0.8612612612612612, "use_primary": true}
SECONDARY_EDGE_TTA_ACTIVE views= 8 weight= 0.75 mean_abs_feat_delta= 0.267502
BIOHUB_RETENTION_GUARD {"blended_candidates": 478, "dataset": "44b6_12dfb391", "frame": 83, "minimum_retention": 0.9, "primary_candidates": 555, "retention": 0.8612612612612612, "use_primary": true}
EDGE_TTA_ACTIVE views= 8 mean_abs_feat_delta= 0.332183
EDGE_TTA_ACTIVE views= 8 mean_abs_feat_delta= 0.332183
SECONDARY_EDGE_TTA_ACTIVE views= 8 weight= 0.75 mean_abs_feat_delta= 0.253224
EDGE_TTA_ACTIVE views= 8 mean_abs_feat_delta= 0.363086
SECONDARY_EDGE_TTA_ACTIVE views= 8 weight= 0.75 mean_abs_feat_delta= 0.253224
EDGE_TTA_ACTIVE views= 8 mean_abs_feat_delta= 0.363086
SECONDARY_EDGE_TTA_ACTIVE views= 8 weight= 0.75 mean_abs_feat_delta= 0.268865
BIOHUB_RETENTION_GUARD {"blended_candidates": 501, "dataset": "44b6_12dfb391", "frame": 84, "minimum_retention": 0.9, "primary_candidates": 566, "retention": 0.8851590106007067, "use_primary": true}
EDGE_TTA_ACTIVE views= 8 mean_abs_feat_delta= 0.322487
SECONDARY_EDGE_TTA_ACTIVE views= 8 weight= 0.75 mean_abs_feat_delta= 0.268865
BIOHUB_RETENTION_GUARD {"blended_candidates": 501, "dataset": "44b6_12dfb391", "frame": 84, "minimum_retention": 0.9, "primary_candidates": 566, "retention": 0.8851590106007067, "use_primary": true}
EDGE_TTA_ACTIVE views= 8 mean_abs_feat_delta= 0.322487
SECONDARY_EDGE_TTA_ACTIVE views= 8 weight= 0.75 mean_abs_feat_delta= 0.262155
SECONDARY_EDGE_TTA_ACTIVE views= 8 weight= 0.75 mean_abs_feat_delta= 0.262155
EDGE_TTA_ACTIVE views= 8 mean_abs_feat_delta= 0.364785
EDGE_TTA_ACTIVE views= 8 mean_abs_feat_delta= 0.364785
SECONDARY_EDGE_TTA_ACTIVE views= 8 weight= 0.75 mean_abs_feat_delta= 0.27301
SECONDARY_EDGE_TTA_ACTIVE views= 8 weight= 0.75 mean_abs_feat_delta= 0.27301
EDGE_TTA_ACTIVE views= 8 mean_abs_feat_delta= 0.363892
EDGE_TTA_ACTIVE views= 8 mean_abs_feat_delta= 0.363892
SECONDARY_EDGE_TTA_ACTIVE views= 8 weight= 0.75 mean_abs_feat_delta= 0.2723
SECONDARY_EDGE_TTA_ACTIVE views= 8 weight= 0.75 mean_abs_feat_delta= 0.2723
EDGE_TTA_ACTIVE views= 8 mean_abs_feat_delta= 0.362041
EDGE_TTA_ACTIVE views= 8 mean_abs_feat_delta= 0.362041
SECONDARY_EDGE_TTA_ACTIVE views= 8 weight= 0.75 mean_abs_feat_delta= 0.26849
SECONDARY_EDGE_TTA_ACTIVE views= 8 weight= 0.75 mean_abs_feat_delta= 0.26849
EDGE_TTA_ACTIVE views= 8 mean_abs_feat_delta= 0.364393
EDGE_TTA_ACTIVE views= 8 mean_abs_feat_delta= 0.364393
SECONDARY_EDGE_TTA_ACTIVE views= 8 weight= 0.75 mean_abs_feat_delta= 0.26742
SECONDARY_EDGE_TTA_ACTIVE views= 8 weight= 0.75 mean_abs_feat_delta= 0.26742
EDGE_TTA_ACTIVE views= 8 mean_abs_feat_delta= 0.36832
EDGE_TTA_ACTIVE views= 8 mean_abs_feat_delta= 0.36832
SECONDARY_EDGE_TTA_ACTIVE views= 8 weight= 0.75 mean_abs_feat_delta= 0.266839
BIOHUB_RETENTION_GUARD {"blended_candidates": 539, "dataset": "44b6_12dfb391", "frame": 89, "minimum_retention": 0.9, "primary_candidates": 618, "retention": 0.872168284789644, "use_primary": true}
SECONDARY_EDGE_TTA_ACTIVE views= 8 weight= 0.75 mean_abs_feat_delta= 0.266839
BIOHUB_RETENTION_GUARD {"blended_candidates": 539, "dataset": "44b6_12dfb391", "frame": 89, "minimum_retention": 0.9, "primary_candidates": 618, "retention": 0.872168284789644, "use_primary": true}
EDGE_TTA_ACTIVE views= 8 mean_abs_feat_delta= 0.372337
EDGE_TTA_ACTIVE views= 8 mean_abs_feat_delta= 0.372337
SECONDARY_EDGE_TTA_ACTIVE views= 8 weight= 0.75 mean_abs_feat_delta= 0.26897
BIOHUB_RETENTION_GUARD {"blended_candidates": 532, "dataset": "44b6_12dfb391", "frame": 90, "minimum_retention": 0.9, "primary_candidates": 595, "retention": 0.8941176470588236, "use_primary": true}
SECONDARY_EDGE_TTA_ACTIVE views= 8 weight= 0.75 mean_abs_feat_delta= 0.26897
BIOHUB_RETENTION_GUARD {"blended_candidates": 532, "dataset": "44b6_12dfb391", "frame": 90, "minimum_retention": 0.9, "primary_candidates": 595, "retention": 0.8941176470588236, "use_primary": true}
EDGE_TTA_ACTIVE views= 8 mean_abs_feat_delta= 0.372351
EDGE_TTA_ACTIVE views= 8 mean_abs_feat_delta= 0.372351
SECONDARY_EDGE_TTA_ACTIVE views= 8 weight= 0.75 mean_abs_feat_delta= 0.269254
SECONDARY_EDGE_TTA_ACTIVE views= 8 weight= 0.75 mean_abs_feat_delta= 0.269254
EDGE_TTA_ACTIVE views= 8 mean_abs_feat_delta= 0.376977
EDGE_TTA_ACTIVE views= 8 mean_abs_feat_delta= 0.376977
EDGE_TTA_ACTIVE views= 8 mean_abs_feat_delta= 0.311164
SECONDARY_EDGE_TTA_ACTIVE views= 8 weight= 0.75 mean_abs_feat_delta= 0.273908
EDGE_TTA_ACTIVE views= 8 mean_abs_feat_delta= 0.311164
SECONDARY_EDGE_TTA_ACTIVE views= 8 weight= 0.75 mean_abs_feat_delta= 0.273908
SECONDARY_EDGE_TTA_ACTIVE views= 8 weight= 0.75 mean_abs_feat_delta= 0.261033
SECONDARY_EDGE_TTA_ACTIVE views= 8 weight= 0.75 mean_abs_feat_delta= 0.261033
EDGE_TTA_ACTIVE views= 8 mean_abs_feat_delta= 0.379308
EDGE_TTA_ACTIVE views= 8 mean_abs_feat_delta= 0.379308
EDGE_TTA_ACTIVE views= 8 mean_abs_feat_delta= 0.314772
EDGE_TTA_ACTIVE views= 8 mean_abs_feat_delta= 0.314772
SECONDARY_EDGE_TTA_ACTIVE views= 8 weight= 0.75 mean_abs_feat_delta= 0.28036
SECONDARY_EDGE_TTA_ACTIVE views= 8 weight= 0.75 mean_abs_feat_delta= 0.28036
SECONDARY_EDGE_TTA_ACTIVE views= 8 weight= 0.75 mean_abs_feat_delta= 0.260558
SECONDARY_EDGE_TTA_ACTIVE views= 8 weight= 0.75 mean_abs_feat_delta= 0.260558
EDGE_TTA_ACTIVE views= 8 mean_abs_feat_delta= 0.375447
EDGE_TTA_ACTIVE views= 8 mean_abs_feat_delta= 0.375447
EDGE_TTA_ACTIVE views= 8 mean_abs_feat_delta= 0.32
EDGE_TTA_ACTIVE views= 8 mean_abs_feat_delta= 0.32
SECONDARY_EDGE_TTA_ACTIVE views= 8 weight= 0.75 mean_abs_feat_delta= 0.279645
BIOHUB_RETENTION_GUARD {"blended_candidates": 520, "dataset": "44b6_12dfb391", "frame": 94, "minimum_retention": 0.9, "primary_candidates": 583, "retention": 0.8919382504288165, "use_primary": true}
SECONDARY_EDGE_TTA_ACTIVE views= 8 weight= 0.75 mean_abs_feat_delta= 0.261329
SECONDARY_EDGE_TTA_ACTIVE views= 8 weight= 0.75 mean_abs_feat_delta= 0.279645
BIOHUB_RETENTION_GUARD {"blended_candidates": 520, "dataset": "44b6_12dfb391", "frame": 94, "minimum_retention": 0.9, "primary_candidates": 583, "retention": 0.8919382504288165, "use_primary": true}
SECONDARY_EDGE_TTA_ACTIVE views= 8 weight= 0.75 mean_abs_feat_delta= 0.261329
EDGE_TTA_ACTIVE views= 8 mean_abs_feat_delta= 0.316482
EDGE_TTA_ACTIVE views= 8 mean_abs_feat_delta= 0.369974
EDGE_TTA_ACTIVE views= 8 mean_abs_feat_delta= 0.316482
EDGE_TTA_ACTIVE views= 8 mean_abs_feat_delta= 0.369974
SECONDARY_EDGE_TTA_ACTIVE views= 8 weight= 0.75 mean_abs_feat_delta= 0.267255
SECONDARY_EDGE_TTA_ACTIVE views= 8 weight= 0.75 mean_abs_feat_delta= 0.267255
SECONDARY_EDGE_TTA_ACTIVE views= 8 weight= 0.75 mean_abs_feat_delta= 0.279886
SECONDARY_EDGE_TTA_ACTIVE views= 8 weight= 0.75 mean_abs_feat_delta= 0.279886
EDGE_TTA_ACTIVE views= 8 mean_abs_feat_delta= 0.312516
EDGE_TTA_ACTIVE views= 8 mean_abs_feat_delta= 0.312516
EDGE_TTA_ACTIVE views= 8 mean_abs_feat_delta= 0.373122
EDGE_TTA_ACTIVE views= 8 mean_abs_feat_delta= 0.373122
SECONDARY_EDGE_TTA_ACTIVE views= 8 weight= 0.75 mean_abs_feat_delta= 0.269103
SECONDARY_EDGE_TTA_ACTIVE views= 8 weight= 0.75 mean_abs_feat_delta= 0.269103
SECONDARY_EDGE_TTA_ACTIVE views= 8 weight= 0.75 mean_abs_feat_delta= 0.279253
SECONDARY_EDGE_TTA_ACTIVE views= 8 weight= 0.75 mean_abs_feat_delta= 0.279253
EDGE_TTA_ACTIVE views= 8 mean_abs_feat_delta= 0.310284
EDGE_TTA_ACTIVE views= 8 mean_abs_feat_delta= 0.310284
EDGE_TTA_ACTIVE views= 8 mean_abs_feat_delta= 0.371747
EDGE_TTA_ACTIVE views= 8 mean_abs_feat_delta= 0.371747
SECONDARY_EDGE_TTA_ACTIVE views= 8 weight= 0.75 mean_abs_feat_delta= 0.270231
SECONDARY_EDGE_TTA_ACTIVE views= 8 weight= 0.75 mean_abs_feat_delta= 0.270231
SECONDARY_EDGE_TTA_ACTIVE views= 8 weight= 0.75 mean_abs_feat_delta= 0.27536
SECONDARY_EDGE_TTA_ACTIVE views= 8 weight= 0.75 mean_abs_feat_delta= 0.27536
EDGE_TTA_ACTIVE views= 8 mean_abs_feat_delta= 0.315039
EDGE_TTA_ACTIVE views= 8 mean_abs_feat_delta= 0.315039
SECONDARY_EDGE_TTA_ACTIVE views= 8 weight= 0.75 mean_abs_feat_delta= 0.27087
EDGE_TTA_ACTIVE views= 8 mean_abs_feat_delta= 0.369424
SECONDARY_EDGE_TTA_ACTIVE views= 8 weight= 0.75 mean_abs_feat_delta= 0.27087
EDGE_TTA_ACTIVE views= 8 mean_abs_feat_delta= 0.369424
SECONDARY_EDGE_TTA_ACTIVE views= 8 weight= 0.75 mean_abs_feat_delta= 0.271751
EDGE_TTA_ACTIVE views= 8 mean_abs_feat_delta= 0.322123
SECONDARY_EDGE_TTA_ACTIVE views= 8 weight= 0.75 mean_abs_feat_delta= 0.271751
EDGE_TTA_ACTIVE views= 8 mean_abs_feat_delta= 0.322123
SECONDARY_EDGE_TTA_ACTIVE views= 8 weight= 0.75 mean_abs_feat_delta= 0.268311
SECONDARY_EDGE_TTA_ACTIVE views= 8 weight= 0.75 mean_abs_feat_delta= 0.268311
EDGE_TTA_ACTIVE views= 8 mean_abs_feat_delta= 0.372871
EDGE_TTA_ACTIVE views= 8 mean_abs_feat_delta= 0.372871
EDGE_TTA_ACTIVE views= 8 mean_abs_feat_delta= 0.315226
EDGE_TTA_ACTIVE views= 8 mean_abs_feat_delta= 0.315226
SECONDARY_EDGE_TTA_ACTIVE views= 8 weight= 0.75 mean_abs_feat_delta= 0.271724
SECONDARY_EDGE_TTA_ACTIVE views= 8 weight= 0.75 mean_abs_feat_delta= 0.271724
SECONDARY_EDGE_TTA_ACTIVE views= 8 weight= 0.75 mean_abs_feat_delta= 0.262145
SECONDARY_EDGE_TTA_ACTIVE views= 8 weight= 0.75 mean_abs_feat_delta= 0.262145
EDGE_TTA_ACTIVE views= 8 mean_abs_feat_delta= 0.313017
EDGE_TTA_ACTIVE views= 8 mean_abs_feat_delta= 0.313017
SECONDARY_EDGE_TTA_ACTIVE views= 8 weight= 0.75 mean_abs_feat_delta= 0.258401
SECONDARY_EDGE_TTA_ACTIVE views= 8 weight= 0.75 mean_abs_feat_delta= 0.258401
EDGE_TTA_ACTIVE views= 8 mean_abs_feat_delta= 0.312427
EDGE_TTA_ACTIVE views= 8 mean_abs_feat_delta= 0.312427
SECONDARY_EDGE_TTA_ACTIVE views= 8 weight= 0.75 mean_abs_feat_delta= 0.259952
SECONDARY_EDGE_TTA_ACTIVE views= 8 weight= 0.75 mean_abs_feat_delta= 0.259952
EDGE_TTA_ACTIVE views= 8 mean_abs_feat_delta= 0.312244
EDGE_TTA_ACTIVE views= 8 mean_abs_feat_delta= 0.312244
SECONDARY_EDGE_TTA_ACTIVE views= 8 weight= 0.75 mean_abs_feat_delta= 0.251585
SECONDARY_EDGE_TTA_ACTIVE views= 8 weight= 0.75 mean_abs_feat_delta= 0.251585
EDGE_TTA_ACTIVE views= 8 mean_abs_feat_delta= 0.312161
EDGE_TTA_ACTIVE views= 8 mean_abs_feat_delta= 0.312161
SECONDARY_EDGE_TTA_ACTIVE views= 8 weight= 0.75 mean_abs_feat_delta= 0.254847
SECONDARY_EDGE_TTA_ACTIVE views= 8 weight= 0.75 mean_abs_feat_delta= 0.254847
EDGE_TTA_ACTIVE views= 8 mean_abs_feat_delta= 0.311033
EDGE_TTA_ACTIVE views= 8 mean_abs_feat_delta= 0.311033
SECONDARY_EDGE_TTA_ACTIVE views= 8 weight= 0.75 mean_abs_feat_delta= 0.254101
SECONDARY_EDGE_TTA_ACTIVE views= 8 weight= 0.75 mean_abs_feat_delta= 0.254101
EDGE_TTA_ACTIVE views= 8 mean_abs_feat_delta= 0.322725
EDGE_TTA_ACTIVE views= 8 mean_abs_feat_delta= 0.322725
SECONDARY_EDGE_TTA_ACTIVE views= 8 weight= 0.75 mean_abs_feat_delta= 0.254681
SECONDARY_EDGE_TTA_ACTIVE views= 8 weight= 0.75 mean_abs_feat_delta= 0.254681
EDGE_TTA_ACTIVE views= 8 mean_abs_feat_delta= 0.325293
EDGE_TTA_ACTIVE views= 8 mean_abs_feat_delta= 0.325293
SECONDARY_EDGE_TTA_ACTIVE views= 8 weight= 0.75 mean_abs_feat_delta= 0.264267
SECONDARY_EDGE_TTA_ACTIVE views= 8 weight= 0.75 mean_abs_feat_delta= 0.264267
EDGE_TTA_ACTIVE views= 8 mean_abs_feat_delta= 0.323346
EDGE_TTA_ACTIVE views= 8 mean_abs_feat_delta= 0.323346
SECONDARY_EDGE_TTA_ACTIVE views= 8 weight= 0.75 mean_abs_feat_delta= 0.263395
SECONDARY_EDGE_TTA_ACTIVE views= 8 weight= 0.75 mean_abs_feat_delta= 0.263395
EDGE_TTA_ACTIVE views= 8 mean_abs_feat_delta= 0.325491
EDGE_TTA_ACTIVE views= 8 mean_abs_feat_delta= 0.325491
SECONDARY_EDGE_TTA_ACTIVE views= 8 weight= 0.75 mean_abs_feat_delta= 0.261321
SECONDARY_EDGE_TTA_ACTIVE views= 8 weight= 0.75 mean_abs_feat_delta= 0.261321
EDGE_TTA_ACTIVE views= 8 mean_abs_feat_delta= 0.330746
EDGE_TTA_ACTIVE views= 8 mean_abs_feat_delta= 0.330746
SECONDARY_EDGE_TTA_ACTIVE views= 8 weight= 0.75 mean_abs_feat_delta= 0.265991
SECONDARY_EDGE_TTA_ACTIVE views= 8 weight= 0.75 mean_abs_feat_delta= 0.265991
EDGE_TTA_ACTIVE views= 8 mean_abs_feat_delta= 0.322777
EDGE_TTA_ACTIVE views= 8 mean_abs_feat_delta= 0.322777
SECONDARY_EDGE_TTA_ACTIVE views= 8 weight= 0.75 mean_abs_feat_delta= 0.269935
SECONDARY_EDGE_TTA_ACTIVE views= 8 weight= 0.75 mean_abs_feat_delta= 0.269935
EDGE_TTA_ACTIVE views= 8 mean_abs_feat_delta= 0.325178
EDGE_TTA_ACTIVE views= 8 mean_abs_feat_delta= 0.325178
SECONDARY_EDGE_TTA_ACTIVE views= 8 weight= 0.75 mean_abs_feat_delta= 0.267969
SECONDARY_EDGE_TTA_ACTIVE views= 8 weight= 0.75 mean_abs_feat_delta= 0.267969
EDGE_TTA_ACTIVE views= 8 mean_abs_feat_delta= 0.329767
EDGE_TTA_ACTIVE views= 8 mean_abs_feat_delta= 0.329767
SECONDARY_EDGE_TTA_ACTIVE views= 8 weight= 0.75 mean_abs_feat_delta= 0.266969
SECONDARY_EDGE_TTA_ACTIVE views= 8 weight= 0.75 mean_abs_feat_delta= 0.266969
EDGE_TTA_ACTIVE views= 8 mean_abs_feat_delta= 0.326202
EDGE_TTA_ACTIVE views= 8 mean_abs_feat_delta= 0.326202
SECONDARY_EDGE_TTA_ACTIVE views= 8 weight= 0.75 mean_abs_feat_delta= 0.26568
SECONDARY_EDGE_TTA_ACTIVE views= 8 weight= 0.75 mean_abs_feat_delta= 0.26568
EDGE_TTA_ACTIVE views= 8 mean_abs_feat_delta= 0.317502
EDGE_TTA_ACTIVE views= 8 mean_abs_feat_delta= 0.317502
SECONDARY_EDGE_TTA_ACTIVE views= 8 weight= 0.75 mean_abs_feat_delta= 0.259521
SECONDARY_EDGE_TTA_ACTIVE views= 8 weight= 0.75 mean_abs_feat_delta= 0.259521
EDGE_TTA_ACTIVE views= 8 mean_abs_feat_delta= 0.323159
EDGE_TTA_ACTIVE views= 8 mean_abs_feat_delta= 0.323159
SECONDARY_EDGE_TTA_ACTIVE views= 8 weight= 0.75 mean_abs_feat_delta= 0.261188
SECONDARY_EDGE_TTA_ACTIVE views= 8 weight= 0.75 mean_abs_feat_delta= 0.261188
EDGE_TTA_ACTIVE views= 8 mean_abs_feat_delta= 0.330965
EDGE_TTA_ACTIVE views= 8 mean_abs_feat_delta= 0.330965
SECONDARY_EDGE_TTA_ACTIVE views= 8 weight= 0.75 mean_abs_feat_delta= 0.263495
SECONDARY_EDGE_TTA_ACTIVE views= 8 weight= 0.75 mean_abs_feat_delta= 0.263495
EDGE_TTA_ACTIVE views= 8 mean_abs_feat_delta= 0.32822
EDGE_TTA_ACTIVE views= 8 mean_abs_feat_delta= 0.32822
SECONDARY_EDGE_TTA_ACTIVE views= 8 weight= 0.75 mean_abs_feat_delta= 0.261978
BIOHUB_RETENTION_GUARD {"blended_candidates": 93, "dataset": "44b6_341df25f", "frame": 27, "minimum_retention": 0.9, "primary_candidates": 104, "retention": 0.8942307692307693, "use_primary": true}
SECONDARY_EDGE_TTA_ACTIVE views= 8 weight= 0.75 mean_abs_feat_delta= 0.261978
BIOHUB_RETENTION_GUARD {"blended_candidates": 93, "dataset": "44b6_341df25f", "frame": 27, "minimum_retention": 0.9, "primary_candidates": 104, "retention": 0.8942307692307693, "use_primary": true}
EDGE_TTA_ACTIVE views= 8 mean_abs_feat_delta= 0.333586
EDGE_TTA_ACTIVE views= 8 mean_abs_feat_delta= 0.333586
SECONDARY_EDGE_TTA_ACTIVE views= 8 weight= 0.75 mean_abs_feat_delta= 0.264674
SECONDARY_EDGE_TTA_ACTIVE views= 8 weight= 0.75 mean_abs_feat_delta= 0.264674
EDGE_TTA_ACTIVE views= 8 mean_abs_feat_delta= 0.335857
EDGE_TTA_ACTIVE views= 8 mean_abs_feat_delta= 0.335857
SECONDARY_EDGE_TTA_ACTIVE views= 8 weight= 0.75 mean_abs_feat_delta= 0.266123
SECONDARY_EDGE_TTA_ACTIVE views= 8 weight= 0.75 mean_abs_feat_delta= 0.266123
EDGE_TTA_ACTIVE views= 8 mean_abs_feat_delta= 0.354264
EDGE_TTA_ACTIVE views= 8 mean_abs_feat_delta= 0.354264
EDGE_TTA_ACTIVE views= 8 mean_abs_feat_delta= 0.332258
EDGE_TTA_ACTIVE views= 8 mean_abs_feat_delta= 0.332258
SECONDARY_EDGE_TTA_ACTIVE views= 8 weight= 0.75 mean_abs_feat_delta= 0.316074
BIOHUB_RETENTION_GUARD {"blended_candidates": 460, "dataset": "44b6_2a2eff9f", "frame": 0, "minimum_retention": 0.9, "primary_candidates": 559, "retention": 0.8228980322003577, "use_primary": true}
BIOHUB_RETENTION_GUARD {"blended_candidates": 460, "dataset": "44b6_2a2eff9f", "frame": 1, "minimum_retention": 0.9, "primary_candidates": 536, "retention": 0.8582089552238806, "use_primary": true}
SECONDARY_EDGE_TTA_ACTIVE views= 8 weight= 0.75 mean_abs_feat_delta= 0.316074
BIOHUB_RETENTION_GUARD {"blended_candidates": 460, "dataset": "44b6_2a2eff9f", "frame": 0, "minimum_retention": 0.9, "primary_candidates": 559, "retention": 0.8228980322003577, "use_primary": true}
BIOHUB_RETENTION_GUARD {"blended_candidates": 460, "dataset": "44b6_2a2eff9f", "frame": 1, "minimum_retention": 0.9, "primary_candidates": 536, "retention": 0.8582089552238806, "use_primary": true}
SECONDARY_EDGE_TTA_ACTIVE views= 8 weight= 0.75 mean_abs_feat_delta= 0.26614
SECONDARY_EDGE_TTA_ACTIVE views= 8 weight= 0.75 mean_abs_feat_delta= 0.26614
EDGE_TTA_ACTIVE views= 8 mean_abs_feat_delta= 0.353629
EDGE_TTA_ACTIVE views= 8 mean_abs_feat_delta= 0.353629
EDGE_TTA_ACTIVE views= 8 mean_abs_feat_delta= 0.331192
EDGE_TTA_ACTIVE views= 8 mean_abs_feat_delta= 0.331192
SECONDARY_EDGE_TTA_ACTIVE views= 8 weight= 0.75 mean_abs_feat_delta= 0.31712
BIOHUB_RETENTION_GUARD {"blended_candidates": 448, "dataset": "44b6_2a2eff9f", "frame": 2, "minimum_retention": 0.9, "primary_candidates": 529, "retention": 0.8468809073724007, "use_primary": true}
SECONDARY_EDGE_TTA_ACTIVE views= 8 weight= 0.75 mean_abs_feat_delta= 0.31712
BIOHUB_RETENTION_GUARD {"blended_candidates": 448, "dataset": "44b6_2a2eff9f", "frame": 2, "minimum_retention": 0.9, "primary_candidates": 529, "retention": 0.8468809073724007, "use_primary": true}
SECONDARY_EDGE_TTA_ACTIVE views= 8 weight= 0.75 mean_abs_feat_delta= 0.263399
SECONDARY_EDGE_TTA_ACTIVE views= 8 weight= 0.75 mean_abs_feat_delta= 0.263399
EDGE_TTA_ACTIVE views= 8 mean_abs_feat_delta= 0.354199
EDGE_TTA_ACTIVE views= 8 mean_abs_feat_delta= 0.354199
EDGE_TTA_ACTIVE views= 8 mean_abs_feat_delta= 0.331813
EDGE_TTA_ACTIVE views= 8 mean_abs_feat_delta= 0.331813
SECONDARY_EDGE_TTA_ACTIVE views= 8 weight= 0.75 mean_abs_feat_delta= 0.31716
BIOHUB_RETENTION_GUARD {"blended_candidates": 428, "dataset": "44b6_2a2eff9f", "frame": 3, "minimum_retention": 0.9, "primary_candidates": 515, "retention": 0.8310679611650486, "use_primary": true}
SECONDARY_EDGE_TTA_ACTIVE views= 8 weight= 0.75 mean_abs_feat_delta= 0.31716
BIOHUB_RETENTION_GUARD {"blended_candidates": 428, "dataset": "44b6_2a2eff9f", "frame": 3, "minimum_retention": 0.9, "primary_candidates": 515, "retention": 0.8310679611650486, "use_primary": true}
SECONDARY_EDGE_TTA_ACTIVE views= 8 weight= 0.75 mean_abs_feat_delta= 0.258884
SECONDARY_EDGE_TTA_ACTIVE views= 8 weight= 0.75 mean_abs_feat_delta= 0.258884
EDGE_TTA_ACTIVE views= 8 mean_abs_feat_delta= 0.351342
EDGE_TTA_ACTIVE views= 8 mean_abs_feat_delta= 0.327911
EDGE_TTA_ACTIVE views= 8 mean_abs_feat_delta= 0.351342
EDGE_TTA_ACTIVE views= 8 mean_abs_feat_delta= 0.327911
SECONDARY_EDGE_TTA_ACTIVE views= 8 weight= 0.75 mean_abs_feat_delta= 0.31653
BIOHUB_RETENTION_GUARD {"blended_candidates": 456, "dataset": "44b6_2a2eff9f", "frame": 4, "minimum_retention": 0.9, "primary_candidates": 542, "retention": 0.8413284132841329, "use_primary": true}
SECONDARY_EDGE_TTA_ACTIVE views= 8 weight= 0.75 mean_abs_feat_delta= 0.259992
SECONDARY_EDGE_TTA_ACTIVE views= 8 weight= 0.75 mean_abs_feat_delta= 0.31653
BIOHUB_RETENTION_GUARD {"blended_candidates": 456, "dataset": "44b6_2a2eff9f", "frame": 4, "minimum_retention": 0.9, "primary_candidates": 542, "retention": 0.8413284132841329, "use_primary": true}
SECONDARY_EDGE_TTA_ACTIVE views= 8 weight= 0.75 mean_abs_feat_delta= 0.259992
EDGE_TTA_ACTIVE views= 8 mean_abs_feat_delta= 0.353535
EDGE_TTA_ACTIVE views= 8 mean_abs_feat_delta= 0.330714
EDGE_TTA_ACTIVE views= 8 mean_abs_feat_delta= 0.353535
EDGE_TTA_ACTIVE views= 8 mean_abs_feat_delta= 0.330714
SECONDARY_EDGE_TTA_ACTIVE views= 8 weight= 0.75 mean_abs_feat_delta= 0.316364
BIOHUB_RETENTION_GUARD {"blended_candidates": 451, "dataset": "44b6_2a2eff9f", "frame": 5, "minimum_retention": 0.9, "primary_candidates": 542, "retention": 0.8321033210332104, "use_primary": true}
SECONDARY_EDGE_TTA_ACTIVE views= 8 weight= 0.75 mean_abs_feat_delta= 0.261061
SECONDARY_EDGE_TTA_ACTIVE views= 8 weight= 0.75 mean_abs_feat_delta= 0.316364
BIOHUB_RETENTION_GUARD {"blended_candidates": 451, "dataset": "44b6_2a2eff9f", "frame": 5, "minimum_retention": 0.9, "primary_candidates": 542, "retention": 0.8321033210332104, "use_primary": true}
SECONDARY_EDGE_TTA_ACTIVE views= 8 weight= 0.75 mean_abs_feat_delta= 0.261061
EDGE_TTA_ACTIVE views= 8 mean_abs_feat_delta= 0.32934
EDGE_TTA_ACTIVE views= 8 mean_abs_feat_delta= 0.355109
EDGE_TTA_ACTIVE views= 8 mean_abs_feat_delta= 0.32934
EDGE_TTA_ACTIVE views= 8 mean_abs_feat_delta= 0.355109
SECONDARY_EDGE_TTA_ACTIVE views= 8 weight= 0.75 mean_abs_feat_delta= 0.260977
SECONDARY_EDGE_TTA_ACTIVE views= 8 weight= 0.75 mean_abs_feat_delta= 0.317147
BIOHUB_RETENTION_GUARD {"blended_candidates": 449, "dataset": "44b6_2a2eff9f", "frame": 6, "minimum_retention": 0.9, "primary_candidates": 544, "retention": 0.8253676470588235, "use_primary": true}
SECONDARY_EDGE_TTA_ACTIVE views= 8 weight= 0.75 mean_abs_feat_delta= 0.260977
SECONDARY_EDGE_TTA_ACTIVE views= 8 weight= 0.75 mean_abs_feat_delta= 0.317147
BIOHUB_RETENTION_GUARD {"blended_candidates": 449, "dataset": "44b6_2a2eff9f", "frame": 6, "minimum_retention": 0.9, "primary_candidates": 544, "retention": 0.8253676470588235, "use_primary": true}
EDGE_TTA_ACTIVE views= 8 mean_abs_feat_delta= 0.333566
EDGE_TTA_ACTIVE views= 8 mean_abs_feat_delta= 0.359732
EDGE_TTA_ACTIVE views= 8 mean_abs_feat_delta= 0.333566
EDGE_TTA_ACTIVE views= 8 mean_abs_feat_delta= 0.359732
SECONDARY_EDGE_TTA_ACTIVE views= 8 weight= 0.75 mean_abs_feat_delta= 0.25823
SECONDARY_EDGE_TTA_ACTIVE views= 8 weight= 0.75 mean_abs_feat_delta= 0.25823
SECONDARY_EDGE_TTA_ACTIVE views= 8 weight= 0.75 mean_abs_feat_delta= 0.314941
BIOHUB_RETENTION_GUARD {"blended_candidates": 419, "dataset": "44b6_2a2eff9f", "frame": 7, "minimum_retention": 0.9, "primary_candidates": 531, "retention": 0.7890772128060264, "use_primary": true}
SECONDARY_EDGE_TTA_ACTIVE views= 8 weight= 0.75 mean_abs_feat_delta= 0.314941
BIOHUB_RETENTION_GUARD {"blended_candidates": 419, "dataset": "44b6_2a2eff9f", "frame": 7, "minimum_retention": 0.9, "primary_candidates": 531, "retention": 0.7890772128060264, "use_primary": true}
EDGE_TTA_ACTIVE views= 8 mean_abs_feat_delta= 0.336507
EDGE_TTA_ACTIVE views= 8 mean_abs_feat_delta= 0.336507
EDGE_TTA_ACTIVE views= 8 mean_abs_feat_delta= 0.367188
EDGE_TTA_ACTIVE views= 8 mean_abs_feat_delta= 0.367188
SECONDARY_EDGE_TTA_ACTIVE views= 8 weight= 0.75 mean_abs_feat_delta= 0.25435
SECONDARY_EDGE_TTA_ACTIVE views= 8 weight= 0.75 mean_abs_feat_delta= 0.25435
SECONDARY_EDGE_TTA_ACTIVE views= 8 weight= 0.75 mean_abs_feat_delta= 0.315928
BIOHUB_RETENTION_GUARD {"blended_candidates": 426, "dataset": "44b6_2a2eff9f", "frame": 8, "minimum_retention": 0.9, "primary_candidates": 524, "retention": 0.8129770992366412, "use_primary": true}
SECONDARY_EDGE_TTA_ACTIVE views= 8 weight= 0.75 mean_abs_feat_delta= 0.315928
BIOHUB_RETENTION_GUARD {"blended_candidates": 426, "dataset": "44b6_2a2eff9f", "frame": 8, "minimum_retention": 0.9, "primary_candidates": 524, "retention": 0.8129770992366412, "use_primary": true}
EDGE_TTA_ACTIVE views= 8 mean_abs_feat_delta= 0.3358
EDGE_TTA_ACTIVE views= 8 mean_abs_feat_delta= 0.3358
EDGE_TTA_ACTIVE views= 8 mean_abs_feat_delta= 0.367144
EDGE_TTA_ACTIVE views= 8 mean_abs_feat_delta= 0.367144
SECONDARY_EDGE_TTA_ACTIVE views= 8 weight= 0.75 mean_abs_feat_delta= 0.256804
SECONDARY_EDGE_TTA_ACTIVE views= 8 weight= 0.75 mean_abs_feat_delta= 0.256804
SECONDARY_EDGE_TTA_ACTIVE views= 8 weight= 0.75 mean_abs_feat_delta= 0.318801
BIOHUB_RETENTION_GUARD {"blended_candidates": 432, "dataset": "44b6_2a2eff9f", "frame": 9, "minimum_retention": 0.9, "primary_candidates": 530, "retention": 0.8150943396226416, "use_primary": true}
SECONDARY_EDGE_TTA_ACTIVE views= 8 weight= 0.75 mean_abs_feat_delta= 0.318801
BIOHUB_RETENTION_GUARD {"blended_candidates": 432, "dataset": "44b6_2a2eff9f", "frame": 9, "minimum_retention": 0.9, "primary_candidates": 530, "retention": 0.8150943396226416, "use_primary": true}
EDGE_TTA_ACTIVE views= 8 mean_abs_feat_delta= 0.32024
EDGE_TTA_ACTIVE views= 8 mean_abs_feat_delta= 0.32024
EDGE_TTA_ACTIVE views= 8 mean_abs_feat_delta= 0.36704
EDGE_TTA_ACTIVE views= 8 mean_abs_feat_delta= 0.36704
SECONDARY_EDGE_TTA_ACTIVE views= 8 weight= 0.75 mean_abs_feat_delta= 0.264014
SECONDARY_EDGE_TTA_ACTIVE views= 8 weight= 0.75 mean_abs_feat_delta= 0.264014
SECONDARY_EDGE_TTA_ACTIVE views= 8 weight= 0.75 mean_abs_feat_delta= 0.315955
BIOHUB_RETENTION_GUARD {"blended_candidates": 412, "dataset": "44b6_2a2eff9f", "frame": 10, "minimum_retention": 0.9, "primary_candidates": 516, "retention": 0.7984496124031008, "use_primary": true}
SECONDARY_EDGE_TTA_ACTIVE views= 8 weight= 0.75 mean_abs_feat_delta= 0.315955
BIOHUB_RETENTION_GUARD {"blended_candidates": 412, "dataset": "44b6_2a2eff9f", "frame": 10, "minimum_retention": 0.9, "primary_candidates": 516, "retention": 0.7984496124031008, "use_primary": true}
EDGE_TTA_ACTIVE views= 8 mean_abs_feat_delta= 0.325944
EDGE_TTA_ACTIVE views= 8 mean_abs_feat_delta= 0.325944
EDGE_TTA_ACTIVE views= 8 mean_abs_feat_delta= 0.361712
EDGE_TTA_ACTIVE views= 8 mean_abs_feat_delta= 0.361712
SECONDARY_EDGE_TTA_ACTIVE views= 8 weight= 0.75 mean_abs_feat_delta= 0.261728
SECONDARY_EDGE_TTA_ACTIVE views= 8 weight= 0.75 mean_abs_feat_delta= 0.261728
SECONDARY_EDGE_TTA_ACTIVE views= 8 weight= 0.75 mean_abs_feat_delta= 0.314358
BIOHUB_RETENTION_GUARD {"blended_candidates": 456, "dataset": "44b6_2a2eff9f", "frame": 11, "minimum_retention": 0.9, "primary_candidates": 534, "retention": 0.8539325842696629, "use_primary": true}
SECONDARY_EDGE_TTA_ACTIVE views= 8 weight= 0.75 mean_abs_feat_delta= 0.314358
BIOHUB_RETENTION_GUARD {"blended_candidates": 456, "dataset": "44b6_2a2eff9f", "frame": 11, "minimum_retention": 0.9, "primary_candidates": 534, "retention": 0.8539325842696629, "use_primary": true}
EDGE_TTA_ACTIVE views= 8 mean_abs_feat_delta= 0.328686
EDGE_TTA_ACTIVE views= 8 mean_abs_feat_delta= 0.328686
EDGE_TTA_ACTIVE views= 8 mean_abs_feat_delta= 0.36232
EDGE_TTA_ACTIVE views= 8 mean_abs_feat_delta= 0.36232
SECONDARY_EDGE_TTA_ACTIVE views= 8 weight= 0.75 mean_abs_feat_delta= 0.257823
SECONDARY_EDGE_TTA_ACTIVE views= 8 weight= 0.75 mean_abs_feat_delta= 0.257823
SECONDARY_EDGE_TTA_ACTIVE views= 8 weight= 0.75 mean_abs_feat_delta= 0.319932
BIOHUB_RETENTION_GUARD {"blended_candidates": 425, "dataset": "44b6_2a2eff9f", "frame": 12, "minimum_retention": 0.9, "primary_candidates": 508, "retention": 0.8366141732283464, "use_primary": true}
SECONDARY_EDGE_TTA_ACTIVE views= 8 weight= 0.75 mean_abs_feat_delta= 0.319932
BIOHUB_RETENTION_GUARD {"blended_candidates": 425, "dataset": "44b6_2a2eff9f", "frame": 12, "minimum_retention": 0.9, "primary_candidates": 508, "retention": 0.8366141732283464, "use_primary": true}
EDGE_TTA_ACTIVE views= 8 mean_abs_feat_delta= 0.327204
EDGE_TTA_ACTIVE views= 8 mean_abs_feat_delta= 0.327204
EDGE_TTA_ACTIVE views= 8 mean_abs_feat_delta= 0.361858
EDGE_TTA_ACTIVE views= 8 mean_abs_feat_delta= 0.361858
SECONDARY_EDGE_TTA_ACTIVE views= 8 weight= 0.75 mean_abs_feat_delta= 0.260305
SECONDARY_EDGE_TTA_ACTIVE views= 8 weight= 0.75 mean_abs_feat_delta= 0.260305
SECONDARY_EDGE_TTA_ACTIVE views= 8 weight= 0.75 mean_abs_feat_delta= 0.31824
BIOHUB_RETENTION_GUARD {"blended_candidates": 407, "dataset": "44b6_2a2eff9f", "frame": 13, "minimum_retention": 0.9, "primary_candidates": 504, "retention": 0.8075396825396826, "use_primary": true}
SECONDARY_EDGE_TTA_ACTIVE views= 8 weight= 0.75 mean_abs_feat_delta= 0.31824
BIOHUB_RETENTION_GUARD {"blended_candidates": 407, "dataset": "44b6_2a2eff9f", "frame": 13, "minimum_retention": 0.9, "primary_candidates": 504, "retention": 0.8075396825396826, "use_primary": true}
EDGE_TTA_ACTIVE views= 8 mean_abs_feat_delta= 0.333242
EDGE_TTA_ACTIVE views= 8 mean_abs_feat_delta= 0.333242
EDGE_TTA_ACTIVE views= 8 mean_abs_feat_delta= 0.358521
SECONDARY_EDGE_TTA_ACTIVE views= 8 weight= 0.75 mean_abs_feat_delta= 0.258707
EDGE_TTA_ACTIVE views= 8 mean_abs_feat_delta= 0.358521
SECONDARY_EDGE_TTA_ACTIVE views= 8 weight= 0.75 mean_abs_feat_delta= 0.258707
SECONDARY_EDGE_TTA_ACTIVE views= 8 weight= 0.75 mean_abs_feat_delta= 0.320361
BIOHUB_RETENTION_GUARD {"blended_candidates": 403, "dataset": "44b6_2a2eff9f", "frame": 14, "minimum_retention": 0.9, "primary_candidates": 499, "retention": 0.8076152304609219, "use_primary": true}
SECONDARY_EDGE_TTA_ACTIVE views= 8 weight= 0.75 mean_abs_feat_delta= 0.320361
BIOHUB_RETENTION_GUARD {"blended_candidates": 403, "dataset": "44b6_2a2eff9f", "frame": 14, "minimum_retention": 0.9, "primary_candidates": 499, "retention": 0.8076152304609219, "use_primary": true}
EDGE_TTA_ACTIVE views= 8 mean_abs_feat_delta= 0.335356
EDGE_TTA_ACTIVE views= 8 mean_abs_feat_delta= 0.335356
EDGE_TTA_ACTIVE views= 8 mean_abs_feat_delta= 0.360482
SECONDARY_EDGE_TTA_ACTIVE views= 8 weight= 0.75 mean_abs_feat_delta= 0.258868
EDGE_TTA_ACTIVE views= 8 mean_abs_feat_delta= 0.360482
SECONDARY_EDGE_TTA_ACTIVE views= 8 weight= 0.75 mean_abs_feat_delta= 0.258868
SECONDARY_EDGE_TTA_ACTIVE views= 8 weight= 0.75 mean_abs_feat_delta= 0.322986
BIOHUB_RETENTION_GUARD {"blended_candidates": 388, "dataset": "44b6_2a2eff9f", "frame": 15, "minimum_retention": 0.9, "primary_candidates": 479, "retention": 0.8100208768267223, "use_primary": true}
SECONDARY_EDGE_TTA_ACTIVE views= 8 weight= 0.75 mean_abs_feat_delta= 0.322986
BIOHUB_RETENTION_GUARD {"blended_candidates": 388, "dataset": "44b6_2a2eff9f", "frame": 15, "minimum_retention": 0.9, "primary_candidates": 479, "retention": 0.8100208768267223, "use_primary": true}
EDGE_TTA_ACTIVE views= 8 mean_abs_feat_delta= 0.333142
EDGE_TTA_ACTIVE views= 8 mean_abs_feat_delta= 0.333142
SECONDARY_EDGE_TTA_ACTIVE views= 8 weight= 0.75 mean_abs_feat_delta= 0.257552
EDGE_TTA_ACTIVE views= 8 mean_abs_feat_delta= 0.362679
SECONDARY_EDGE_TTA_ACTIVE views= 8 weight= 0.75 mean_abs_feat_delta= 0.257552
EDGE_TTA_ACTIVE views= 8 mean_abs_feat_delta= 0.362679
SECONDARY_EDGE_TTA_ACTIVE views= 8 weight= 0.75 mean_abs_feat_delta= 0.323504
BIOHUB_RETENTION_GUARD {"blended_candidates": 357, "dataset": "44b6_2a2eff9f", "frame": 16, "minimum_retention": 0.9, "primary_candidates": 478, "retention": 0.7468619246861925, "use_primary": true}
EDGE_TTA_ACTIVE views= 8 mean_abs_feat_delta= 0.328461
SECONDARY_EDGE_TTA_ACTIVE views= 8 weight= 0.75 mean_abs_feat_delta= 0.323504
BIOHUB_RETENTION_GUARD {"blended_candidates": 357, "dataset": "44b6_2a2eff9f", "frame": 16, "minimum_retention": 0.9, "primary_candidates": 478, "retention": 0.7468619246861925, "use_primary": true}
EDGE_TTA_ACTIVE views= 8 mean_abs_feat_delta= 0.328461
SECONDARY_EDGE_TTA_ACTIVE views= 8 weight= 0.75 mean_abs_feat_delta= 0.260048
EDGE_TTA_ACTIVE views= 8 mean_abs_feat_delta= 0.361583
SECONDARY_EDGE_TTA_ACTIVE views= 8 weight= 0.75 mean_abs_feat_delta= 0.260048
EDGE_TTA_ACTIVE views= 8 mean_abs_feat_delta= 0.361583
EDGE_TTA_ACTIVE views= 8 mean_abs_feat_delta= 0.328834
SECONDARY_EDGE_TTA_ACTIVE views= 8 weight= 0.75 mean_abs_feat_delta= 0.321225
BIOHUB_RETENTION_GUARD {"blended_candidates": 328, "dataset": "44b6_2a2eff9f", "frame": 17, "minimum_retention": 0.9, "primary_candidates": 458, "retention": 0.7161572052401747, "use_primary": true}
EDGE_TTA_ACTIVE views= 8 mean_abs_feat_delta= 0.328834
SECONDARY_EDGE_TTA_ACTIVE views= 8 weight= 0.75 mean_abs_feat_delta= 0.321225
BIOHUB_RETENTION_GUARD {"blended_candidates": 328, "dataset": "44b6_2a2eff9f", "frame": 17, "minimum_retention": 0.9, "primary_candidates": 458, "retention": 0.7161572052401747, "use_primary": true}
SECONDARY_EDGE_TTA_ACTIVE views= 8 weight= 0.75 mean_abs_feat_delta= 0.25594
SECONDARY_EDGE_TTA_ACTIVE views= 8 weight= 0.75 mean_abs_feat_delta= 0.25594
EDGE_TTA_ACTIVE views= 8 mean_abs_feat_delta= 0.359303
EDGE_TTA_ACTIVE views= 8 mean_abs_feat_delta= 0.359303
EDGE_TTA_ACTIVE views= 8 mean_abs_feat_delta= 0.33524
SECONDARY_EDGE_TTA_ACTIVE views= 8 weight= 0.75 mean_abs_feat_delta= 0.322611
BIOHUB_RETENTION_GUARD {"blended_candidates": 408, "dataset": "44b6_2a2eff9f", "frame": 18, "minimum_retention": 0.9, "primary_candidates": 486, "retention": 0.8395061728395061, "use_primary": true}
EDGE_TTA_ACTIVE views= 8 mean_abs_feat_delta= 0.33524
SECONDARY_EDGE_TTA_ACTIVE views= 8 weight= 0.75 mean_abs_feat_delta= 0.322611
BIOHUB_RETENTION_GUARD {"blended_candidates": 408, "dataset": "44b6_2a2eff9f", "frame": 18, "minimum_retention": 0.9, "primary_candidates": 486, "retention": 0.8395061728395061, "use_primary": true}
SECONDARY_EDGE_TTA_ACTIVE views= 8 weight= 0.75 mean_abs_feat_delta= 0.255182
SECONDARY_EDGE_TTA_ACTIVE views= 8 weight= 0.75 mean_abs_feat_delta= 0.255182
EDGE_TTA_ACTIVE views= 8 mean_abs_feat_delta= 0.357931
EDGE_TTA_ACTIVE views= 8 mean_abs_feat_delta= 0.357931
EDGE_TTA_ACTIVE views= 8 mean_abs_feat_delta= 0.330644
EDGE_TTA_ACTIVE views= 8 mean_abs_feat_delta= 0.330644
SECONDARY_EDGE_TTA_ACTIVE views= 8 weight= 0.75 mean_abs_feat_delta= 0.327667
BIOHUB_RETENTION_GUARD {"blended_candidates": 382, "dataset": "44b6_2a2eff9f", "frame": 19, "minimum_retention": 0.9, "primary_candidates": 474, "retention": 0.8059071729957806, "use_primary": true}
SECONDARY_EDGE_TTA_ACTIVE views= 8 weight= 0.75 mean_abs_feat_delta= 0.327667
BIOHUB_RETENTION_GUARD {"blended_candidates": 382, "dataset": "44b6_2a2eff9f", "frame": 19, "minimum_retention": 0.9, "primary_candidates": 474, "retention": 0.8059071729957806, "use_primary": true}
SECONDARY_EDGE_TTA_ACTIVE views= 8 weight= 0.75 mean_abs_feat_delta= 0.255678
SECONDARY_EDGE_TTA_ACTIVE views= 8 weight= 0.75 mean_abs_feat_delta= 0.255678
EDGE_TTA_ACTIVE views= 8 mean_abs_feat_delta= 0.35399
EDGE_TTA_ACTIVE views= 8 mean_abs_feat_delta= 0.35399
EDGE_TTA_ACTIVE views= 8 mean_abs_feat_delta= 0.329724
EDGE_TTA_ACTIVE views= 8 mean_abs_feat_delta= 0.329724
SECONDARY_EDGE_TTA_ACTIVE views= 8 weight= 0.75 mean_abs_feat_delta= 0.323004
BIOHUB_RETENTION_GUARD {"blended_candidates": 404, "dataset": "44b6_2a2eff9f", "frame": 20, "minimum_retention": 0.9, "primary_candidates": 504, "retention": 0.8015873015873016, "use_primary": true}
SECONDARY_EDGE_TTA_ACTIVE views= 8 weight= 0.75 mean_abs_feat_delta= 0.323004
BIOHUB_RETENTION_GUARD {"blended_candidates": 404, "dataset": "44b6_2a2eff9f", "frame": 20, "minimum_retention": 0.9, "primary_candidates": 504, "retention": 0.8015873015873016, "use_primary": true}
SECONDARY_EDGE_TTA_ACTIVE views= 8 weight= 0.75 mean_abs_feat_delta= 0.25659
SECONDARY_EDGE_TTA_ACTIVE views= 8 weight= 0.75 mean_abs_feat_delta= 0.25659
EDGE_TTA_ACTIVE views= 8 mean_abs_feat_delta= 0.354644
EDGE_TTA_ACTIVE views= 8 mean_abs_feat_delta= 0.354644
EDGE_TTA_ACTIVE views= 8 mean_abs_feat_delta= 0.328509
EDGE_TTA_ACTIVE views= 8 mean_abs_feat_delta= 0.328509
SECONDARY_EDGE_TTA_ACTIVE views= 8 weight= 0.75 mean_abs_feat_delta= 0.323896
BIOHUB_RETENTION_GUARD {"blended_candidates": 413, "dataset": "44b6_2a2eff9f", "frame": 21, "minimum_retention": 0.9, "primary_candidates": 491, "retention": 0.8411405295315683, "use_primary": true}
SECONDARY_EDGE_TTA_ACTIVE views= 8 weight= 0.75 mean_abs_feat_delta= 0.323896
BIOHUB_RETENTION_GUARD {"blended_candidates": 413, "dataset": "44b6_2a2eff9f", "frame": 21, "minimum_retention": 0.9, "primary_candidates": 491, "retention": 0.8411405295315683, "use_primary": true}
SECONDARY_EDGE_TTA_ACTIVE views= 8 weight= 0.75 mean_abs_feat_delta= 0.261519
SECONDARY_EDGE_TTA_ACTIVE views= 8 weight= 0.75 mean_abs_feat_delta= 0.261519
EDGE_TTA_ACTIVE views= 8 mean_abs_feat_delta= 0.354923
EDGE_TTA_ACTIVE views= 8 mean_abs_feat_delta= 0.354923
EDGE_TTA_ACTIVE views= 8 mean_abs_feat_delta= 0.328824
EDGE_TTA_ACTIVE views= 8 mean_abs_feat_delta= 0.328824
SECONDARY_EDGE_TTA_ACTIVE views= 8 weight= 0.75 mean_abs_feat_delta= 0.316583
BIOHUB_RETENTION_GUARD {"blended_candidates": 362, "dataset": "44b6_2a2eff9f", "frame": 22, "minimum_retention": 0.9, "primary_candidates": 470, "retention": 0.7702127659574468, "use_primary": true}
SECONDARY_EDGE_TTA_ACTIVE views= 8 weight= 0.75 mean_abs_feat_delta= 0.316583
BIOHUB_RETENTION_GUARD {"blended_candidates": 362, "dataset": "44b6_2a2eff9f", "frame": 22, "minimum_retention": 0.9, "primary_candidates": 470, "retention": 0.7702127659574468, "use_primary": true}
SECONDARY_EDGE_TTA_ACTIVE views= 8 weight= 0.75 mean_abs_feat_delta= 0.261581
SECONDARY_EDGE_TTA_ACTIVE views= 8 weight= 0.75 mean_abs_feat_delta= 0.261581
EDGE_TTA_ACTIVE views= 8 mean_abs_feat_delta= 0.354804
EDGE_TTA_ACTIVE views= 8 mean_abs_feat_delta= 0.354804
EDGE_TTA_ACTIVE views= 8 mean_abs_feat_delta= 0.333453
EDGE_TTA_ACTIVE views= 8 mean_abs_feat_delta= 0.333453
SECONDARY_EDGE_TTA_ACTIVE views= 8 weight= 0.75 mean_abs_feat_delta= 0.316862
BIOHUB_RETENTION_GUARD {"blended_candidates": 377, "dataset": "44b6_2a2eff9f", "frame": 23, "minimum_retention": 0.9, "primary_candidates": 467, "retention": 0.8072805139186295, "use_primary": true}
SECONDARY_EDGE_TTA_ACTIVE views= 8 weight= 0.75 mean_abs_feat_delta= 0.316862
BIOHUB_RETENTION_GUARD {"blended_candidates": 377, "dataset": "44b6_2a2eff9f", "frame": 23, "minimum_retention": 0.9, "primary_candidates": 467, "retention": 0.8072805139186295, "use_primary": true}
SECONDARY_EDGE_TTA_ACTIVE views= 8 weight= 0.75 mean_abs_feat_delta= 0.257374
SECONDARY_EDGE_TTA_ACTIVE views= 8 weight= 0.75 mean_abs_feat_delta= 0.257374
EDGE_TTA_ACTIVE views= 8 mean_abs_feat_delta= 0.354254
EDGE_TTA_ACTIVE views= 8 mean_abs_feat_delta= 0.33049
EDGE_TTA_ACTIVE views= 8 mean_abs_feat_delta= 0.354254
EDGE_TTA_ACTIVE views= 8 mean_abs_feat_delta= 0.33049
SECONDARY_EDGE_TTA_ACTIVE views= 8 weight= 0.75 mean_abs_feat_delta= 0.326296
BIOHUB_RETENTION_GUARD {"blended_candidates": 378, "dataset": "44b6_2a2eff9f", "frame": 24, "minimum_retention": 0.9, "primary_candidates": 467, "retention": 0.8094218415417559, "use_primary": true}
SECONDARY_EDGE_TTA_ACTIVE views= 8 weight= 0.75 mean_abs_feat_delta= 0.256553
SECONDARY_EDGE_TTA_ACTIVE views= 8 weight= 0.75 mean_abs_feat_delta= 0.326296
BIOHUB_RETENTION_GUARD {"blended_candidates": 378, "dataset": "44b6_2a2eff9f", "frame": 24, "minimum_retention": 0.9, "primary_candidates": 467, "retention": 0.8094218415417559, "use_primary": true}
SECONDARY_EDGE_TTA_ACTIVE views= 8 weight= 0.75 mean_abs_feat_delta= 0.256553
EDGE_TTA_ACTIVE views= 8 mean_abs_feat_delta= 0.361493
EDGE_TTA_ACTIVE views= 8 mean_abs_feat_delta= 0.330532
EDGE_TTA_ACTIVE views= 8 mean_abs_feat_delta= 0.361493
EDGE_TTA_ACTIVE views= 8 mean_abs_feat_delta= 0.330532
SECONDARY_EDGE_TTA_ACTIVE views= 8 weight= 0.75 mean_abs_feat_delta= 0.325891
BIOHUB_RETENTION_GUARD {"blended_candidates": 363, "dataset": "44b6_2a2eff9f", "frame": 25, "minimum_retention": 0.9, "primary_candidates": 449, "retention": 0.8084632516703786, "use_primary": true}
SECONDARY_EDGE_TTA_ACTIVE views= 8 weight= 0.75 mean_abs_feat_delta= 0.254743
SECONDARY_EDGE_TTA_ACTIVE views= 8 weight= 0.75 mean_abs_feat_delta= 0.325891
BIOHUB_RETENTION_GUARD {"blended_candidates": 363, "dataset": "44b6_2a2eff9f", "frame": 25, "minimum_retention": 0.9, "primary_candidates": 449, "retention": 0.8084632516703786, "use_primary": true}
SECONDARY_EDGE_TTA_ACTIVE views= 8 weight= 0.75 mean_abs_feat_delta= 0.254743
EDGE_TTA_ACTIVE views= 8 mean_abs_feat_delta= 0.336898
EDGE_TTA_ACTIVE views= 8 mean_abs_feat_delta= 0.367501
EDGE_TTA_ACTIVE views= 8 mean_abs_feat_delta= 0.336898
EDGE_TTA_ACTIVE views= 8 mean_abs_feat_delta= 0.367501
SECONDARY_EDGE_TTA_ACTIVE views= 8 weight= 0.75 mean_abs_feat_delta= 0.25812
SECONDARY_EDGE_TTA_ACTIVE views= 8 weight= 0.75 mean_abs_feat_delta= 0.322369
BIOHUB_RETENTION_GUARD {"blended_candidates": 348, "dataset": "44b6_2a2eff9f", "frame": 26, "minimum_retention": 0.9, "primary_candidates": 438, "retention": 0.7945205479452054, "use_primary": true}
SECONDARY_EDGE_TTA_ACTIVE views= 8 weight= 0.75 mean_abs_feat_delta= 0.25812
SECONDARY_EDGE_TTA_ACTIVE views= 8 weight= 0.75 mean_abs_feat_delta= 0.322369
BIOHUB_RETENTION_GUARD {"blended_candidates": 348, "dataset": "44b6_2a2eff9f", "frame": 26, "minimum_retention": 0.9, "primary_candidates": 438, "retention": 0.7945205479452054, "use_primary": true}
EDGE_TTA_ACTIVE views= 8 mean_abs_feat_delta= 0.339093
EDGE_TTA_ACTIVE views= 8 mean_abs_feat_delta= 0.339093
EDGE_TTA_ACTIVE views= 8 mean_abs_feat_delta= 0.364694
EDGE_TTA_ACTIVE views= 8 mean_abs_feat_delta= 0.364694
SECONDARY_EDGE_TTA_ACTIVE views= 8 weight= 0.75 mean_abs_feat_delta= 0.258084
SECONDARY_EDGE_TTA_ACTIVE views= 8 weight= 0.75 mean_abs_feat_delta= 0.258084
SECONDARY_EDGE_TTA_ACTIVE views= 8 weight= 0.75 mean_abs_feat_delta= 0.322571
BIOHUB_RETENTION_GUARD {"blended_candidates": 357, "dataset": "44b6_2a2eff9f", "frame": 27, "minimum_retention": 0.9, "primary_candidates": 475, "retention": 0.751578947368421, "use_primary": true}
SECONDARY_EDGE_TTA_ACTIVE views= 8 weight= 0.75 mean_abs_feat_delta= 0.322571
BIOHUB_RETENTION_GUARD {"blended_candidates": 357, "dataset": "44b6_2a2eff9f", "frame": 27, "minimum_retention": 0.9, "primary_candidates": 475, "retention": 0.751578947368421, "use_primary": true}
EDGE_TTA_ACTIVE views= 8 mean_abs_feat_delta= 0.334928
EDGE_TTA_ACTIVE views= 8 mean_abs_feat_delta= 0.334928
EDGE_TTA_ACTIVE views= 8 mean_abs_feat_delta= 0.36466
EDGE_TTA_ACTIVE views= 8 mean_abs_feat_delta= 0.36466
SECONDARY_EDGE_TTA_ACTIVE views= 8 weight= 0.75 mean_abs_feat_delta= 0.253733
SECONDARY_EDGE_TTA_ACTIVE views= 8 weight= 0.75 mean_abs_feat_delta= 0.253733
SECONDARY_EDGE_TTA_ACTIVE views= 8 weight= 0.75 mean_abs_feat_delta= 0.321971
BIOHUB_RETENTION_GUARD {"blended_candidates": 349, "dataset": "44b6_2a2eff9f", "frame": 28, "minimum_retention": 0.9, "primary_candidates": 461, "retention": 0.7570498915401301, "use_primary": true}
SECONDARY_EDGE_TTA_ACTIVE views= 8 weight= 0.75 mean_abs_feat_delta= 0.321971
BIOHUB_RETENTION_GUARD {"blended_candidates": 349, "dataset": "44b6_2a2eff9f", "frame": 28, "minimum_retention": 0.9, "primary_candidates": 461, "retention": 0.7570498915401301, "use_primary": true}
EDGE_TTA_ACTIVE views= 8 mean_abs_feat_delta= 0.334762
EDGE_TTA_ACTIVE views= 8 mean_abs_feat_delta= 0.334762
EDGE_TTA_ACTIVE views= 8 mean_abs_feat_delta= 0.364232
EDGE_TTA_ACTIVE views= 8 mean_abs_feat_delta= 0.364232
SECONDARY_EDGE_TTA_ACTIVE views= 8 weight= 0.75 mean_abs_feat_delta= 0.257496
SECONDARY_EDGE_TTA_ACTIVE views= 8 weight= 0.75 mean_abs_feat_delta= 0.257496
SECONDARY_EDGE_TTA_ACTIVE views= 8 weight= 0.75 mean_abs_feat_delta= 0.323261
BIOHUB_RETENTION_GUARD {"blended_candidates": 352, "dataset": "44b6_2a2eff9f", "frame": 29, "minimum_retention": 0.9, "primary_candidates": 467, "retention": 0.7537473233404711, "use_primary": true}
SECONDARY_EDGE_TTA_ACTIVE views= 8 weight= 0.75 mean_abs_feat_delta= 0.323261
BIOHUB_RETENTION_GUARD {"blended_candidates": 352, "dataset": "44b6_2a2eff9f", "frame": 29, "minimum_retention": 0.9, "primary_candidates": 467, "retention": 0.7537473233404711, "use_primary": true}
EDGE_TTA_ACTIVE views= 8 mean_abs_feat_delta= 0.343229
EDGE_TTA_ACTIVE views= 8 mean_abs_feat_delta= 0.343229
EDGE_TTA_ACTIVE views= 8 mean_abs_feat_delta= 0.369005
EDGE_TTA_ACTIVE views= 8 mean_abs_feat_delta= 0.369005
SECONDARY_EDGE_TTA_ACTIVE views= 8 weight= 0.75 mean_abs_feat_delta= 0.258866
SECONDARY_EDGE_TTA_ACTIVE views= 8 weight= 0.75 mean_abs_feat_delta= 0.258866
SECONDARY_EDGE_TTA_ACTIVE views= 8 weight= 0.75 mean_abs_feat_delta= 0.325997
BIOHUB_RETENTION_GUARD {"blended_candidates": 342, "dataset": "44b6_2a2eff9f", "frame": 30, "minimum_retention": 0.9, "primary_candidates": 460, "retention": 0.7434782608695653, "use_primary": true}
SECONDARY_EDGE_TTA_ACTIVE views= 8 weight= 0.75 mean_abs_feat_delta= 0.325997
BIOHUB_RETENTION_GUARD {"blended_candidates": 342, "dataset": "44b6_2a2eff9f", "frame": 30, "minimum_retention": 0.9, "primary_candidates": 460, "retention": 0.7434782608695653, "use_primary": true}
EDGE_TTA_ACTIVE views= 8 mean_abs_feat_delta= 0.34071
EDGE_TTA_ACTIVE views= 8 mean_abs_feat_delta= 0.34071
EDGE_TTA_ACTIVE views= 8 mean_abs_feat_delta= 0.371568
EDGE_TTA_ACTIVE views= 8 mean_abs_feat_delta= 0.371568
SECONDARY_EDGE_TTA_ACTIVE views= 8 weight= 0.75 mean_abs_feat_delta= 0.256585
SECONDARY_EDGE_TTA_ACTIVE views= 8 weight= 0.75 mean_abs_feat_delta= 0.256585
SECONDARY_EDGE_TTA_ACTIVE views= 8 weight= 0.75 mean_abs_feat_delta= 0.322858
BIOHUB_RETENTION_GUARD {"blended_candidates": 360, "dataset": "44b6_2a2eff9f", "frame": 31, "minimum_retention": 0.9, "primary_candidates": 457, "retention": 0.787746170678337, "use_primary": true}
SECONDARY_EDGE_TTA_ACTIVE views= 8 weight= 0.75 mean_abs_feat_delta= 0.322858
BIOHUB_RETENTION_GUARD {"blended_candidates": 360, "dataset": "44b6_2a2eff9f", "frame": 31, "minimum_retention": 0.9, "primary_candidates": 457, "retention": 0.787746170678337, "use_primary": true}
EDGE_TTA_ACTIVE views= 8 mean_abs_feat_delta= 0.337284
EDGE_TTA_ACTIVE views= 8 mean_abs_feat_delta= 0.337284
EDGE_TTA_ACTIVE views= 8 mean_abs_feat_delta= 0.373964
SECONDARY_EDGE_TTA_ACTIVE views= 8 weight= 0.75 mean_abs_feat_delta= 0.255835
EDGE_TTA_ACTIVE views= 8 mean_abs_feat_delta= 0.373964
SECONDARY_EDGE_TTA_ACTIVE views= 8 weight= 0.75 mean_abs_feat_delta= 0.255835
SECONDARY_EDGE_TTA_ACTIVE views= 8 weight= 0.75 mean_abs_feat_delta= 0.322245
BIOHUB_RETENTION_GUARD {"blended_candidates": 361, "dataset": "44b6_2a2eff9f", "frame": 32, "minimum_retention": 0.9, "primary_candidates": 461, "retention": 0.7830802603036876, "use_primary": true}
SECONDARY_EDGE_TTA_ACTIVE views= 8 weight= 0.75 mean_abs_feat_delta= 0.322245
BIOHUB_RETENTION_GUARD {"blended_candidates": 361, "dataset": "44b6_2a2eff9f", "frame": 32, "minimum_retention": 0.9, "primary_candidates": 461, "retention": 0.7830802603036876, "use_primary": true}
EDGE_TTA_ACTIVE views= 8 mean_abs_feat_delta= 0.340637
EDGE_TTA_ACTIVE views= 8 mean_abs_feat_delta= 0.340637
SECONDARY_EDGE_TTA_ACTIVE views= 8 weight= 0.75 mean_abs_feat_delta= 0.251669
EDGE_TTA_ACTIVE views= 8 mean_abs_feat_delta= 0.375985
SECONDARY_EDGE_TTA_ACTIVE views= 8 weight= 0.75 mean_abs_feat_delta= 0.251669
EDGE_TTA_ACTIVE views= 8 mean_abs_feat_delta= 0.375985
SECONDARY_EDGE_TTA_ACTIVE views= 8 weight= 0.75 mean_abs_feat_delta= 0.323643
BIOHUB_RETENTION_GUARD {"blended_candidates": 336, "dataset": "44b6_2a2eff9f", "frame": 33, "minimum_retention": 0.9, "primary_candidates": 455, "retention": 0.7384615384615385, "use_primary": true}
EDGE_TTA_ACTIVE views= 8 mean_abs_feat_delta= 0.338061
SECONDARY_EDGE_TTA_ACTIVE views= 8 weight= 0.75 mean_abs_feat_delta= 0.323643
BIOHUB_RETENTION_GUARD {"blended_candidates": 336, "dataset": "44b6_2a2eff9f", "frame": 33, "minimum_retention": 0.9, "primary_candidates": 455, "retention": 0.7384615384615385, "use_primary": true}
EDGE_TTA_ACTIVE views= 8 mean_abs_feat_delta= 0.338061
SECONDARY_EDGE_TTA_ACTIVE views= 8 weight= 0.75 mean_abs_feat_delta= 0.249524
EDGE_TTA_ACTIVE views= 8 mean_abs_feat_delta= 0.370885
SECONDARY_EDGE_TTA_ACTIVE views= 8 weight= 0.75 mean_abs_feat_delta= 0.249524
EDGE_TTA_ACTIVE views= 8 mean_abs_feat_delta= 0.370885
EDGE_TTA_ACTIVE views= 8 mean_abs_feat_delta= 0.345326
SECONDARY_EDGE_TTA_ACTIVE views= 8 weight= 0.75 mean_abs_feat_delta= 0.325514
BIOHUB_RETENTION_GUARD {"blended_candidates": 344, "dataset": "44b6_2a2eff9f", "frame": 34, "minimum_retention": 0.9, "primary_candidates": 470, "retention": 0.7319148936170212, "use_primary": true}
EDGE_TTA_ACTIVE views= 8 mean_abs_feat_delta= 0.345326
SECONDARY_EDGE_TTA_ACTIVE views= 8 weight= 0.75 mean_abs_feat_delta= 0.325514
BIOHUB_RETENTION_GUARD {"blended_candidates": 344, "dataset": "44b6_2a2eff9f", "frame": 34, "minimum_retention": 0.9, "primary_candidates": 470, "retention": 0.7319148936170212, "use_primary": true}
SECONDARY_EDGE_TTA_ACTIVE views= 8 weight= 0.75 mean_abs_feat_delta= 0.249871
SECONDARY_EDGE_TTA_ACTIVE views= 8 weight= 0.75 mean_abs_feat_delta= 0.249871
EDGE_TTA_ACTIVE views= 8 mean_abs_feat_delta= 0.36672
EDGE_TTA_ACTIVE views= 8 mean_abs_feat_delta= 0.36672
EDGE_TTA_ACTIVE views= 8 mean_abs_feat_delta= 0.349698
EDGE_TTA_ACTIVE views= 8 mean_abs_feat_delta= 0.349698
SECONDARY_EDGE_TTA_ACTIVE views= 8 weight= 0.75 mean_abs_feat_delta= 0.32951
BIOHUB_RETENTION_GUARD {"blended_candidates": 339, "dataset": "44b6_2a2eff9f", "frame": 35, "minimum_retention": 0.9, "primary_candidates": 461, "retention": 0.735357917570499, "use_primary": true}
SECONDARY_EDGE_TTA_ACTIVE views= 8 weight= 0.75 mean_abs_feat_delta= 0.32951
BIOHUB_RETENTION_GUARD {"blended_candidates": 339, "dataset": "44b6_2a2eff9f", "frame": 35, "minimum_retention": 0.9, "primary_candidates": 461, "retention": 0.735357917570499, "use_primary": true}
SECONDARY_EDGE_TTA_ACTIVE views= 8 weight= 0.75 mean_abs_feat_delta= 0.257627
SECONDARY_EDGE_TTA_ACTIVE views= 8 weight= 0.75 mean_abs_feat_delta= 0.257627
EDGE_TTA_ACTIVE views= 8 mean_abs_feat_delta= 0.364845
EDGE_TTA_ACTIVE views= 8 mean_abs_feat_delta= 0.364845
EDGE_TTA_ACTIVE views= 8 mean_abs_feat_delta= 0.349809
EDGE_TTA_ACTIVE views= 8 mean_abs_feat_delta= 0.349809
SECONDARY_EDGE_TTA_ACTIVE views= 8 weight= 0.75 mean_abs_feat_delta= 0.33226
BIOHUB_RETENTION_GUARD {"blended_candidates": 344, "dataset": "44b6_2a2eff9f", "frame": 36, "minimum_retention": 0.9, "primary_candidates": 451, "retention": 0.7627494456762749, "use_primary": true}
SECONDARY_EDGE_TTA_ACTIVE views= 8 weight= 0.75 mean_abs_feat_delta= 0.33226
BIOHUB_RETENTION_GUARD {"blended_candidates": 344, "dataset": "44b6_2a2eff9f", "frame": 36, "minimum_retention": 0.9, "primary_candidates": 451, "retention": 0.7627494456762749, "use_primary": true}
SECONDARY_EDGE_TTA_ACTIVE views= 8 weight= 0.75 mean_abs_feat_delta= 0.255032
SECONDARY_EDGE_TTA_ACTIVE views= 8 weight= 0.75 mean_abs_feat_delta= 0.255032
EDGE_TTA_ACTIVE views= 8 mean_abs_feat_delta= 0.365471
EDGE_TTA_ACTIVE views= 8 mean_abs_feat_delta= 0.365471
EDGE_TTA_ACTIVE views= 8 mean_abs_feat_delta= 0.338556
EDGE_TTA_ACTIVE views= 8 mean_abs_feat_delta= 0.338556
SECONDARY_EDGE_TTA_ACTIVE views= 8 weight= 0.75 mean_abs_feat_delta= 0.334845
BIOHUB_RETENTION_GUARD {"blended_candidates": 329, "dataset": "44b6_2a2eff9f", "frame": 37, "minimum_retention": 0.9, "primary_candidates": 430, "retention": 0.7651162790697674, "use_primary": true}
SECONDARY_EDGE_TTA_ACTIVE views= 8 weight= 0.75 mean_abs_feat_delta= 0.334845
BIOHUB_RETENTION_GUARD {"blended_candidates": 329, "dataset": "44b6_2a2eff9f", "frame": 37, "minimum_retention": 0.9, "primary_candidates": 430, "retention": 0.7651162790697674, "use_primary": true}
SECONDARY_EDGE_TTA_ACTIVE views= 8 weight= 0.75 mean_abs_feat_delta= 0.253313
SECONDARY_EDGE_TTA_ACTIVE views= 8 weight= 0.75 mean_abs_feat_delta= 0.253313
EDGE_TTA_ACTIVE views= 8 mean_abs_feat_delta= 0.367895
EDGE_TTA_ACTIVE views= 8 mean_abs_feat_delta= 0.367895
EDGE_TTA_ACTIVE views= 8 mean_abs_feat_delta= 0.340267
EDGE_TTA_ACTIVE views= 8 mean_abs_feat_delta= 0.340267
SECONDARY_EDGE_TTA_ACTIVE views= 8 weight= 0.75 mean_abs_feat_delta= 0.338455
BIOHUB_RETENTION_GUARD {"blended_candidates": 321, "dataset": "44b6_2a2eff9f", "frame": 38, "minimum_retention": 0.9, "primary_candidates": 432, "retention": 0.7430555555555556, "use_primary": true}
SECONDARY_EDGE_TTA_ACTIVE views= 8 weight= 0.75 mean_abs_feat_delta= 0.338455
BIOHUB_RETENTION_GUARD {"blended_candidates": 321, "dataset": "44b6_2a2eff9f", "frame": 38, "minimum_retention": 0.9, "primary_candidates": 432, "retention": 0.7430555555555556, "use_primary": true}
SECONDARY_EDGE_TTA_ACTIVE views= 8 weight= 0.75 mean_abs_feat_delta= 0.253223
SECONDARY_EDGE_TTA_ACTIVE views= 8 weight= 0.75 mean_abs_feat_delta= 0.253223
EDGE_TTA_ACTIVE views= 8 mean_abs_feat_delta= 0.369509
EDGE_TTA_ACTIVE views= 8 mean_abs_feat_delta= 0.369509
EDGE_TTA_ACTIVE views= 8 mean_abs_feat_delta= 0.344133
EDGE_TTA_ACTIVE views= 8 mean_abs_feat_delta= 0.344133
SECONDARY_EDGE_TTA_ACTIVE views= 8 weight= 0.75 mean_abs_feat_delta= 0.343458
BIOHUB_RETENTION_GUARD {"blended_candidates": 347, "dataset": "44b6_2a2eff9f", "frame": 39, "minimum_retention": 0.9, "primary_candidates": 430, "retention": 0.8069767441860465, "use_primary": true}
SECONDARY_EDGE_TTA_ACTIVE views= 8 weight= 0.75 mean_abs_feat_delta= 0.343458
BIOHUB_RETENTION_GUARD {"blended_candidates": 347, "dataset": "44b6_2a2eff9f", "frame": 39, "minimum_retention": 0.9, "primary_candidates": 430, "retention": 0.8069767441860465, "use_primary": true}
SECONDARY_EDGE_TTA_ACTIVE views= 8 weight= 0.75 mean_abs_feat_delta= 0.251983
SECONDARY_EDGE_TTA_ACTIVE views= 8 weight= 0.75 mean_abs_feat_delta= 0.251983
EDGE_TTA_ACTIVE views= 8 mean_abs_feat_delta= 0.369407
EDGE_TTA_ACTIVE views= 8 mean_abs_feat_delta= 0.337296
EDGE_TTA_ACTIVE views= 8 mean_abs_feat_delta= 0.369407
EDGE_TTA_ACTIVE views= 8 mean_abs_feat_delta= 0.337296
SECONDARY_EDGE_TTA_ACTIVE views= 8 weight= 0.75 mean_abs_feat_delta= 0.339895
BIOHUB_RETENTION_GUARD {"blended_candidates": 338, "dataset": "44b6_2a2eff9f", "frame": 40, "minimum_retention": 0.9, "primary_candidates": 423, "retention": 0.7990543735224587, "use_primary": true}
SECONDARY_EDGE_TTA_ACTIVE views= 8 weight= 0.75 mean_abs_feat_delta= 0.251603
SECONDARY_EDGE_TTA_ACTIVE views= 8 weight= 0.75 mean_abs_feat_delta= 0.339895
BIOHUB_RETENTION_GUARD {"blended_candidates": 338, "dataset": "44b6_2a2eff9f", "frame": 40, "minimum_retention": 0.9, "primary_candidates": 423, "retention": 0.7990543735224587, "use_primary": true}
SECONDARY_EDGE_TTA_ACTIVE views= 8 weight= 0.75 mean_abs_feat_delta= 0.251603
EDGE_TTA_ACTIVE views= 8 mean_abs_feat_delta= 0.366559
EDGE_TTA_ACTIVE views= 8 mean_abs_feat_delta= 0.340359
EDGE_TTA_ACTIVE views= 8 mean_abs_feat_delta= 0.366559
EDGE_TTA_ACTIVE views= 8 mean_abs_feat_delta= 0.340359
SECONDARY_EDGE_TTA_ACTIVE views= 8 weight= 0.75 mean_abs_feat_delta= 0.336794
BIOHUB_RETENTION_GUARD {"blended_candidates": 356, "dataset": "44b6_2a2eff9f", "frame": 41, "minimum_retention": 0.9, "primary_candidates": 439, "retention": 0.8109339407744874, "use_primary": true}
SECONDARY_EDGE_TTA_ACTIVE views= 8 weight= 0.75 mean_abs_feat_delta= 0.252902
SECONDARY_EDGE_TTA_ACTIVE views= 8 weight= 0.75 mean_abs_feat_delta= 0.336794
BIOHUB_RETENTION_GUARD {"blended_candidates": 356, "dataset": "44b6_2a2eff9f", "frame": 41, "minimum_retention": 0.9, "primary_candidates": 439, "retention": 0.8109339407744874, "use_primary": true}
SECONDARY_EDGE_TTA_ACTIVE views= 8 weight= 0.75 mean_abs_feat_delta= 0.252902
EDGE_TTA_ACTIVE views= 8 mean_abs_feat_delta= 0.328718
EDGE_TTA_ACTIVE views= 8 mean_abs_feat_delta= 0.365076
EDGE_TTA_ACTIVE views= 8 mean_abs_feat_delta= 0.328718
EDGE_TTA_ACTIVE views= 8 mean_abs_feat_delta= 0.365076
SECONDARY_EDGE_TTA_ACTIVE views= 8 weight= 0.75 mean_abs_feat_delta= 0.251763
SECONDARY_EDGE_TTA_ACTIVE views= 8 weight= 0.75 mean_abs_feat_delta= 0.337964
BIOHUB_RETENTION_GUARD {"blended_candidates": 348, "dataset": "44b6_2a2eff9f", "frame": 42, "minimum_retention": 0.9, "primary_candidates": 424, "retention": 0.8207547169811321, "use_primary": true}
SECONDARY_EDGE_TTA_ACTIVE views= 8 weight= 0.75 mean_abs_feat_delta= 0.251763
SECONDARY_EDGE_TTA_ACTIVE views= 8 weight= 0.75 mean_abs_feat_delta= 0.337964
BIOHUB_RETENTION_GUARD {"blended_candidates": 348, "dataset": "44b6_2a2eff9f", "frame": 42, "minimum_retention": 0.9, "primary_candidates": 424, "retention": 0.8207547169811321, "use_primary": true}
EDGE_TTA_ACTIVE views= 8 mean_abs_feat_delta= 0.332662
EDGE_TTA_ACTIVE views= 8 mean_abs_feat_delta= 0.332662
EDGE_TTA_ACTIVE views= 8 mean_abs_feat_delta= 0.363489
EDGE_TTA_ACTIVE views= 8 mean_abs_feat_delta= 0.363489
SECONDARY_EDGE_TTA_ACTIVE views= 8 weight= 0.75 mean_abs_feat_delta= 0.252662
SECONDARY_EDGE_TTA_ACTIVE views= 8 weight= 0.75 mean_abs_feat_delta= 0.252662
SECONDARY_EDGE_TTA_ACTIVE views= 8 weight= 0.75 mean_abs_feat_delta= 0.335927
BIOHUB_RETENTION_GUARD {"blended_candidates": 325, "dataset": "44b6_2a2eff9f", "frame": 43, "minimum_retention": 0.9, "primary_candidates": 418, "retention": 0.777511961722488, "use_primary": true}
SECONDARY_EDGE_TTA_ACTIVE views= 8 weight= 0.75 mean_abs_feat_delta= 0.335927
BIOHUB_RETENTION_GUARD {"blended_candidates": 325, "dataset": "44b6_2a2eff9f", "frame": 43, "minimum_retention": 0.9, "primary_candidates": 418, "retention": 0.777511961722488, "use_primary": true}
EDGE_TTA_ACTIVE views= 8 mean_abs_feat_delta= 0.336965
EDGE_TTA_ACTIVE views= 8 mean_abs_feat_delta= 0.336965
EDGE_TTA_ACTIVE views= 8 mean_abs_feat_delta= 0.365601
EDGE_TTA_ACTIVE views= 8 mean_abs_feat_delta= 0.365601
SECONDARY_EDGE_TTA_ACTIVE views= 8 weight= 0.75 mean_abs_feat_delta= 0.25307
SECONDARY_EDGE_TTA_ACTIVE views= 8 weight= 0.75 mean_abs_feat_delta= 0.25307
SECONDARY_EDGE_TTA_ACTIVE views= 8 weight= 0.75 mean_abs_feat_delta= 0.333679
BIOHUB_RETENTION_GUARD {"blended_candidates": 329, "dataset": "44b6_2a2eff9f", "frame": 44, "minimum_retention": 0.9, "primary_candidates": 441, "retention": 0.746031746031746, "use_primary": true}
SECONDARY_EDGE_TTA_ACTIVE views= 8 weight= 0.75 mean_abs_feat_delta= 0.333679
BIOHUB_RETENTION_GUARD {"blended_candidates": 329, "dataset": "44b6_2a2eff9f", "frame": 44, "minimum_retention": 0.9, "primary_candidates": 441, "retention": 0.746031746031746, "use_primary": true}
EDGE_TTA_ACTIVE views= 8 mean_abs_feat_delta= 0.33779
EDGE_TTA_ACTIVE views= 8 mean_abs_feat_delta= 0.33779
EDGE_TTA_ACTIVE views= 8 mean_abs_feat_delta= 0.366265
EDGE_TTA_ACTIVE views= 8 mean_abs_feat_delta= 0.366265
SECONDARY_EDGE_TTA_ACTIVE views= 8 weight= 0.75 mean_abs_feat_delta= 0.253586
SECONDARY_EDGE_TTA_ACTIVE views= 8 weight= 0.75 mean_abs_feat_delta= 0.253586
SECONDARY_EDGE_TTA_ACTIVE views= 8 weight= 0.75 mean_abs_feat_delta= 0.336494
BIOHUB_RETENTION_GUARD {"blended_candidates": 318, "dataset": "44b6_2a2eff9f", "frame": 45, "minimum_retention": 0.9, "primary_candidates": 424, "retention": 0.75, "use_primary": true}
SECONDARY_EDGE_TTA_ACTIVE views= 8 weight= 0.75 mean_abs_feat_delta= 0.336494
BIOHUB_RETENTION_GUARD {"blended_candidates": 318, "dataset": "44b6_2a2eff9f", "frame": 45, "minimum_retention": 0.9, "primary_candidates": 424, "retention": 0.75, "use_primary": true}
EDGE_TTA_ACTIVE views= 8 mean_abs_feat_delta= 0.342767
EDGE_TTA_ACTIVE views= 8 mean_abs_feat_delta= 0.342767
EDGE_TTA_ACTIVE views= 8 mean_abs_feat_delta= 0.362606
EDGE_TTA_ACTIVE views= 8 mean_abs_feat_delta= 0.362606
SECONDARY_EDGE_TTA_ACTIVE views= 8 weight= 0.75 mean_abs_feat_delta= 0.254472
SECONDARY_EDGE_TTA_ACTIVE views= 8 weight= 0.75 mean_abs_feat_delta= 0.254472
SECONDARY_EDGE_TTA_ACTIVE views= 8 weight= 0.75 mean_abs_feat_delta= 0.332437
BIOHUB_RETENTION_GUARD {"blended_candidates": 329, "dataset": "44b6_2a2eff9f", "frame": 46, "minimum_retention": 0.9, "primary_candidates": 435, "retention": 0.7563218390804598, "use_primary": true}
SECONDARY_EDGE_TTA_ACTIVE views= 8 weight= 0.75 mean_abs_feat_delta= 0.332437
BIOHUB_RETENTION_GUARD {"blended_candidates": 329, "dataset": "44b6_2a2eff9f", "frame": 46, "minimum_retention": 0.9, "primary_candidates": 435, "retention": 0.7563218390804598, "use_primary": true}
EDGE_TTA_ACTIVE views= 8 mean_abs_feat_delta= 0.341057
EDGE_TTA_ACTIVE views= 8 mean_abs_feat_delta= 0.341057
EDGE_TTA_ACTIVE views= 8 mean_abs_feat_delta= 0.353238
SECONDARY_EDGE_TTA_ACTIVE views= 8 weight= 0.75 mean_abs_feat_delta= 0.251768
EDGE_TTA_ACTIVE views= 8 mean_abs_feat_delta= 0.353238
SECONDARY_EDGE_TTA_ACTIVE views= 8 weight= 0.75 mean_abs_feat_delta= 0.251768
SECONDARY_EDGE_TTA_ACTIVE views= 8 weight= 0.75 mean_abs_feat_delta= 0.319389
BIOHUB_RETENTION_GUARD {"blended_candidates": 410, "dataset": "44b6_2a2eff9f", "frame": 47, "minimum_retention": 0.9, "primary_candidates": 487, "retention": 0.8418891170431212, "use_primary": true}
SECONDARY_EDGE_TTA_ACTIVE views= 8 weight= 0.75 mean_abs_feat_delta= 0.319389
BIOHUB_RETENTION_GUARD {"blended_candidates": 410, "dataset": "44b6_2a2eff9f", "frame": 47, "minimum_retention": 0.9, "primary_candidates": 487, "retention": 0.8418891170431212, "use_primary": true}
EDGE_TTA_ACTIVE views= 8 mean_abs_feat_delta= 0.336331
EDGE_TTA_ACTIVE views= 8 mean_abs_feat_delta= 0.336331
SECONDARY_EDGE_TTA_ACTIVE views= 8 weight= 0.75 mean_abs_feat_delta= 0.249247
EDGE_TTA_ACTIVE views= 8 mean_abs_feat_delta= 0.360268
SECONDARY_EDGE_TTA_ACTIVE views= 8 weight= 0.75 mean_abs_feat_delta= 0.249247
EDGE_TTA_ACTIVE views= 8 mean_abs_feat_delta= 0.360268
SECONDARY_EDGE_TTA_ACTIVE views= 8 weight= 0.75 mean_abs_feat_delta= 0.328147
BIOHUB_RETENTION_GUARD {"blended_candidates": 294, "dataset": "44b6_2a2eff9f", "frame": 48, "minimum_retention": 0.9, "primary_candidates": 419, "retention": 0.7016706443914081, "use_primary": true}
EDGE_TTA_ACTIVE views= 8 mean_abs_feat_delta= 0.334957
SECONDARY_EDGE_TTA_ACTIVE views= 8 weight= 0.75 mean_abs_feat_delta= 0.328147
BIOHUB_RETENTION_GUARD {"blended_candidates": 294, "dataset": "44b6_2a2eff9f", "frame": 48, "minimum_retention": 0.9, "primary_candidates": 419, "retention": 0.7016706443914081, "use_primary": true}
EDGE_TTA_ACTIVE views= 8 mean_abs_feat_delta= 0.334957
SECONDARY_EDGE_TTA_ACTIVE views= 8 weight= 0.75 mean_abs_feat_delta= 0.249987
EDGE_TTA_ACTIVE views= 8 mean_abs_feat_delta= 0.366748
SECONDARY_EDGE_TTA_ACTIVE views= 8 weight= 0.75 mean_abs_feat_delta= 0.249987
EDGE_TTA_ACTIVE views= 8 mean_abs_feat_delta= 0.366748
EDGE_TTA_ACTIVE views= 8 mean_abs_feat_delta= 0.341619
SECONDARY_EDGE_TTA_ACTIVE views= 8 weight= 0.75 mean_abs_feat_delta= 0.329076
BIOHUB_RETENTION_GUARD {"blended_candidates": 266, "dataset": "44b6_2a2eff9f", "frame": 49, "minimum_retention": 0.9, "primary_candidates": 410, "retention": 0.6487804878048781, "use_primary": true}
EDGE_TTA_ACTIVE views= 8 mean_abs_feat_delta= 0.341619
SECONDARY_EDGE_TTA_ACTIVE views= 8 weight= 0.75 mean_abs_feat_delta= 0.329076
BIOHUB_RETENTION_GUARD {"blended_candidates": 266, "dataset": "44b6_2a2eff9f", "frame": 49, "minimum_retention": 0.9, "primary_candidates": 410, "retention": 0.6487804878048781, "use_primary": true}
SECONDARY_EDGE_TTA_ACTIVE views= 8 weight= 0.75 mean_abs_feat_delta= 0.250903
SECONDARY_EDGE_TTA_ACTIVE views= 8 weight= 0.75 mean_abs_feat_delta= 0.250903
EDGE_TTA_ACTIVE views= 8 mean_abs_feat_delta= 0.370945
EDGE_TTA_ACTIVE views= 8 mean_abs_feat_delta= 0.370945
EDGE_TTA_ACTIVE views= 8 mean_abs_feat_delta= 0.337701
SECONDARY_EDGE_TTA_ACTIVE views= 8 weight= 0.75 mean_abs_feat_delta= 0.334363
BIOHUB_RETENTION_GUARD {"blended_candidates": 264, "dataset": "44b6_2a2eff9f", "frame": 50, "minimum_retention": 0.9, "primary_candidates": 409, "retention": 0.6454767726161369, "use_primary": true}
EDGE_TTA_ACTIVE views= 8 mean_abs_feat_delta= 0.337701
SECONDARY_EDGE_TTA_ACTIVE views= 8 weight= 0.75 mean_abs_feat_delta= 0.334363
BIOHUB_RETENTION_GUARD {"blended_candidates": 264, "dataset": "44b6_2a2eff9f", "frame": 50, "minimum_retention": 0.9, "primary_candidates": 409, "retention": 0.6454767726161369, "use_primary": true}
SECONDARY_EDGE_TTA_ACTIVE views= 8 weight= 0.75 mean_abs_feat_delta= 0.251856
SECONDARY_EDGE_TTA_ACTIVE views= 8 weight= 0.75 mean_abs_feat_delta= 0.251856
EDGE_TTA_ACTIVE views= 8 mean_abs_feat_delta= 0.366217
EDGE_TTA_ACTIVE views= 8 mean_abs_feat_delta= 0.366217
EDGE_TTA_ACTIVE views= 8 mean_abs_feat_delta= 0.333193
EDGE_TTA_ACTIVE views= 8 mean_abs_feat_delta= 0.333193
SECONDARY_EDGE_TTA_ACTIVE views= 8 weight= 0.75 mean_abs_feat_delta= 0.33668
BIOHUB_RETENTION_GUARD {"blended_candidates": 284, "dataset": "44b6_2a2eff9f", "frame": 51, "minimum_retention": 0.9, "primary_candidates": 407, "retention": 0.6977886977886978, "use_primary": true}
SECONDARY_EDGE_TTA_ACTIVE views= 8 weight= 0.75 mean_abs_feat_delta= 0.33668
BIOHUB_RETENTION_GUARD {"blended_candidates": 284, "dataset": "44b6_2a2eff9f", "frame": 51, "minimum_retention": 0.9, "primary_candidates": 407, "retention": 0.6977886977886978, "use_primary": true}
SECONDARY_EDGE_TTA_ACTIVE views= 8 weight= 0.75 mean_abs_feat_delta= 0.252863
SECONDARY_EDGE_TTA_ACTIVE views= 8 weight= 0.75 mean_abs_feat_delta= 0.252863
EDGE_TTA_ACTIVE views= 8 mean_abs_feat_delta= 0.362563
EDGE_TTA_ACTIVE views= 8 mean_abs_feat_delta= 0.362563
EDGE_TTA_ACTIVE views= 8 mean_abs_feat_delta= 0.336337
EDGE_TTA_ACTIVE views= 8 mean_abs_feat_delta= 0.336337
SECONDARY_EDGE_TTA_ACTIVE views= 8 weight= 0.75 mean_abs_feat_delta= 0.331129
BIOHUB_RETENTION_GUARD {"blended_candidates": 269, "dataset": "44b6_2a2eff9f", "frame": 52, "minimum_retention": 0.9, "primary_candidates": 406, "retention": 0.6625615763546798, "use_primary": true}
SECONDARY_EDGE_TTA_ACTIVE views= 8 weight= 0.75 mean_abs_feat_delta= 0.331129
BIOHUB_RETENTION_GUARD {"blended_candidates": 269, "dataset": "44b6_2a2eff9f", "frame": 52, "minimum_retention": 0.9, "primary_candidates": 406, "retention": 0.6625615763546798, "use_primary": true}
SECONDARY_EDGE_TTA_ACTIVE views= 8 weight= 0.75 mean_abs_feat_delta= 0.248811
SECONDARY_EDGE_TTA_ACTIVE views= 8 weight= 0.75 mean_abs_feat_delta= 0.248811
EDGE_TTA_ACTIVE views= 8 mean_abs_feat_delta= 0.366037
EDGE_TTA_ACTIVE views= 8 mean_abs_feat_delta= 0.366037
EDGE_TTA_ACTIVE views= 8 mean_abs_feat_delta= 0.340775
EDGE_TTA_ACTIVE views= 8 mean_abs_feat_delta= 0.340775
SECONDARY_EDGE_TTA_ACTIVE views= 8 weight= 0.75 mean_abs_feat_delta= 0.333002
BIOHUB_RETENTION_GUARD {"blended_candidates": 288, "dataset": "44b6_2a2eff9f", "frame": 53, "minimum_retention": 0.9, "primary_candidates": 418, "retention": 0.6889952153110048, "use_primary": true}
SECONDARY_EDGE_TTA_ACTIVE views= 8 weight= 0.75 mean_abs_feat_delta= 0.333002
BIOHUB_RETENTION_GUARD {"blended_candidates": 288, "dataset": "44b6_2a2eff9f", "frame": 53, "minimum_retention": 0.9, "primary_candidates": 418, "retention": 0.6889952153110048, "use_primary": true}
SECONDARY_EDGE_TTA_ACTIVE views= 8 weight= 0.75 mean_abs_feat_delta= 0.245586
SECONDARY_EDGE_TTA_ACTIVE views= 8 weight= 0.75 mean_abs_feat_delta= 0.245586
EDGE_TTA_ACTIVE views= 8 mean_abs_feat_delta= 0.364649
EDGE_TTA_ACTIVE views= 8 mean_abs_feat_delta= 0.364649
EDGE_TTA_ACTIVE views= 8 mean_abs_feat_delta= 0.340687
EDGE_TTA_ACTIVE views= 8 mean_abs_feat_delta= 0.340687
SECONDARY_EDGE_TTA_ACTIVE views= 8 weight= 0.75 mean_abs_feat_delta= 0.335485
BIOHUB_RETENTION_GUARD {"blended_candidates": 243, "dataset": "44b6_2a2eff9f", "frame": 54, "minimum_retention": 0.9, "primary_candidates": 392, "retention": 0.6198979591836735, "use_primary": true}
SECONDARY_EDGE_TTA_ACTIVE views= 8 weight= 0.75 mean_abs_feat_delta= 0.335485
BIOHUB_RETENTION_GUARD {"blended_candidates": 243, "dataset": "44b6_2a2eff9f", "frame": 54, "minimum_retention": 0.9, "primary_candidates": 392, "retention": 0.6198979591836735, "use_primary": true}
SECONDARY_EDGE_TTA_ACTIVE views= 8 weight= 0.75 mean_abs_feat_delta= 0.249088
SECONDARY_EDGE_TTA_ACTIVE views= 8 weight= 0.75 mean_abs_feat_delta= 0.249088
EDGE_TTA_ACTIVE views= 8 mean_abs_feat_delta= 0.361135
EDGE_TTA_ACTIVE views= 8 mean_abs_feat_delta= 0.361135
EDGE_TTA_ACTIVE views= 8 mean_abs_feat_delta= 0.335059
EDGE_TTA_ACTIVE views= 8 mean_abs_feat_delta= 0.335059
SECONDARY_EDGE_TTA_ACTIVE views= 8 weight= 0.75 mean_abs_feat_delta= 0.330638
BIOHUB_RETENTION_GUARD {"blended_candidates": 255, "dataset": "44b6_2a2eff9f", "frame": 55, "minimum_retention": 0.9, "primary_candidates": 409, "retention": 0.6234718826405868, "use_primary": true}
SECONDARY_EDGE_TTA_ACTIVE views= 8 weight= 0.75 mean_abs_feat_delta= 0.330638
BIOHUB_RETENTION_GUARD {"blended_candidates": 255, "dataset": "44b6_2a2eff9f", "frame": 55, "minimum_retention": 0.9, "primary_candidates": 409, "retention": 0.6234718826405868, "use_primary": true}
SECONDARY_EDGE_TTA_ACTIVE views= 8 weight= 0.75 mean_abs_feat_delta= 0.248363
SECONDARY_EDGE_TTA_ACTIVE views= 8 weight= 0.75 mean_abs_feat_delta= 0.248363
EDGE_TTA_ACTIVE views= 8 mean_abs_feat_delta= 0.359041
EDGE_TTA_ACTIVE views= 8 mean_abs_feat_delta= 0.332462
EDGE_TTA_ACTIVE views= 8 mean_abs_feat_delta= 0.359041
EDGE_TTA_ACTIVE views= 8 mean_abs_feat_delta= 0.332462
SECONDARY_EDGE_TTA_ACTIVE views= 8 weight= 0.75 mean_abs_feat_delta= 0.327924
BIOHUB_RETENTION_GUARD {"blended_candidates": 271, "dataset": "44b6_2a2eff9f", "frame": 56, "minimum_retention": 0.9, "primary_candidates": 424, "retention": 0.6391509433962265, "use_primary": true}
SECONDARY_EDGE_TTA_ACTIVE views= 8 weight= 0.75 mean_abs_feat_delta= 0.249044
SECONDARY_EDGE_TTA_ACTIVE views= 8 weight= 0.75 mean_abs_feat_delta= 0.327924
BIOHUB_RETENTION_GUARD {"blended_candidates": 271, "dataset": "44b6_2a2eff9f", "frame": 56, "minimum_retention": 0.9, "primary_candidates": 424, "retention": 0.6391509433962265, "use_primary": true}
SECONDARY_EDGE_TTA_ACTIVE views= 8 weight= 0.75 mean_abs_feat_delta= 0.249044
EDGE_TTA_ACTIVE views= 8 mean_abs_feat_delta= 0.330292
EDGE_TTA_ACTIVE views= 8 mean_abs_feat_delta= 0.360113
EDGE_TTA_ACTIVE views= 8 mean_abs_feat_delta= 0.330292
EDGE_TTA_ACTIVE views= 8 mean_abs_feat_delta= 0.360113
SECONDARY_EDGE_TTA_ACTIVE views= 8 weight= 0.75 mean_abs_feat_delta= 0.247402
SECONDARY_EDGE_TTA_ACTIVE views= 8 weight= 0.75 mean_abs_feat_delta= 0.327605
BIOHUB_RETENTION_GUARD {"blended_candidates": 282, "dataset": "44b6_2a2eff9f", "frame": 57, "minimum_retention": 0.9, "primary_candidates": 451, "retention": 0.6252771618625277, "use_primary": true}
SECONDARY_EDGE_TTA_ACTIVE views= 8 weight= 0.75 mean_abs_feat_delta= 0.247402
SECONDARY_EDGE_TTA_ACTIVE views= 8 weight= 0.75 mean_abs_feat_delta= 0.327605
BIOHUB_RETENTION_GUARD {"blended_candidates": 282, "dataset": "44b6_2a2eff9f", "frame": 57, "minimum_retention": 0.9, "primary_candidates": 451, "retention": 0.6252771618625277, "use_primary": true}
EDGE_TTA_ACTIVE views= 8 mean_abs_feat_delta= 0.330247
EDGE_TTA_ACTIVE views= 8 mean_abs_feat_delta= 0.365191
EDGE_TTA_ACTIVE views= 8 mean_abs_feat_delta= 0.330247
EDGE_TTA_ACTIVE views= 8 mean_abs_feat_delta= 0.365191
SECONDARY_EDGE_TTA_ACTIVE views= 8 weight= 0.75 mean_abs_feat_delta= 0.246196
SECONDARY_EDGE_TTA_ACTIVE views= 8 weight= 0.75 mean_abs_feat_delta= 0.329719
BIOHUB_RETENTION_GUARD {"blended_candidates": 270, "dataset": "44b6_2a2eff9f", "frame": 58, "minimum_retention": 0.9, "primary_candidates": 429, "retention": 0.6293706293706294, "use_primary": true}
SECONDARY_EDGE_TTA_ACTIVE views= 8 weight= 0.75 mean_abs_feat_delta= 0.246196
SECONDARY_EDGE_TTA_ACTIVE views= 8 weight= 0.75 mean_abs_feat_delta= 0.329719
BIOHUB_RETENTION_GUARD {"blended_candidates": 270, "dataset": "44b6_2a2eff9f", "frame": 58, "minimum_retention": 0.9, "primary_candidates": 429, "retention": 0.6293706293706294, "use_primary": true}
EDGE_TTA_ACTIVE views= 8 mean_abs_feat_delta= 0.330898
EDGE_TTA_ACTIVE views= 8 mean_abs_feat_delta= 0.369054
EDGE_TTA_ACTIVE views= 8 mean_abs_feat_delta= 0.330898
EDGE_TTA_ACTIVE views= 8 mean_abs_feat_delta= 0.369054
SECONDARY_EDGE_TTA_ACTIVE views= 8 weight= 0.75 mean_abs_feat_delta= 0.246797
SECONDARY_EDGE_TTA_ACTIVE views= 8 weight= 0.75 mean_abs_feat_delta= 0.330811
BIOHUB_RETENTION_GUARD {"blended_candidates": 335, "dataset": "44b6_2a2eff9f", "frame": 59, "minimum_retention": 0.9, "primary_candidates": 469, "retention": 0.7142857142857143, "use_primary": true}
SECONDARY_EDGE_TTA_ACTIVE views= 8 weight= 0.75 mean_abs_feat_delta= 0.246797
SECONDARY_EDGE_TTA_ACTIVE views= 8 weight= 0.75 mean_abs_feat_delta= 0.330811
BIOHUB_RETENTION_GUARD {"blended_candidates": 335, "dataset": "44b6_2a2eff9f", "frame": 59, "minimum_retention": 0.9, "primary_candidates": 469, "retention": 0.7142857142857143, "use_primary": true}
EDGE_TTA_ACTIVE views= 8 mean_abs_feat_delta= 0.328729
EDGE_TTA_ACTIVE views= 8 mean_abs_feat_delta= 0.328729
EDGE_TTA_ACTIVE views= 8 mean_abs_feat_delta= 0.371614
EDGE_TTA_ACTIVE views= 8 mean_abs_feat_delta= 0.371614
SECONDARY_EDGE_TTA_ACTIVE views= 8 weight= 0.75 mean_abs_feat_delta= 0.247817
SECONDARY_EDGE_TTA_ACTIVE views= 8 weight= 0.75 mean_abs_feat_delta= 0.247817
SECONDARY_EDGE_TTA_ACTIVE views= 8 weight= 0.75 mean_abs_feat_delta= 0.331977
BIOHUB_RETENTION_GUARD {"blended_candidates": 284, "dataset": "44b6_2a2eff9f", "frame": 60, "minimum_retention": 0.9, "primary_candidates": 436, "retention": 0.6513761467889908, "use_primary": true}
SECONDARY_EDGE_TTA_ACTIVE views= 8 weight= 0.75 mean_abs_feat_delta= 0.331977
BIOHUB_RETENTION_GUARD {"blended_candidates": 284, "dataset": "44b6_2a2eff9f", "frame": 60, "minimum_retention": 0.9, "primary_candidates": 436, "retention": 0.6513761467889908, "use_primary": true}
EDGE_TTA_ACTIVE views= 8 mean_abs_feat_delta= 0.332801
EDGE_TTA_ACTIVE views= 8 mean_abs_feat_delta= 0.332801
EDGE_TTA_ACTIVE views= 8 mean_abs_feat_delta= 0.368199
EDGE_TTA_ACTIVE views= 8 mean_abs_feat_delta= 0.368199
SECONDARY_EDGE_TTA_ACTIVE views= 8 weight= 0.75 mean_abs_feat_delta= 0.246115
SECONDARY_EDGE_TTA_ACTIVE views= 8 weight= 0.75 mean_abs_feat_delta= 0.246115
SECONDARY_EDGE_TTA_ACTIVE views= 8 weight= 0.75 mean_abs_feat_delta= 0.326439
BIOHUB_RETENTION_GUARD {"blended_candidates": 321, "dataset": "44b6_2a2eff9f", "frame": 61, "minimum_retention": 0.9, "primary_candidates": 451, "retention": 0.7117516629711752, "use_primary": true}
SECONDARY_EDGE_TTA_ACTIVE views= 8 weight= 0.75 mean_abs_feat_delta= 0.326439
BIOHUB_RETENTION_GUARD {"blended_candidates": 321, "dataset": "44b6_2a2eff9f", "frame": 61, "minimum_retention": 0.9, "primary_candidates": 451, "retention": 0.7117516629711752, "use_primary": true}
EDGE_TTA_ACTIVE views= 8 mean_abs_feat_delta= 0.336225
EDGE_TTA_ACTIVE views= 8 mean_abs_feat_delta= 0.336225
EDGE_TTA_ACTIVE views= 8 mean_abs_feat_delta= 0.36467
EDGE_TTA_ACTIVE views= 8 mean_abs_feat_delta= 0.36467
SECONDARY_EDGE_TTA_ACTIVE views= 8 weight= 0.75 mean_abs_feat_delta= 0.246368
SECONDARY_EDGE_TTA_ACTIVE views= 8 weight= 0.75 mean_abs_feat_delta= 0.246368
SECONDARY_EDGE_TTA_ACTIVE views= 8 weight= 0.75 mean_abs_feat_delta= 0.326516
BIOHUB_RETENTION_GUARD {"blended_candidates": 420, "dataset": "44b6_2a2eff9f", "frame": 62, "minimum_retention": 0.9, "primary_candidates": 490, "retention": 0.8571428571428571, "use_primary": true}
SECONDARY_EDGE_TTA_ACTIVE views= 8 weight= 0.75 mean_abs_feat_delta= 0.326516
BIOHUB_RETENTION_GUARD {"blended_candidates": 420, "dataset": "44b6_2a2eff9f", "frame": 62, "minimum_retention": 0.9, "primary_candidates": 490, "retention": 0.8571428571428571, "use_primary": true}
EDGE_TTA_ACTIVE views= 8 mean_abs_feat_delta= 0.333529
EDGE_TTA_ACTIVE views= 8 mean_abs_feat_delta= 0.333529
EDGE_TTA_ACTIVE views= 8 mean_abs_feat_delta= 0.365175
SECONDARY_EDGE_TTA_ACTIVE views= 8 weight= 0.75 mean_abs_feat_delta= 0.248276
EDGE_TTA_ACTIVE views= 8 mean_abs_feat_delta= 0.365175
SECONDARY_EDGE_TTA_ACTIVE views= 8 weight= 0.75 mean_abs_feat_delta= 0.248276
SECONDARY_EDGE_TTA_ACTIVE views= 8 weight= 0.75 mean_abs_feat_delta= 0.335461
BIOHUB_RETENTION_GUARD {"blended_candidates": 337, "dataset": "44b6_2a2eff9f", "frame": 63, "minimum_retention": 0.9, "primary_candidates": 473, "retention": 0.7124735729386892, "use_primary": true}
SECONDARY_EDGE_TTA_ACTIVE views= 8 weight= 0.75 mean_abs_feat_delta= 0.335461
BIOHUB_RETENTION_GUARD {"blended_candidates": 337, "dataset": "44b6_2a2eff9f", "frame": 63, "minimum_retention": 0.9, "primary_candidates": 473, "retention": 0.7124735729386892, "use_primary": true}
EDGE_TTA_ACTIVE views= 8 mean_abs_feat_delta= 0.334563
EDGE_TTA_ACTIVE views= 8 mean_abs_feat_delta= 0.334563
EDGE_TTA_ACTIVE views= 8 mean_abs_feat_delta= 0.363902
SECONDARY_EDGE_TTA_ACTIVE views= 8 weight= 0.75 mean_abs_feat_delta= 0.246163
EDGE_TTA_ACTIVE views= 8 mean_abs_feat_delta= 0.363902
SECONDARY_EDGE_TTA_ACTIVE views= 8 weight= 0.75 mean_abs_feat_delta= 0.246163
SECONDARY_EDGE_TTA_ACTIVE views= 8 weight= 0.75 mean_abs_feat_delta= 0.330483
BIOHUB_RETENTION_GUARD {"blended_candidates": 333, "dataset": "44b6_2a2eff9f", "frame": 64, "minimum_retention": 0.9, "primary_candidates": 464, "retention": 0.7176724137931034, "use_primary": true}
EDGE_TTA_ACTIVE views= 8 mean_abs_feat_delta= 0.333359
SECONDARY_EDGE_TTA_ACTIVE views= 8 weight= 0.75 mean_abs_feat_delta= 0.330483
BIOHUB_RETENTION_GUARD {"blended_candidates": 333, "dataset": "44b6_2a2eff9f", "frame": 64, "minimum_retention": 0.9, "primary_candidates": 464, "retention": 0.7176724137931034, "use_primary": true}
EDGE_TTA_ACTIVE views= 8 mean_abs_feat_delta= 0.333359
SECONDARY_EDGE_TTA_ACTIVE views= 8 weight= 0.75 mean_abs_feat_delta= 0.245654
EDGE_TTA_ACTIVE views= 8 mean_abs_feat_delta= 0.365061
SECONDARY_EDGE_TTA_ACTIVE views= 8 weight= 0.75 mean_abs_feat_delta= 0.245654
EDGE_TTA_ACTIVE views= 8 mean_abs_feat_delta= 0.365061
EDGE_TTA_ACTIVE views= 8 mean_abs_feat_delta= 0.329517
SECONDARY_EDGE_TTA_ACTIVE views= 8 weight= 0.75 mean_abs_feat_delta= 0.325601
BIOHUB_RETENTION_GUARD {"blended_candidates": 363, "dataset": "44b6_2a2eff9f", "frame": 65, "minimum_retention": 0.9, "primary_candidates": 495, "retention": 0.7333333333333333, "use_primary": true}
EDGE_TTA_ACTIVE views= 8 mean_abs_feat_delta= 0.329517
SECONDARY_EDGE_TTA_ACTIVE views= 8 weight= 0.75 mean_abs_feat_delta= 0.325601
BIOHUB_RETENTION_GUARD {"blended_candidates": 363, "dataset": "44b6_2a2eff9f", "frame": 65, "minimum_retention": 0.9, "primary_candidates": 495, "retention": 0.7333333333333333, "use_primary": true}
SECONDARY_EDGE_TTA_ACTIVE views= 8 weight= 0.75 mean_abs_feat_delta= 0.249452
SECONDARY_EDGE_TTA_ACTIVE views= 8 weight= 0.75 mean_abs_feat_delta= 0.249452
EDGE_TTA_ACTIVE views= 8 mean_abs_feat_delta= 0.365762
EDGE_TTA_ACTIVE views= 8 mean_abs_feat_delta= 0.365762
EDGE_TTA_ACTIVE views= 8 mean_abs_feat_delta= 0.327674
EDGE_TTA_ACTIVE views= 8 mean_abs_feat_delta= 0.327674
SECONDARY_EDGE_TTA_ACTIVE views= 8 weight= 0.75 mean_abs_feat_delta= 0.323744
BIOHUB_RETENTION_GUARD {"blended_candidates": 341, "dataset": "44b6_2a2eff9f", "frame": 66, "minimum_retention": 0.9, "primary_candidates": 457, "retention": 0.7461706783369803, "use_primary": true}
SECONDARY_EDGE_TTA_ACTIVE views= 8 weight= 0.75 mean_abs_feat_delta= 0.323744
BIOHUB_RETENTION_GUARD {"blended_candidates": 341, "dataset": "44b6_2a2eff9f", "frame": 66, "minimum_retention": 0.9, "primary_candidates": 457, "retention": 0.7461706783369803, "use_primary": true}
SECONDARY_EDGE_TTA_ACTIVE views= 8 weight= 0.75 mean_abs_feat_delta= 0.247601
SECONDARY_EDGE_TTA_ACTIVE views= 8 weight= 0.75 mean_abs_feat_delta= 0.247601
EDGE_TTA_ACTIVE views= 8 mean_abs_feat_delta= 0.367265
EDGE_TTA_ACTIVE views= 8 mean_abs_feat_delta= 0.367265
SECONDARY_EDGE_TTA_ACTIVE views= 8 weight= 0.75 mean_abs_feat_delta= 0.323117
BIOHUB_RETENTION_GUARD {"blended_candidates": 360, "dataset": "44b6_2a2eff9f", "frame": 67, "minimum_retention": 0.9, "primary_candidates": 460, "retention": 0.782608695652174, "use_primary": true}
SECONDARY_EDGE_TTA_ACTIVE views= 8 weight= 0.75 mean_abs_feat_delta= 0.323117
BIOHUB_RETENTION_GUARD {"blended_candidates": 360, "dataset": "44b6_2a2eff9f", "frame": 67, "minimum_retention": 0.9, "primary_candidates": 460, "retention": 0.782608695652174, "use_primary": true}
EDGE_TTA_ACTIVE views= 8 mean_abs_feat_delta= 0.368968
EDGE_TTA_ACTIVE views= 8 mean_abs_feat_delta= 0.368968
SECONDARY_EDGE_TTA_ACTIVE views= 8 weight= 0.75 mean_abs_feat_delta= 0.325646
BIOHUB_RETENTION_GUARD {"blended_candidates": 333, "dataset": "44b6_2a2eff9f", "frame": 68, "minimum_retention": 0.9, "primary_candidates": 457, "retention": 0.7286652078774617, "use_primary": true}
SECONDARY_EDGE_TTA_ACTIVE views= 8 weight= 0.75 mean_abs_feat_delta= 0.325646
BIOHUB_RETENTION_GUARD {"blended_candidates": 333, "dataset": "44b6_2a2eff9f", "frame": 68, "minimum_retention": 0.9, "primary_candidates": 457, "retention": 0.7286652078774617, "use_primary": true}
EDGE_TTA_ACTIVE views= 8 mean_abs_feat_delta= 0.371411
EDGE_TTA_ACTIVE views= 8 mean_abs_feat_delta= 0.371411
SECONDARY_EDGE_TTA_ACTIVE views= 8 weight= 0.75 mean_abs_feat_delta= 0.321799
BIOHUB_RETENTION_GUARD {"blended_candidates": 343, "dataset": "44b6_2a2eff9f", "frame": 69, "minimum_retention": 0.9, "primary_candidates": 458, "retention": 0.7489082969432315, "use_primary": true}
SECONDARY_EDGE_TTA_ACTIVE views= 8 weight= 0.75 mean_abs_feat_delta= 0.321799
BIOHUB_RETENTION_GUARD {"blended_candidates": 343, "dataset": "44b6_2a2eff9f", "frame": 69, "minimum_retention": 0.9, "primary_candidates": 458, "retention": 0.7489082969432315, "use_primary": true}
EDGE_TTA_ACTIVE views= 8 mean_abs_feat_delta= 0.367712
EDGE_TTA_ACTIVE views= 8 mean_abs_feat_delta= 0.354392
EDGE_TTA_ACTIVE views= 8 mean_abs_feat_delta= 0.367712
EDGE_TTA_ACTIVE views= 8 mean_abs_feat_delta= 0.354392
SECONDARY_EDGE_TTA_ACTIVE views= 8 weight= 0.75 mean_abs_feat_delta= 0.319894
BIOHUB_RETENTION_GUARD {"blended_candidates": 392, "dataset": "44b6_2a2eff9f", "frame": 70, "minimum_retention": 0.9, "primary_candidates": 501, "retention": 0.782435129740519, "use_primary": true}
SECONDARY_EDGE_TTA_ACTIVE views= 8 weight= 0.75 mean_abs_feat_delta= 0.268187
SECONDARY_EDGE_TTA_ACTIVE views= 8 weight= 0.75 mean_abs_feat_delta= 0.319894
BIOHUB_RETENTION_GUARD {"blended_candidates": 392, "dataset": "44b6_2a2eff9f", "frame": 70, "minimum_retention": 0.9, "primary_candidates": 501, "retention": 0.782435129740519, "use_primary": true}
SECONDARY_EDGE_TTA_ACTIVE views= 8 weight= 0.75 mean_abs_feat_delta= 0.268187
EDGE_TTA_ACTIVE views= 8 mean_abs_feat_delta= 0.354989
EDGE_TTA_ACTIVE views= 8 mean_abs_feat_delta= 0.369529
EDGE_TTA_ACTIVE views= 8 mean_abs_feat_delta= 0.354989
EDGE_TTA_ACTIVE views= 8 mean_abs_feat_delta= 0.369529
SECONDARY_EDGE_TTA_ACTIVE views= 8 weight= 0.75 mean_abs_feat_delta= 0.270508
SECONDARY_EDGE_TTA_ACTIVE views= 8 weight= 0.75 mean_abs_feat_delta= 0.326641
BIOHUB_RETENTION_GUARD {"blended_candidates": 325, "dataset": "44b6_2a2eff9f", "frame": 71, "minimum_retention": 0.9, "primary_candidates": 454, "retention": 0.7158590308370044, "use_primary": true}
SECONDARY_EDGE_TTA_ACTIVE views= 8 weight= 0.75 mean_abs_feat_delta= 0.270508
SECONDARY_EDGE_TTA_ACTIVE views= 8 weight= 0.75 mean_abs_feat_delta= 0.326641
BIOHUB_RETENTION_GUARD {"blended_candidates": 325, "dataset": "44b6_2a2eff9f", "frame": 71, "minimum_retention": 0.9, "primary_candidates": 454, "retention": 0.7158590308370044, "use_primary": true}
EDGE_TTA_ACTIVE views= 8 mean_abs_feat_delta= 0.348797
EDGE_TTA_ACTIVE views= 8 mean_abs_feat_delta= 0.372852
EDGE_TTA_ACTIVE views= 8 mean_abs_feat_delta= 0.348797
EDGE_TTA_ACTIVE views= 8 mean_abs_feat_delta= 0.372852
SECONDARY_EDGE_TTA_ACTIVE views= 8 weight= 0.75 mean_abs_feat_delta= 0.266832
SECONDARY_EDGE_TTA_ACTIVE views= 8 weight= 0.75 mean_abs_feat_delta= 0.331958
BIOHUB_RETENTION_GUARD {"blended_candidates": 319, "dataset": "44b6_2a2eff9f", "frame": 72, "minimum_retention": 0.9, "primary_candidates": 479, "retention": 0.6659707724425887, "use_primary": true}
SECONDARY_EDGE_TTA_ACTIVE views= 8 weight= 0.75 mean_abs_feat_delta= 0.266832
SECONDARY_EDGE_TTA_ACTIVE views= 8 weight= 0.75 mean_abs_feat_delta= 0.331958
BIOHUB_RETENTION_GUARD {"blended_candidates": 319, "dataset": "44b6_2a2eff9f", "frame": 72, "minimum_retention": 0.9, "primary_candidates": 479, "retention": 0.6659707724425887, "use_primary": true}
EDGE_TTA_ACTIVE views= 8 mean_abs_feat_delta= 0.344096
EDGE_TTA_ACTIVE views= 8 mean_abs_feat_delta= 0.344096
EDGE_TTA_ACTIVE views= 8 mean_abs_feat_delta= 0.372623
EDGE_TTA_ACTIVE views= 8 mean_abs_feat_delta= 0.372623
SECONDARY_EDGE_TTA_ACTIVE views= 8 weight= 0.75 mean_abs_feat_delta= 0.264193
SECONDARY_EDGE_TTA_ACTIVE views= 8 weight= 0.75 mean_abs_feat_delta= 0.264193
SECONDARY_EDGE_TTA_ACTIVE views= 8 weight= 0.75 mean_abs_feat_delta= 0.336114
BIOHUB_RETENTION_GUARD {"blended_candidates": 267, "dataset": "44b6_2a2eff9f", "frame": 73, "minimum_retention": 0.9, "primary_candidates": 429, "retention": 0.6223776223776224, "use_primary": true}
SECONDARY_EDGE_TTA_ACTIVE views= 8 weight= 0.75 mean_abs_feat_delta= 0.336114
BIOHUB_RETENTION_GUARD {"blended_candidates": 267, "dataset": "44b6_2a2eff9f", "frame": 73, "minimum_retention": 0.9, "primary_candidates": 429, "retention": 0.6223776223776224, "use_primary": true}
EDGE_TTA_ACTIVE views= 8 mean_abs_feat_delta= 0.343236
EDGE_TTA_ACTIVE views= 8 mean_abs_feat_delta= 0.343236
EDGE_TTA_ACTIVE views= 8 mean_abs_feat_delta= 0.372378
EDGE_TTA_ACTIVE views= 8 mean_abs_feat_delta= 0.372378
SECONDARY_EDGE_TTA_ACTIVE views= 8 weight= 0.75 mean_abs_feat_delta= 0.2659
SECONDARY_EDGE_TTA_ACTIVE views= 8 weight= 0.75 mean_abs_feat_delta= 0.2659
SECONDARY_EDGE_TTA_ACTIVE views= 8 weight= 0.75 mean_abs_feat_delta= 0.336279
BIOHUB_RETENTION_GUARD {"blended_candidates": 299, "dataset": "44b6_2a2eff9f", "frame": 74, "minimum_retention": 0.9, "primary_candidates": 451, "retention": 0.6629711751662971, "use_primary": true}
SECONDARY_EDGE_TTA_ACTIVE views= 8 weight= 0.75 mean_abs_feat_delta= 0.336279
BIOHUB_RETENTION_GUARD {"blended_candidates": 299, "dataset": "44b6_2a2eff9f", "frame": 74, "minimum_retention": 0.9, "primary_candidates": 451, "retention": 0.6629711751662971, "use_primary": true}
EDGE_TTA_ACTIVE views= 8 mean_abs_feat_delta= 0.346139
EDGE_TTA_ACTIVE views= 8 mean_abs_feat_delta= 0.346139
EDGE_TTA_ACTIVE views= 8 mean_abs_feat_delta= 0.373635
EDGE_TTA_ACTIVE views= 8 mean_abs_feat_delta= 0.373635
SECONDARY_EDGE_TTA_ACTIVE views= 8 weight= 0.75 mean_abs_feat_delta= 0.268655
SECONDARY_EDGE_TTA_ACTIVE views= 8 weight= 0.75 mean_abs_feat_delta= 0.268655
SECONDARY_EDGE_TTA_ACTIVE views= 8 weight= 0.75 mean_abs_feat_delta= 0.342354
BIOHUB_RETENTION_GUARD {"blended_candidates": 272, "dataset": "44b6_2a2eff9f", "frame": 75, "minimum_retention": 0.9, "primary_candidates": 452, "retention": 0.6017699115044248, "use_primary": true}
SECONDARY_EDGE_TTA_ACTIVE views= 8 weight= 0.75 mean_abs_feat_delta= 0.342354
BIOHUB_RETENTION_GUARD {"blended_candidates": 272, "dataset": "44b6_2a2eff9f", "frame": 75, "minimum_retention": 0.9, "primary_candidates": 452, "retention": 0.6017699115044248, "use_primary": true}
EDGE_TTA_ACTIVE views= 8 mean_abs_feat_delta= 0.345393
EDGE_TTA_ACTIVE views= 8 mean_abs_feat_delta= 0.345393
EDGE_TTA_ACTIVE views= 8 mean_abs_feat_delta= 0.373002
EDGE_TTA_ACTIVE views= 8 mean_abs_feat_delta= 0.373002
SECONDARY_EDGE_TTA_ACTIVE views= 8 weight= 0.75 mean_abs_feat_delta= 0.274098
SECONDARY_EDGE_TTA_ACTIVE views= 8 weight= 0.75 mean_abs_feat_delta= 0.274098
SECONDARY_EDGE_TTA_ACTIVE views= 8 weight= 0.75 mean_abs_feat_delta= 0.344323
BIOHUB_RETENTION_GUARD {"blended_candidates": 249, "dataset": "44b6_2a2eff9f", "frame": 76, "minimum_retention": 0.9, "primary_candidates": 455, "retention": 0.5472527472527473, "use_primary": true}
SECONDARY_EDGE_TTA_ACTIVE views= 8 weight= 0.75 mean_abs_feat_delta= 0.344323
BIOHUB_RETENTION_GUARD {"blended_candidates": 249, "dataset": "44b6_2a2eff9f", "frame": 76, "minimum_retention": 0.9, "primary_candidates": 455, "retention": 0.5472527472527473, "use_primary": true}
EDGE_TTA_ACTIVE views= 8 mean_abs_feat_delta= 0.343626
EDGE_TTA_ACTIVE views= 8 mean_abs_feat_delta= 0.343626
EDGE_TTA_ACTIVE views= 8 mean_abs_feat_delta= 0.37058
EDGE_TTA_ACTIVE views= 8 mean_abs_feat_delta= 0.37058
SECONDARY_EDGE_TTA_ACTIVE views= 8 weight= 0.75 mean_abs_feat_delta= 0.270171
SECONDARY_EDGE_TTA_ACTIVE views= 8 weight= 0.75 mean_abs_feat_delta= 0.270171
SECONDARY_EDGE_TTA_ACTIVE views= 8 weight= 0.75 mean_abs_feat_delta= 0.341175
BIOHUB_RETENTION_GUARD {"blended_candidates": 268, "dataset": "44b6_2a2eff9f", "frame": 77, "minimum_retention": 0.9, "primary_candidates": 447, "retention": 0.5995525727069351, "use_primary": true}
SECONDARY_EDGE_TTA_ACTIVE views= 8 weight= 0.75 mean_abs_feat_delta= 0.341175
BIOHUB_RETENTION_GUARD {"blended_candidates": 268, "dataset": "44b6_2a2eff9f", "frame": 77, "minimum_retention": 0.9, "primary_candidates": 447, "retention": 0.5995525727069351, "use_primary": true}
EDGE_TTA_ACTIVE views= 8 mean_abs_feat_delta= 0.347614
EDGE_TTA_ACTIVE views= 8 mean_abs_feat_delta= 0.347614
EDGE_TTA_ACTIVE views= 8 mean_abs_feat_delta= 0.364196
EDGE_TTA_ACTIVE views= 8 mean_abs_feat_delta= 0.364196
SECONDARY_EDGE_TTA_ACTIVE views= 8 weight= 0.75 mean_abs_feat_delta= 0.269192
SECONDARY_EDGE_TTA_ACTIVE views= 8 weight= 0.75 mean_abs_feat_delta= 0.269192
SECONDARY_EDGE_TTA_ACTIVE views= 8 weight= 0.75 mean_abs_feat_delta= 0.343476
BIOHUB_RETENTION_GUARD {"blended_candidates": 363, "dataset": "44b6_2a2eff9f", "frame": 78, "minimum_retention": 0.9, "primary_candidates": 496, "retention": 0.7318548387096774, "use_primary": true}
SECONDARY_EDGE_TTA_ACTIVE views= 8 weight= 0.75 mean_abs_feat_delta= 0.343476
BIOHUB_RETENTION_GUARD {"blended_candidates": 363, "dataset": "44b6_2a2eff9f", "frame": 78, "minimum_retention": 0.9, "primary_candidates": 496, "retention": 0.7318548387096774, "use_primary": true}
EDGE_TTA_ACTIVE views= 8 mean_abs_feat_delta= 0.350892
EDGE_TTA_ACTIVE views= 8 mean_abs_feat_delta= 0.350892
EDGE_TTA_ACTIVE views= 8 mean_abs_feat_delta= 0.362629
SECONDARY_EDGE_TTA_ACTIVE views= 8 weight= 0.75 mean_abs_feat_delta= 0.272914
EDGE_TTA_ACTIVE views= 8 mean_abs_feat_delta= 0.362629
SECONDARY_EDGE_TTA_ACTIVE views= 8 weight= 0.75 mean_abs_feat_delta= 0.272914
SECONDARY_EDGE_TTA_ACTIVE views= 8 weight= 0.75 mean_abs_feat_delta= 0.34125
BIOHUB_RETENTION_GUARD {"blended_candidates": 380, "dataset": "44b6_2a2eff9f", "frame": 79, "minimum_retention": 0.9, "primary_candidates": 504, "retention": 0.753968253968254, "use_primary": true}
SECONDARY_EDGE_TTA_ACTIVE views= 8 weight= 0.75 mean_abs_feat_delta= 0.34125
BIOHUB_RETENTION_GUARD {"blended_candidates": 380, "dataset": "44b6_2a2eff9f", "frame": 79, "minimum_retention": 0.9, "primary_candidates": 504, "retention": 0.753968253968254, "use_primary": true}
EDGE_TTA_ACTIVE views= 8 mean_abs_feat_delta= 0.351945
EDGE_TTA_ACTIVE views= 8 mean_abs_feat_delta= 0.351945
EDGE_TTA_ACTIVE views= 8 mean_abs_feat_delta= 0.368271
SECONDARY_EDGE_TTA_ACTIVE views= 8 weight= 0.75 mean_abs_feat_delta= 0.273035
EDGE_TTA_ACTIVE views= 8 mean_abs_feat_delta= 0.368271
SECONDARY_EDGE_TTA_ACTIVE views= 8 weight= 0.75 mean_abs_feat_delta= 0.273035
SECONDARY_EDGE_TTA_ACTIVE views= 8 weight= 0.75 mean_abs_feat_delta= 0.342222
BIOHUB_RETENTION_GUARD {"blended_candidates": 305, "dataset": "44b6_2a2eff9f", "frame": 80, "minimum_retention": 0.9, "primary_candidates": 469, "retention": 0.650319829424307, "use_primary": true}
SECONDARY_EDGE_TTA_ACTIVE views= 8 weight= 0.75 mean_abs_feat_delta= 0.342222
BIOHUB_RETENTION_GUARD {"blended_candidates": 305, "dataset": "44b6_2a2eff9f", "frame": 80, "minimum_retention": 0.9, "primary_candidates": 469, "retention": 0.650319829424307, "use_primary": true}
EDGE_TTA_ACTIVE views= 8 mean_abs_feat_delta= 0.349374
EDGE_TTA_ACTIVE views= 8 mean_abs_feat_delta= 0.349374
SECONDARY_EDGE_TTA_ACTIVE views= 8 weight= 0.75 mean_abs_feat_delta= 0.271935
EDGE_TTA_ACTIVE views= 8 mean_abs_feat_delta= 0.364769
SECONDARY_EDGE_TTA_ACTIVE views= 8 weight= 0.75 mean_abs_feat_delta= 0.271935
EDGE_TTA_ACTIVE views= 8 mean_abs_feat_delta= 0.364769
SECONDARY_EDGE_TTA_ACTIVE views= 8 weight= 0.75 mean_abs_feat_delta= 0.336419
BIOHUB_RETENTION_GUARD {"blended_candidates": 316, "dataset": "44b6_2a2eff9f", "frame": 81, "minimum_retention": 0.9, "primary_candidates": 463, "retention": 0.6825053995680346, "use_primary": true}
EDGE_TTA_ACTIVE views= 8 mean_abs_feat_delta= 0.351376
SECONDARY_EDGE_TTA_ACTIVE views= 8 weight= 0.75 mean_abs_feat_delta= 0.336419
BIOHUB_RETENTION_GUARD {"blended_candidates": 316, "dataset": "44b6_2a2eff9f", "frame": 81, "minimum_retention": 0.9, "primary_candidates": 463, "retention": 0.6825053995680346, "use_primary": true}
EDGE_TTA_ACTIVE views= 8 mean_abs_feat_delta= 0.351376
SECONDARY_EDGE_TTA_ACTIVE views= 8 weight= 0.75 mean_abs_feat_delta= 0.26942
EDGE_TTA_ACTIVE views= 8 mean_abs_feat_delta= 0.365921
SECONDARY_EDGE_TTA_ACTIVE views= 8 weight= 0.75 mean_abs_feat_delta= 0.26942
EDGE_TTA_ACTIVE views= 8 mean_abs_feat_delta= 0.365921
SECONDARY_EDGE_TTA_ACTIVE views= 8 weight= 0.75 mean_abs_feat_delta= 0.332057
BIOHUB_RETENTION_GUARD {"blended_candidates": 303, "dataset": "44b6_2a2eff9f", "frame": 82, "minimum_retention": 0.9, "primary_candidates": 462, "retention": 0.6558441558441559, "use_primary": true}
EDGE_TTA_ACTIVE views= 8 mean_abs_feat_delta= 0.35564
SECONDARY_EDGE_TTA_ACTIVE views= 8 weight= 0.75 mean_abs_feat_delta= 0.332057
BIOHUB_RETENTION_GUARD {"blended_candidates": 303, "dataset": "44b6_2a2eff9f", "frame": 82, "minimum_retention": 0.9, "primary_candidates": 462, "retention": 0.6558441558441559, "use_primary": true}
EDGE_TTA_ACTIVE views= 8 mean_abs_feat_delta= 0.35564
SECONDARY_EDGE_TTA_ACTIVE views= 8 weight= 0.75 mean_abs_feat_delta= 0.267667
EDGE_TTA_ACTIVE views= 8 mean_abs_feat_delta= 0.368883
SECONDARY_EDGE_TTA_ACTIVE views= 8 weight= 0.75 mean_abs_feat_delta= 0.267667
EDGE_TTA_ACTIVE views= 8 mean_abs_feat_delta= 0.368883
SECONDARY_EDGE_TTA_ACTIVE views= 8 weight= 0.75 mean_abs_feat_delta= 0.32949
BIOHUB_RETENTION_GUARD {"blended_candidates": 264, "dataset": "44b6_2a2eff9f", "frame": 83, "minimum_retention": 0.9, "primary_candidates": 434, "retention": 0.6082949308755761, "use_primary": true}
EDGE_TTA_ACTIVE views= 8 mean_abs_feat_delta= 0.352377
SECONDARY_EDGE_TTA_ACTIVE views= 8 weight= 0.75 mean_abs_feat_delta= 0.32949
BIOHUB_RETENTION_GUARD {"blended_candidates": 264, "dataset": "44b6_2a2eff9f", "frame": 83, "minimum_retention": 0.9, "primary_candidates": 434, "retention": 0.6082949308755761, "use_primary": true}
EDGE_TTA_ACTIVE views= 8 mean_abs_feat_delta= 0.352377
SECONDARY_EDGE_TTA_ACTIVE views= 8 weight= 0.75 mean_abs_feat_delta= 0.272442
SECONDARY_EDGE_TTA_ACTIVE views= 8 weight= 0.75 mean_abs_feat_delta= 0.272442
EDGE_TTA_ACTIVE views= 8 mean_abs_feat_delta= 0.368343
EDGE_TTA_ACTIVE views= 8 mean_abs_feat_delta= 0.368343
EDGE_TTA_ACTIVE views= 8 mean_abs_feat_delta= 0.352809
SECONDARY_EDGE_TTA_ACTIVE views= 8 weight= 0.75 mean_abs_feat_delta= 0.326369
BIOHUB_RETENTION_GUARD {"blended_candidates": 290, "dataset": "44b6_2a2eff9f", "frame": 84, "minimum_retention": 0.9, "primary_candidates": 458, "retention": 0.6331877729257642, "use_primary": true}
EDGE_TTA_ACTIVE views= 8 mean_abs_feat_delta= 0.352809
SECONDARY_EDGE_TTA_ACTIVE views= 8 weight= 0.75 mean_abs_feat_delta= 0.326369
BIOHUB_RETENTION_GUARD {"blended_candidates": 290, "dataset": "44b6_2a2eff9f", "frame": 84, "minimum_retention": 0.9, "primary_candidates": 458, "retention": 0.6331877729257642, "use_primary": true}
SECONDARY_EDGE_TTA_ACTIVE views= 8 weight= 0.75 mean_abs_feat_delta= 0.274668
SECONDARY_EDGE_TTA_ACTIVE views= 8 weight= 0.75 mean_abs_feat_delta= 0.274668
EDGE_TTA_ACTIVE views= 8 mean_abs_feat_delta= 0.365564
EDGE_TTA_ACTIVE views= 8 mean_abs_feat_delta= 0.365564
EDGE_TTA_ACTIVE views= 8 mean_abs_feat_delta= 0.347118
EDGE_TTA_ACTIVE views= 8 mean_abs_feat_delta= 0.347118
SECONDARY_EDGE_TTA_ACTIVE views= 8 weight= 0.75 mean_abs_feat_delta= 0.325046
BIOHUB_RETENTION_GUARD {"blended_candidates": 328, "dataset": "44b6_2a2eff9f", "frame": 85, "minimum_retention": 0.9, "primary_candidates": 478, "retention": 0.6861924686192469, "use_primary": true}
SECONDARY_EDGE_TTA_ACTIVE views= 8 weight= 0.75 mean_abs_feat_delta= 0.325046
BIOHUB_RETENTION_GUARD {"blended_candidates": 328, "dataset": "44b6_2a2eff9f", "frame": 85, "minimum_retention": 0.9, "primary_candidates": 478, "retention": 0.6861924686192469, "use_primary": true}
SECONDARY_EDGE_TTA_ACTIVE views= 8 weight= 0.75 mean_abs_feat_delta= 0.278564
SECONDARY_EDGE_TTA_ACTIVE views= 8 weight= 0.75 mean_abs_feat_delta= 0.278564
EDGE_TTA_ACTIVE views= 8 mean_abs_feat_delta= 0.362074
EDGE_TTA_ACTIVE views= 8 mean_abs_feat_delta= 0.362074
EDGE_TTA_ACTIVE views= 8 mean_abs_feat_delta= 0.353642
EDGE_TTA_ACTIVE views= 8 mean_abs_feat_delta= 0.353642
SECONDARY_EDGE_TTA_ACTIVE views= 8 weight= 0.75 mean_abs_feat_delta= 0.327764
BIOHUB_RETENTION_GUARD {"blended_candidates": 362, "dataset": "44b6_2a2eff9f", "frame": 86, "minimum_retention": 0.9, "primary_candidates": 489, "retention": 0.7402862985685071, "use_primary": true}
SECONDARY_EDGE_TTA_ACTIVE views= 8 weight= 0.75 mean_abs_feat_delta= 0.327764
BIOHUB_RETENTION_GUARD {"blended_candidates": 362, "dataset": "44b6_2a2eff9f", "frame": 86, "minimum_retention": 0.9, "primary_candidates": 489, "retention": 0.7402862985685071, "use_primary": true}
SECONDARY_EDGE_TTA_ACTIVE views= 8 weight= 0.75 mean_abs_feat_delta= 0.276498
SECONDARY_EDGE_TTA_ACTIVE views= 8 weight= 0.75 mean_abs_feat_delta= 0.276498
EDGE_TTA_ACTIVE views= 8 mean_abs_feat_delta= 0.362517
EDGE_TTA_ACTIVE views= 8 mean_abs_feat_delta= 0.362517
EDGE_TTA_ACTIVE views= 8 mean_abs_feat_delta= 0.351185
EDGE_TTA_ACTIVE views= 8 mean_abs_feat_delta= 0.351185
SECONDARY_EDGE_TTA_ACTIVE views= 8 weight= 0.75 mean_abs_feat_delta= 0.33329
BIOHUB_RETENTION_GUARD {"blended_candidates": 343, "dataset": "44b6_2a2eff9f", "frame": 87, "minimum_retention": 0.9, "primary_candidates": 480, "retention": 0.7145833333333333, "use_primary": true}
SECONDARY_EDGE_TTA_ACTIVE views= 8 weight= 0.75 mean_abs_feat_delta= 0.33329
BIOHUB_RETENTION_GUARD {"blended_candidates": 343, "dataset": "44b6_2a2eff9f", "frame": 87, "minimum_retention": 0.9, "primary_candidates": 480, "retention": 0.7145833333333333, "use_primary": true}
SECONDARY_EDGE_TTA_ACTIVE views= 8 weight= 0.75 mean_abs_feat_delta= 0.279183
SECONDARY_EDGE_TTA_ACTIVE views= 8 weight= 0.75 mean_abs_feat_delta= 0.279183
EDGE_TTA_ACTIVE views= 8 mean_abs_feat_delta= 0.359453
EDGE_TTA_ACTIVE views= 8 mean_abs_feat_delta= 0.359453
EDGE_TTA_ACTIVE views= 8 mean_abs_feat_delta= 0.348389
EDGE_TTA_ACTIVE views= 8 mean_abs_feat_delta= 0.348389
SECONDARY_EDGE_TTA_ACTIVE views= 8 weight= 0.75 mean_abs_feat_delta= 0.336504
BIOHUB_RETENTION_GUARD {"blended_candidates": 254, "dataset": "44b6_2a2eff9f", "frame": 88, "minimum_retention": 0.9, "primary_candidates": 444, "retention": 0.5720720720720721, "use_primary": true}
SECONDARY_EDGE_TTA_ACTIVE views= 8 weight= 0.75 mean_abs_feat_delta= 0.336504
BIOHUB_RETENTION_GUARD {"blended_candidates": 254, "dataset": "44b6_2a2eff9f", "frame": 88, "minimum_retention": 0.9, "primary_candidates": 444, "retention": 0.5720720720720721, "use_primary": true}
SECONDARY_EDGE_TTA_ACTIVE views= 8 weight= 0.75 mean_abs_feat_delta= 0.278205
SECONDARY_EDGE_TTA_ACTIVE views= 8 weight= 0.75 mean_abs_feat_delta= 0.278205
EDGE_TTA_ACTIVE views= 8 mean_abs_feat_delta= 0.360125
EDGE_TTA_ACTIVE views= 8 mean_abs_feat_delta= 0.351443
EDGE_TTA_ACTIVE views= 8 mean_abs_feat_delta= 0.360125
EDGE_TTA_ACTIVE views= 8 mean_abs_feat_delta= 0.351443
SECONDARY_EDGE_TTA_ACTIVE views= 8 weight= 0.75 mean_abs_feat_delta= 0.333294
BIOHUB_RETENTION_GUARD {"blended_candidates": 285, "dataset": "44b6_2a2eff9f", "frame": 89, "minimum_retention": 0.9, "primary_candidates": 472, "retention": 0.6038135593220338, "use_primary": true}
SECONDARY_EDGE_TTA_ACTIVE views= 8 weight= 0.75 mean_abs_feat_delta= 0.274986
SECONDARY_EDGE_TTA_ACTIVE views= 8 weight= 0.75 mean_abs_feat_delta= 0.333294
BIOHUB_RETENTION_GUARD {"blended_candidates": 285, "dataset": "44b6_2a2eff9f", "frame": 89, "minimum_retention": 0.9, "primary_candidates": 472, "retention": 0.6038135593220338, "use_primary": true}
SECONDARY_EDGE_TTA_ACTIVE views= 8 weight= 0.75 mean_abs_feat_delta= 0.274986
EDGE_TTA_ACTIVE views= 8 mean_abs_feat_delta= 0.35614
EDGE_TTA_ACTIVE views= 8 mean_abs_feat_delta= 0.355512
EDGE_TTA_ACTIVE views= 8 mean_abs_feat_delta= 0.35614
EDGE_TTA_ACTIVE views= 8 mean_abs_feat_delta= 0.355512
SECONDARY_EDGE_TTA_ACTIVE views= 8 weight= 0.75 mean_abs_feat_delta= 0.331259
BIOHUB_RETENTION_GUARD {"blended_candidates": 340, "dataset": "44b6_2a2eff9f", "frame": 90, "minimum_retention": 0.9, "primary_candidates": 473, "retention": 0.718816067653277, "use_primary": true}
SECONDARY_EDGE_TTA_ACTIVE views= 8 weight= 0.75 mean_abs_feat_delta= 0.274203
SECONDARY_EDGE_TTA_ACTIVE views= 8 weight= 0.75 mean_abs_feat_delta= 0.331259
BIOHUB_RETENTION_GUARD {"blended_candidates": 340, "dataset": "44b6_2a2eff9f", "frame": 90, "minimum_retention": 0.9, "primary_candidates": 473, "retention": 0.718816067653277, "use_primary": true}
SECONDARY_EDGE_TTA_ACTIVE views= 8 weight= 0.75 mean_abs_feat_delta= 0.274203
EDGE_TTA_ACTIVE views= 8 mean_abs_feat_delta= 0.356719
EDGE_TTA_ACTIVE views= 8 mean_abs_feat_delta= 0.348668
EDGE_TTA_ACTIVE views= 8 mean_abs_feat_delta= 0.356719
EDGE_TTA_ACTIVE views= 8 mean_abs_feat_delta= 0.348668
SECONDARY_EDGE_TTA_ACTIVE views= 8 weight= 0.75 mean_abs_feat_delta= 0.334726
BIOHUB_RETENTION_GUARD {"blended_candidates": 348, "dataset": "44b6_2a2eff9f", "frame": 91, "minimum_retention": 0.9, "primary_candidates": 476, "retention": 0.7310924369747899, "use_primary": true}
SECONDARY_EDGE_TTA_ACTIVE views= 8 weight= 0.75 mean_abs_feat_delta= 0.273582
SECONDARY_EDGE_TTA_ACTIVE views= 8 weight= 0.75 mean_abs_feat_delta= 0.334726
BIOHUB_RETENTION_GUARD {"blended_candidates": 348, "dataset": "44b6_2a2eff9f", "frame": 91, "minimum_retention": 0.9, "primary_candidates": 476, "retention": 0.7310924369747899, "use_primary": true}
SECONDARY_EDGE_TTA_ACTIVE views= 8 weight= 0.75 mean_abs_feat_delta= 0.273582
EDGE_TTA_ACTIVE views= 8 mean_abs_feat_delta= 0.346939
EDGE_TTA_ACTIVE views= 8 mean_abs_feat_delta= 0.359241
EDGE_TTA_ACTIVE views= 8 mean_abs_feat_delta= 0.346939
EDGE_TTA_ACTIVE views= 8 mean_abs_feat_delta= 0.359241
SECONDARY_EDGE_TTA_ACTIVE views= 8 weight= 0.75 mean_abs_feat_delta= 0.274097
SECONDARY_EDGE_TTA_ACTIVE views= 8 weight= 0.75 mean_abs_feat_delta= 0.334156
BIOHUB_RETENTION_GUARD {"blended_candidates": 340, "dataset": "44b6_2a2eff9f", "frame": 92, "minimum_retention": 0.9, "primary_candidates": 467, "retention": 0.728051391862955, "use_primary": true}
SECONDARY_EDGE_TTA_ACTIVE views= 8 weight= 0.75 mean_abs_feat_delta= 0.274097
SECONDARY_EDGE_TTA_ACTIVE views= 8 weight= 0.75 mean_abs_feat_delta= 0.334156
BIOHUB_RETENTION_GUARD {"blended_candidates": 340, "dataset": "44b6_2a2eff9f", "frame": 92, "minimum_retention": 0.9, "primary_candidates": 467, "retention": 0.728051391862955, "use_primary": true}
EDGE_TTA_ACTIVE views= 8 mean_abs_feat_delta= 0.342592
EDGE_TTA_ACTIVE views= 8 mean_abs_feat_delta= 0.342592
EDGE_TTA_ACTIVE views= 8 mean_abs_feat_delta= 0.357767
EDGE_TTA_ACTIVE views= 8 mean_abs_feat_delta= 0.357767
SECONDARY_EDGE_TTA_ACTIVE views= 8 weight= 0.75 mean_abs_feat_delta= 0.277442
SECONDARY_EDGE_TTA_ACTIVE views= 8 weight= 0.75 mean_abs_feat_delta= 0.277442
SECONDARY_EDGE_TTA_ACTIVE views= 8 weight= 0.75 mean_abs_feat_delta= 0.328842
BIOHUB_RETENTION_GUARD {"blended_candidates": 344, "dataset": "44b6_2a2eff9f", "frame": 93, "minimum_retention": 0.9, "primary_candidates": 489, "retention": 0.7034764826175869, "use_primary": true}
SECONDARY_EDGE_TTA_ACTIVE views= 8 weight= 0.75 mean_abs_feat_delta= 0.328842
BIOHUB_RETENTION_GUARD {"blended_candidates": 344, "dataset": "44b6_2a2eff9f", "frame": 93, "minimum_retention": 0.9, "primary_candidates": 489, "retention": 0.7034764826175869, "use_primary": true}
EDGE_TTA_ACTIVE views= 8 mean_abs_feat_delta= 0.347841
EDGE_TTA_ACTIVE views= 8 mean_abs_feat_delta= 0.347841
EDGE_TTA_ACTIVE views= 8 mean_abs_feat_delta= 0.358418
EDGE_TTA_ACTIVE views= 8 mean_abs_feat_delta= 0.358418
SECONDARY_EDGE_TTA_ACTIVE views= 8 weight= 0.75 mean_abs_feat_delta= 0.271551
SECONDARY_EDGE_TTA_ACTIVE views= 8 weight= 0.75 mean_abs_feat_delta= 0.271551
SECONDARY_EDGE_TTA_ACTIVE views= 8 weight= 0.75 mean_abs_feat_delta= 0.327008
BIOHUB_RETENTION_GUARD {"blended_candidates": 360, "dataset": "44b6_2a2eff9f", "frame": 94, "minimum_retention": 0.9, "primary_candidates": 495, "retention": 0.7272727272727273, "use_primary": true}
SECONDARY_EDGE_TTA_ACTIVE views= 8 weight= 0.75 mean_abs_feat_delta= 0.327008
BIOHUB_RETENTION_GUARD {"blended_candidates": 360, "dataset": "44b6_2a2eff9f", "frame": 94, "minimum_retention": 0.9, "primary_candidates": 495, "retention": 0.7272727272727273, "use_primary": true}
EDGE_TTA_ACTIVE views= 8 mean_abs_feat_delta= 0.345072
EDGE_TTA_ACTIVE views= 8 mean_abs_feat_delta= 0.345072
EDGE_TTA_ACTIVE views= 8 mean_abs_feat_delta= 0.359717
EDGE_TTA_ACTIVE views= 8 mean_abs_feat_delta= 0.359717
SECONDARY_EDGE_TTA_ACTIVE views= 8 weight= 0.75 mean_abs_feat_delta= 0.268445
SECONDARY_EDGE_TTA_ACTIVE views= 8 weight= 0.75 mean_abs_feat_delta= 0.268445
SECONDARY_EDGE_TTA_ACTIVE views= 8 weight= 0.75 mean_abs_feat_delta= 0.330388
BIOHUB_RETENTION_GUARD {"blended_candidates": 351, "dataset": "44b6_2a2eff9f", "frame": 95, "minimum_retention": 0.9, "primary_candidates": 480, "retention": 0.73125, "use_primary": true}
SECONDARY_EDGE_TTA_ACTIVE views= 8 weight= 0.75 mean_abs_feat_delta= 0.330388
BIOHUB_RETENTION_GUARD {"blended_candidates": 351, "dataset": "44b6_2a2eff9f", "frame": 95, "minimum_retention": 0.9, "primary_candidates": 480, "retention": 0.73125, "use_primary": true}
EDGE_TTA_ACTIVE views= 8 mean_abs_feat_delta= 0.344896
EDGE_TTA_ACTIVE views= 8 mean_abs_feat_delta= 0.344896
EDGE_TTA_ACTIVE views= 8 mean_abs_feat_delta= 0.362555
EDGE_TTA_ACTIVE views= 8 mean_abs_feat_delta= 0.362555
SECONDARY_EDGE_TTA_ACTIVE views= 8 weight= 0.75 mean_abs_feat_delta= 0.270607
SECONDARY_EDGE_TTA_ACTIVE views= 8 weight= 0.75 mean_abs_feat_delta= 0.270607
SECONDARY_EDGE_TTA_ACTIVE views= 8 weight= 0.75 mean_abs_feat_delta= 0.336283
BIOHUB_RETENTION_GUARD {"blended_candidates": 323, "dataset": "44b6_2a2eff9f", "frame": 96, "minimum_retention": 0.9, "primary_candidates": 467, "retention": 0.6916488222698073, "use_primary": true}
SECONDARY_EDGE_TTA_ACTIVE views= 8 weight= 0.75 mean_abs_feat_delta= 0.336283
BIOHUB_RETENTION_GUARD {"blended_candidates": 323, "dataset": "44b6_2a2eff9f", "frame": 96, "minimum_retention": 0.9, "primary_candidates": 467, "retention": 0.6916488222698073, "use_primary": true}
EDGE_TTA_ACTIVE views= 8 mean_abs_feat_delta= 0.348324
EDGE_TTA_ACTIVE views= 8 mean_abs_feat_delta= 0.348324
EDGE_TTA_ACTIVE views= 8 mean_abs_feat_delta= 0.361436
EDGE_TTA_ACTIVE views= 8 mean_abs_feat_delta= 0.361436
SECONDARY_EDGE_TTA_ACTIVE views= 8 weight= 0.75 mean_abs_feat_delta= 0.275814
SECONDARY_EDGE_TTA_ACTIVE views= 8 weight= 0.75 mean_abs_feat_delta= 0.275814
SECONDARY_EDGE_TTA_ACTIVE views= 8 weight= 0.75 mean_abs_feat_delta= 0.336744
BIOHUB_RETENTION_GUARD {"blended_candidates": 285, "dataset": "44b6_2a2eff9f", "frame": 97, "minimum_retention": 0.9, "primary_candidates": 446, "retention": 0.6390134529147982, "use_primary": true}
SECONDARY_EDGE_TTA_ACTIVE views= 8 weight= 0.75 mean_abs_feat_delta= 0.336744
BIOHUB_RETENTION_GUARD {"blended_candidates": 285, "dataset": "44b6_2a2eff9f", "frame": 97, "minimum_retention": 0.9, "primary_candidates": 446, "retention": 0.6390134529147982, "use_primary": true}
EDGE_TTA_ACTIVE views= 8 mean_abs_feat_delta= 0.346953
EDGE_TTA_ACTIVE views= 8 mean_abs_feat_delta= 0.346953
EDGE_TTA_ACTIVE views= 8 mean_abs_feat_delta= 0.35858
SECONDARY_EDGE_TTA_ACTIVE views= 8 weight= 0.75 mean_abs_feat_delta= 0.273692
EDGE_TTA_ACTIVE views= 8 mean_abs_feat_delta= 0.35858
SECONDARY_EDGE_TTA_ACTIVE views= 8 weight= 0.75 mean_abs_feat_delta= 0.273692
SECONDARY_EDGE_TTA_ACTIVE views= 8 weight= 0.75 mean_abs_feat_delta= 0.328176
BIOHUB_RETENTION_GUARD {"blended_candidates": 333, "dataset": "44b6_2a2eff9f", "frame": 98, "minimum_retention": 0.9, "primary_candidates": 495, "retention": 0.6727272727272727, "use_primary": true}
SECONDARY_EDGE_TTA_ACTIVE views= 8 weight= 0.75 mean_abs_feat_delta= 0.328176
BIOHUB_RETENTION_GUARD {"blended_candidates": 333, "dataset": "44b6_2a2eff9f", "frame": 98, "minimum_retention": 0.9, "primary_candidates": 495, "retention": 0.6727272727272727, "use_primary": true}
EDGE_TTA_ACTIVE views= 8 mean_abs_feat_delta= 0.344214
EDGE_TTA_ACTIVE views= 8 mean_abs_feat_delta= 0.344214
EDGE_TTA_ACTIVE views= 8 mean_abs_feat_delta= 0.354435
SECONDARY_EDGE_TTA_ACTIVE views= 8 weight= 0.75 mean_abs_feat_delta= 0.270608
EDGE_TTA_ACTIVE views= 8 mean_abs_feat_delta= 0.354435
SECONDARY_EDGE_TTA_ACTIVE views= 8 weight= 0.75 mean_abs_feat_delta= 0.270608
SECONDARY_EDGE_TTA_ACTIVE views= 8 weight= 0.75 mean_abs_feat_delta= 0.329228
BIOHUB_RETENTION_GUARD {"blended_candidates": 268, "dataset": "44b6_2a2eff9f", "frame": 99, "minimum_retention": 0.9, "primary_candidates": 455, "retention": 0.589010989010989, "use_primary": true}
SECONDARY_EDGE_TTA_ACTIVE views= 8 weight= 0.75 mean_abs_feat_delta= 0.329228
BIOHUB_RETENTION_GUARD {"blended_candidates": 268, "dataset": "44b6_2a2eff9f", "frame": 99, "minimum_retention": 0.9, "primary_candidates": 455, "retention": 0.589010989010989, "use_primary": true}
EDGE_TTA_ACTIVE views= 8 mean_abs_feat_delta= 0.345782
EDGE_TTA_ACTIVE views= 8 mean_abs_feat_delta= 0.345782
SECONDARY_EDGE_TTA_ACTIVE views= 8 weight= 0.75 mean_abs_feat_delta= 0.27426
BIOHUB_RETENTION_GUARD {"blended_candidates": 342, "dataset": "6bba_07e24132", "frame": 32, "minimum_retention": 0.9, "primary_candidates": 392, "retention": 0.8724489795918368, "use_primary": true}
SECONDARY_EDGE_TTA_ACTIVE views= 8 weight= 0.75 mean_abs_feat_delta= 0.27426
BIOHUB_RETENTION_GUARD {"blended_candidates": 342, "dataset": "6bba_07e24132", "frame": 32, "minimum_retention": 0.9, "primary_candidates": 392, "retention": 0.8724489795918368, "use_primary": true}
EDGE_TTA_ACTIVE views= 8 mean_abs_feat_delta= 0.345884
EDGE_TTA_ACTIVE views= 8 mean_abs_feat_delta= 0.345884
SECONDARY_EDGE_TTA_ACTIVE views= 8 weight= 0.75 mean_abs_feat_delta= 0.271994
SECONDARY_EDGE_TTA_ACTIVE views= 8 weight= 0.75 mean_abs_feat_delta= 0.271994
EDGE_TTA_ACTIVE views= 8 mean_abs_feat_delta= 0.349488
EDGE_TTA_ACTIVE views= 8 mean_abs_feat_delta= 0.349488
SECONDARY_EDGE_TTA_ACTIVE views= 8 weight= 0.75 mean_abs_feat_delta= 0.27163
SECONDARY_EDGE_TTA_ACTIVE views= 8 weight= 0.75 mean_abs_feat_delta= 0.27163
EDGE_TTA_ACTIVE views= 8 mean_abs_feat_delta= 0.344998
EDGE_TTA_ACTIVE views= 8 mean_abs_feat_delta= 0.344998
SECONDARY_EDGE_TTA_ACTIVE views= 8 weight= 0.75 mean_abs_feat_delta= 0.273802
SECONDARY_EDGE_TTA_ACTIVE views= 8 weight= 0.75 mean_abs_feat_delta= 0.273802
EDGE_TTA_ACTIVE views= 8 mean_abs_feat_delta= 0.344112
EDGE_TTA_ACTIVE views= 8 mean_abs_feat_delta= 0.344112
SECONDARY_EDGE_TTA_ACTIVE views= 8 weight= 0.75 mean_abs_feat_delta= 0.271976
SECONDARY_EDGE_TTA_ACTIVE views= 8 weight= 0.75 mean_abs_feat_delta= 0.271976
EDGE_TTA_ACTIVE views= 8 mean_abs_feat_delta= 0.344058
EDGE_TTA_ACTIVE views= 8 mean_abs_feat_delta= 0.344058
SECONDARY_EDGE_TTA_ACTIVE views= 8 weight= 0.75 mean_abs_feat_delta= 0.27149
SECONDARY_EDGE_TTA_ACTIVE views= 8 weight= 0.75 mean_abs_feat_delta= 0.27149
EDGE_TTA_ACTIVE views= 8 mean_abs_feat_delta= 0.342413
EDGE_TTA_ACTIVE views= 8 mean_abs_feat_delta= 0.342413
SECONDARY_EDGE_TTA_ACTIVE views= 8 weight= 0.75 mean_abs_feat_delta= 0.268044
SECONDARY_EDGE_TTA_ACTIVE views= 8 weight= 0.75 mean_abs_feat_delta= 0.268044
EDGE_TTA_ACTIVE views= 8 mean_abs_feat_delta= 0.339014
EDGE_TTA_ACTIVE views= 8 mean_abs_feat_delta= 0.339014
SECONDARY_EDGE_TTA_ACTIVE views= 8 weight= 0.75 mean_abs_feat_delta= 0.262923
SECONDARY_EDGE_TTA_ACTIVE views= 8 weight= 0.75 mean_abs_feat_delta= 0.262923
EDGE_TTA_ACTIVE views= 8 mean_abs_feat_delta= 0.331895
EDGE_TTA_ACTIVE views= 8 mean_abs_feat_delta= 0.331895
SECONDARY_EDGE_TTA_ACTIVE views= 8 weight= 0.75 mean_abs_feat_delta= 0.264978
SECONDARY_EDGE_TTA_ACTIVE views= 8 weight= 0.75 mean_abs_feat_delta= 0.264978
EDGE_TTA_ACTIVE views= 8 mean_abs_feat_delta= 0.34071
EDGE_TTA_ACTIVE views= 8 mean_abs_feat_delta= 0.34071
SECONDARY_EDGE_TTA_ACTIVE views= 8 weight= 0.75 mean_abs_feat_delta= 0.260415
SECONDARY_EDGE_TTA_ACTIVE views= 8 weight= 0.75 mean_abs_feat_delta= 0.260415
EDGE_TTA_ACTIVE views= 8 mean_abs_feat_delta= 0.344597
EDGE_TTA_ACTIVE views= 8 mean_abs_feat_delta= 0.344597
SECONDARY_EDGE_TTA_ACTIVE views= 8 weight= 0.75 mean_abs_feat_delta= 0.26243
SECONDARY_EDGE_TTA_ACTIVE views= 8 weight= 0.75 mean_abs_feat_delta= 0.26243
EDGE_TTA_ACTIVE views= 8 mean_abs_feat_delta= 0.347949
EDGE_TTA_ACTIVE views= 8 mean_abs_feat_delta= 0.347949
SECONDARY_EDGE_TTA_ACTIVE views= 8 weight= 0.75 mean_abs_feat_delta= 0.263794
SECONDARY_EDGE_TTA_ACTIVE views= 8 weight= 0.75 mean_abs_feat_delta= 0.263794
EDGE_TTA_ACTIVE views= 8 mean_abs_feat_delta= 0.343395
EDGE_TTA_ACTIVE views= 8 mean_abs_feat_delta= 0.343395
SECONDARY_EDGE_TTA_ACTIVE views= 8 weight= 0.75 mean_abs_feat_delta= 0.261742
SECONDARY_EDGE_TTA_ACTIVE views= 8 weight= 0.75 mean_abs_feat_delta= 0.261742
EDGE_TTA_ACTIVE views= 8 mean_abs_feat_delta= 0.342938
EDGE_TTA_ACTIVE views= 8 mean_abs_feat_delta= 0.342938
SECONDARY_EDGE_TTA_ACTIVE views= 8 weight= 0.75 mean_abs_feat_delta= 0.262384
SECONDARY_EDGE_TTA_ACTIVE views= 8 weight= 0.75 mean_abs_feat_delta= 0.262384
EDGE_TTA_ACTIVE views= 8 mean_abs_feat_delta= 0.34073
EDGE_TTA_ACTIVE views= 8 mean_abs_feat_delta= 0.34073
SECONDARY_EDGE_TTA_ACTIVE views= 8 weight= 0.75 mean_abs_feat_delta= 0.263048
SECONDARY_EDGE_TTA_ACTIVE views= 8 weight= 0.75 mean_abs_feat_delta= 0.263048
EDGE_TTA_ACTIVE views= 8 mean_abs_feat_delta= 0.337223
EDGE_TTA_ACTIVE views= 8 mean_abs_feat_delta= 0.337223
SECONDARY_EDGE_TTA_ACTIVE views= 8 weight= 0.75 mean_abs_feat_delta= 0.265915
SECONDARY_EDGE_TTA_ACTIVE views= 8 weight= 0.75 mean_abs_feat_delta= 0.265915
EDGE_TTA_ACTIVE views= 8 mean_abs_feat_delta= 0.288475
EDGE_TTA_ACTIVE views= 8 mean_abs_feat_delta= 0.288475
EDGE_TTA_ACTIVE views= 8 mean_abs_feat_delta= 0.338214
EDGE_TTA_ACTIVE views= 8 mean_abs_feat_delta= 0.338214
SECONDARY_EDGE_TTA_ACTIVE views= 8 weight= 0.75 mean_abs_feat_delta= 0.217553
SECONDARY_EDGE_TTA_ACTIVE views= 8 weight= 0.75 mean_abs_feat_delta= 0.217553
SECONDARY_EDGE_TTA_ACTIVE views= 8 weight= 0.75 mean_abs_feat_delta= 0.26675
SECONDARY_EDGE_TTA_ACTIVE views= 8 weight= 0.75 mean_abs_feat_delta= 0.26675
EDGE_TTA_ACTIVE views= 8 mean_abs_feat_delta= 0.287561
EDGE_TTA_ACTIVE views= 8 mean_abs_feat_delta= 0.287561
EDGE_TTA_ACTIVE views= 8 mean_abs_feat_delta= 0.343058
EDGE_TTA_ACTIVE views= 8 mean_abs_feat_delta= 0.343058
SECONDARY_EDGE_TTA_ACTIVE views= 8 weight= 0.75 mean_abs_feat_delta= 0.216934
SECONDARY_EDGE_TTA_ACTIVE views= 8 weight= 0.75 mean_abs_feat_delta= 0.216934
SECONDARY_EDGE_TTA_ACTIVE views= 8 weight= 0.75 mean_abs_feat_delta= 0.26723
SECONDARY_EDGE_TTA_ACTIVE views= 8 weight= 0.75 mean_abs_feat_delta= 0.26723
EDGE_TTA_ACTIVE views= 8 mean_abs_feat_delta= 0.288963
EDGE_TTA_ACTIVE views= 8 mean_abs_feat_delta= 0.288963
EDGE_TTA_ACTIVE views= 8 mean_abs_feat_delta= 0.343211
SECONDARY_EDGE_TTA_ACTIVE views= 8 weight= 0.75 mean_abs_feat_delta= 0.213178
EDGE_TTA_ACTIVE views= 8 mean_abs_feat_delta= 0.343211
SECONDARY_EDGE_TTA_ACTIVE views= 8 weight= 0.75 mean_abs_feat_delta= 0.213178
SECONDARY_EDGE_TTA_ACTIVE views= 8 weight= 0.75 mean_abs_feat_delta= 0.262509
SECONDARY_EDGE_TTA_ACTIVE views= 8 weight= 0.75 mean_abs_feat_delta= 0.262509
EDGE_TTA_ACTIVE views= 8 mean_abs_feat_delta= 0.284378
EDGE_TTA_ACTIVE views= 8 mean_abs_feat_delta= 0.284378
SECONDARY_EDGE_TTA_ACTIVE views= 8 weight= 0.75 mean_abs_feat_delta= 0.21734
EDGE_TTA_ACTIVE views= 8 mean_abs_feat_delta= 0.340682
SECONDARY_EDGE_TTA_ACTIVE views= 8 weight= 0.75 mean_abs_feat_delta= 0.21734
EDGE_TTA_ACTIVE views= 8 mean_abs_feat_delta= 0.340682
SECONDARY_EDGE_TTA_ACTIVE views= 8 weight= 0.75 mean_abs_feat_delta= 0.258469
EDGE_TTA_ACTIVE views= 8 mean_abs_feat_delta= 0.287813
SECONDARY_EDGE_TTA_ACTIVE views= 8 weight= 0.75 mean_abs_feat_delta= 0.258469
EDGE_TTA_ACTIVE views= 8 mean_abs_feat_delta= 0.287813
SECONDARY_EDGE_TTA_ACTIVE views= 8 weight= 0.75 mean_abs_feat_delta= 0.213892
EDGE_TTA_ACTIVE views= 8 mean_abs_feat_delta= 0.338135
SECONDARY_EDGE_TTA_ACTIVE views= 8 weight= 0.75 mean_abs_feat_delta= 0.213892
EDGE_TTA_ACTIVE views= 8 mean_abs_feat_delta= 0.338135
EDGE_TTA_ACTIVE views= 8 mean_abs_feat_delta= 0.287261
SECONDARY_EDGE_TTA_ACTIVE views= 8 weight= 0.75 mean_abs_feat_delta= 0.261611
EDGE_TTA_ACTIVE views= 8 mean_abs_feat_delta= 0.287261
SECONDARY_EDGE_TTA_ACTIVE views= 8 weight= 0.75 mean_abs_feat_delta= 0.261611
SECONDARY_EDGE_TTA_ACTIVE views= 8 weight= 0.75 mean_abs_feat_delta= 0.21242
SECONDARY_EDGE_TTA_ACTIVE views= 8 weight= 0.75 mean_abs_feat_delta= 0.21242
EDGE_TTA_ACTIVE views= 8 mean_abs_feat_delta= 0.333565
EDGE_TTA_ACTIVE views= 8 mean_abs_feat_delta= 0.333565
EDGE_TTA_ACTIVE views= 8 mean_abs_feat_delta= 0.28741
EDGE_TTA_ACTIVE views= 8 mean_abs_feat_delta= 0.28741
SECONDARY_EDGE_TTA_ACTIVE views= 8 weight= 0.75 mean_abs_feat_delta= 0.260486
SECONDARY_EDGE_TTA_ACTIVE views= 8 weight= 0.75 mean_abs_feat_delta= 0.260486
SECONDARY_EDGE_TTA_ACTIVE views= 8 weight= 0.75 mean_abs_feat_delta= 0.213947
SECONDARY_EDGE_TTA_ACTIVE views= 8 weight= 0.75 mean_abs_feat_delta= 0.213947
EDGE_TTA_ACTIVE views= 8 mean_abs_feat_delta= 0.337448
EDGE_TTA_ACTIVE views= 8 mean_abs_feat_delta= 0.337448
EDGE_TTA_ACTIVE views= 8 mean_abs_feat_delta= 0.291909
EDGE_TTA_ACTIVE views= 8 mean_abs_feat_delta= 0.291909
SECONDARY_EDGE_TTA_ACTIVE views= 8 weight= 0.75 mean_abs_feat_delta= 0.260845
SECONDARY_EDGE_TTA_ACTIVE views= 8 weight= 0.75 mean_abs_feat_delta= 0.260845
SECONDARY_EDGE_TTA_ACTIVE views= 8 weight= 0.75 mean_abs_feat_delta= 0.227253
SECONDARY_EDGE_TTA_ACTIVE views= 8 weight= 0.75 mean_abs_feat_delta= 0.227253
EDGE_TTA_ACTIVE views= 8 mean_abs_feat_delta= 0.337377
EDGE_TTA_ACTIVE views= 8 mean_abs_feat_delta= 0.337377
EDGE_TTA_ACTIVE views= 8 mean_abs_feat_delta= 0.291947
EDGE_TTA_ACTIVE views= 8 mean_abs_feat_delta= 0.291947
SECONDARY_EDGE_TTA_ACTIVE views= 8 weight= 0.75 mean_abs_feat_delta= 0.265026
SECONDARY_EDGE_TTA_ACTIVE views= 8 weight= 0.75 mean_abs_feat_delta= 0.265026
SECONDARY_EDGE_TTA_ACTIVE views= 8 weight= 0.75 mean_abs_feat_delta= 0.212589
SECONDARY_EDGE_TTA_ACTIVE views= 8 weight= 0.75 mean_abs_feat_delta= 0.212589
EDGE_TTA_ACTIVE views= 8 mean_abs_feat_delta= 0.334616
EDGE_TTA_ACTIVE views= 8 mean_abs_feat_delta= 0.334616
EDGE_TTA_ACTIVE views= 8 mean_abs_feat_delta= 0.291055
EDGE_TTA_ACTIVE views= 8 mean_abs_feat_delta= 0.291055
SECONDARY_EDGE_TTA_ACTIVE views= 8 weight= 0.75 mean_abs_feat_delta= 0.261566
SECONDARY_EDGE_TTA_ACTIVE views= 8 weight= 0.75 mean_abs_feat_delta= 0.261566
SECONDARY_EDGE_TTA_ACTIVE views= 8 weight= 0.75 mean_abs_feat_delta= 0.218146
SECONDARY_EDGE_TTA_ACTIVE views= 8 weight= 0.75 mean_abs_feat_delta= 0.218146
EDGE_TTA_ACTIVE views= 8 mean_abs_feat_delta= 0.333661
EDGE_TTA_ACTIVE views= 8 mean_abs_feat_delta= 0.333661
EDGE_TTA_ACTIVE views= 8 mean_abs_feat_delta= 0.28982
EDGE_TTA_ACTIVE views= 8 mean_abs_feat_delta= 0.28982
SECONDARY_EDGE_TTA_ACTIVE views= 8 weight= 0.75 mean_abs_feat_delta= 0.260007
SECONDARY_EDGE_TTA_ACTIVE views= 8 weight= 0.75 mean_abs_feat_delta= 0.260007
SECONDARY_EDGE_TTA_ACTIVE views= 8 weight= 0.75 mean_abs_feat_delta= 0.214342
SECONDARY_EDGE_TTA_ACTIVE views= 8 weight= 0.75 mean_abs_feat_delta= 0.214342
EDGE_TTA_ACTIVE views= 8 mean_abs_feat_delta= 0.339485
EDGE_TTA_ACTIVE views= 8 mean_abs_feat_delta= 0.288198
EDGE_TTA_ACTIVE views= 8 mean_abs_feat_delta= 0.339485
EDGE_TTA_ACTIVE views= 8 mean_abs_feat_delta= 0.288198
SECONDARY_EDGE_TTA_ACTIVE views= 8 weight= 0.75 mean_abs_feat_delta= 0.259371
SECONDARY_EDGE_TTA_ACTIVE views= 8 weight= 0.75 mean_abs_feat_delta= 0.215677
SECONDARY_EDGE_TTA_ACTIVE views= 8 weight= 0.75 mean_abs_feat_delta= 0.259371
SECONDARY_EDGE_TTA_ACTIVE views= 8 weight= 0.75 mean_abs_feat_delta= 0.215677
EDGE_TTA_ACTIVE views= 8 mean_abs_feat_delta= 0.280635
EDGE_TTA_ACTIVE views= 8 mean_abs_feat_delta= 0.337706
EDGE_TTA_ACTIVE views= 8 mean_abs_feat_delta= 0.280635
EDGE_TTA_ACTIVE views= 8 mean_abs_feat_delta= 0.337706
SECONDARY_EDGE_TTA_ACTIVE views= 8 weight= 0.75 mean_abs_feat_delta= 0.231796
SECONDARY_EDGE_TTA_ACTIVE views= 8 weight= 0.75 mean_abs_feat_delta= 0.258997
SECONDARY_EDGE_TTA_ACTIVE views= 8 weight= 0.75 mean_abs_feat_delta= 0.231796
SECONDARY_EDGE_TTA_ACTIVE views= 8 weight= 0.75 mean_abs_feat_delta= 0.258997
EDGE_TTA_ACTIVE views= 8 mean_abs_feat_delta= 0.283807
EDGE_TTA_ACTIVE views= 8 mean_abs_feat_delta= 0.337246
EDGE_TTA_ACTIVE views= 8 mean_abs_feat_delta= 0.283807
EDGE_TTA_ACTIVE views= 8 mean_abs_feat_delta= 0.337246
SECONDARY_EDGE_TTA_ACTIVE views= 8 weight= 0.75 mean_abs_feat_delta= 0.220564
SECONDARY_EDGE_TTA_ACTIVE views= 8 weight= 0.75 mean_abs_feat_delta= 0.258125
SECONDARY_EDGE_TTA_ACTIVE views= 8 weight= 0.75 mean_abs_feat_delta= 0.220564
SECONDARY_EDGE_TTA_ACTIVE views= 8 weight= 0.75 mean_abs_feat_delta= 0.258125
EDGE_TTA_ACTIVE views= 8 mean_abs_feat_delta= 0.288234
EDGE_TTA_ACTIVE views= 8 mean_abs_feat_delta= 0.288234
EDGE_TTA_ACTIVE views= 8 mean_abs_feat_delta= 0.339272
EDGE_TTA_ACTIVE views= 8 mean_abs_feat_delta= 0.339272
SECONDARY_EDGE_TTA_ACTIVE views= 8 weight= 0.75 mean_abs_feat_delta= 0.221951
SECONDARY_EDGE_TTA_ACTIVE views= 8 weight= 0.75 mean_abs_feat_delta= 0.221951
SECONDARY_EDGE_TTA_ACTIVE views= 8 weight= 0.75 mean_abs_feat_delta= 0.26158
SECONDARY_EDGE_TTA_ACTIVE views= 8 weight= 0.75 mean_abs_feat_delta= 0.26158
EDGE_TTA_ACTIVE views= 8 mean_abs_feat_delta= 0.286344
EDGE_TTA_ACTIVE views= 8 mean_abs_feat_delta= 0.286344
EDGE_TTA_ACTIVE views= 8 mean_abs_feat_delta= 0.342159
EDGE_TTA_ACTIVE views= 8 mean_abs_feat_delta= 0.342159
SECONDARY_EDGE_TTA_ACTIVE views= 8 weight= 0.75 mean_abs_feat_delta= 0.217021
SECONDARY_EDGE_TTA_ACTIVE views= 8 weight= 0.75 mean_abs_feat_delta= 0.217021
SECONDARY_EDGE_TTA_ACTIVE views= 8 weight= 0.75 mean_abs_feat_delta= 0.265431
SECONDARY_EDGE_TTA_ACTIVE views= 8 weight= 0.75 mean_abs_feat_delta= 0.265431
EDGE_TTA_ACTIVE views= 8 mean_abs_feat_delta= 0.281856
EDGE_TTA_ACTIVE views= 8 mean_abs_feat_delta= 0.281856
EDGE_TTA_ACTIVE views= 8 mean_abs_feat_delta= 0.343625
EDGE_TTA_ACTIVE views= 8 mean_abs_feat_delta= 0.343625
SECONDARY_EDGE_TTA_ACTIVE views= 8 weight= 0.75 mean_abs_feat_delta= 0.219424
SECONDARY_EDGE_TTA_ACTIVE views= 8 weight= 0.75 mean_abs_feat_delta= 0.219424
SECONDARY_EDGE_TTA_ACTIVE views= 8 weight= 0.75 mean_abs_feat_delta= 0.267836
SECONDARY_EDGE_TTA_ACTIVE views= 8 weight= 0.75 mean_abs_feat_delta= 0.267836
EDGE_TTA_ACTIVE views= 8 mean_abs_feat_delta= 0.277556
EDGE_TTA_ACTIVE views= 8 mean_abs_feat_delta= 0.277556
EDGE_TTA_ACTIVE views= 8 mean_abs_feat_delta= 0.343102
EDGE_TTA_ACTIVE views= 8 mean_abs_feat_delta= 0.343102
SECONDARY_EDGE_TTA_ACTIVE views= 8 weight= 0.75 mean_abs_feat_delta= 0.225892
SECONDARY_EDGE_TTA_ACTIVE views= 8 weight= 0.75 mean_abs_feat_delta= 0.225892
SECONDARY_EDGE_TTA_ACTIVE views= 8 weight= 0.75 mean_abs_feat_delta= 0.265852
SECONDARY_EDGE_TTA_ACTIVE views= 8 weight= 0.75 mean_abs_feat_delta= 0.265852
EDGE_TTA_ACTIVE views= 8 mean_abs_feat_delta= 0.277451
EDGE_TTA_ACTIVE views= 8 mean_abs_feat_delta= 0.277451
EDGE_TTA_ACTIVE views= 8 mean_abs_feat_delta= 0.338878
SECONDARY_EDGE_TTA_ACTIVE views= 8 weight= 0.75 mean_abs_feat_delta= 0.227464
EDGE_TTA_ACTIVE views= 8 mean_abs_feat_delta= 0.338878
SECONDARY_EDGE_TTA_ACTIVE views= 8 weight= 0.75 mean_abs_feat_delta= 0.227464
SECONDARY_EDGE_TTA_ACTIVE views= 8 weight= 0.75 mean_abs_feat_delta= 0.26636
SECONDARY_EDGE_TTA_ACTIVE views= 8 weight= 0.75 mean_abs_feat_delta= 0.26636
EDGE_TTA_ACTIVE views= 8 mean_abs_feat_delta= 0.278448
EDGE_TTA_ACTIVE views= 8 mean_abs_feat_delta= 0.278448
SECONDARY_EDGE_TTA_ACTIVE views= 8 weight= 0.75 mean_abs_feat_delta= 0.224003
EDGE_TTA_ACTIVE views= 8 mean_abs_feat_delta= 0.344788
SECONDARY_EDGE_TTA_ACTIVE views= 8 weight= 0.75 mean_abs_feat_delta= 0.224003
EDGE_TTA_ACTIVE views= 8 mean_abs_feat_delta= 0.344788
SECONDARY_EDGE_TTA_ACTIVE views= 8 weight= 0.75 mean_abs_feat_delta= 0.262382
EDGE_TTA_ACTIVE views= 8 mean_abs_feat_delta= 0.279406
SECONDARY_EDGE_TTA_ACTIVE views= 8 weight= 0.75 mean_abs_feat_delta= 0.262382
EDGE_TTA_ACTIVE views= 8 mean_abs_feat_delta= 0.279406
SECONDARY_EDGE_TTA_ACTIVE views= 8 weight= 0.75 mean_abs_feat_delta= 0.22521
EDGE_TTA_ACTIVE views= 8 mean_abs_feat_delta= 0.33784
SECONDARY_EDGE_TTA_ACTIVE views= 8 weight= 0.75 mean_abs_feat_delta= 0.22521
EDGE_TTA_ACTIVE views= 8 mean_abs_feat_delta= 0.33784
EDGE_TTA_ACTIVE views= 8 mean_abs_feat_delta= 0.28314
SECONDARY_EDGE_TTA_ACTIVE views= 8 weight= 0.75 mean_abs_feat_delta= 0.260303
EDGE_TTA_ACTIVE views= 8 mean_abs_feat_delta= 0.28314
SECONDARY_EDGE_TTA_ACTIVE views= 8 weight= 0.75 mean_abs_feat_delta= 0.260303
SECONDARY_EDGE_TTA_ACTIVE views= 8 weight= 0.75 mean_abs_feat_delta= 0.223172
SECONDARY_EDGE_TTA_ACTIVE views= 8 weight= 0.75 mean_abs_feat_delta= 0.223172
EDGE_TTA_ACTIVE views= 8 mean_abs_feat_delta= 0.339211
EDGE_TTA_ACTIVE views= 8 mean_abs_feat_delta= 0.339211
EDGE_TTA_ACTIVE views= 8 mean_abs_feat_delta= 0.290562
SECONDARY_EDGE_TTA_ACTIVE views= 8 weight= 0.75 mean_abs_feat_delta= 0.25763
EDGE_TTA_ACTIVE views= 8 mean_abs_feat_delta= 0.290562
SECONDARY_EDGE_TTA_ACTIVE views= 8 weight= 0.75 mean_abs_feat_delta= 0.25763
SECONDARY_EDGE_TTA_ACTIVE views= 8 weight= 0.75 mean_abs_feat_delta= 0.22398
SECONDARY_EDGE_TTA_ACTIVE views= 8 weight= 0.75 mean_abs_feat_delta= 0.22398
EDGE_TTA_ACTIVE views= 8 mean_abs_feat_delta= 0.339533
EDGE_TTA_ACTIVE views= 8 mean_abs_feat_delta= 0.339533
EDGE_TTA_ACTIVE views= 8 mean_abs_feat_delta= 0.288456
SECONDARY_EDGE_TTA_ACTIVE views= 8 weight= 0.75 mean_abs_feat_delta= 0.255911
EDGE_TTA_ACTIVE views= 8 mean_abs_feat_delta= 0.288456
SECONDARY_EDGE_TTA_ACTIVE views= 8 weight= 0.75 mean_abs_feat_delta= 0.255911
SECONDARY_EDGE_TTA_ACTIVE views= 8 weight= 0.75 mean_abs_feat_delta= 0.222267
SECONDARY_EDGE_TTA_ACTIVE views= 8 weight= 0.75 mean_abs_feat_delta= 0.222267
EDGE_TTA_ACTIVE views= 8 mean_abs_feat_delta= 0.333552
EDGE_TTA_ACTIVE views= 8 mean_abs_feat_delta= 0.333552
EDGE_TTA_ACTIVE views= 8 mean_abs_feat_delta= 0.286395
EDGE_TTA_ACTIVE views= 8 mean_abs_feat_delta= 0.286395
SECONDARY_EDGE_TTA_ACTIVE views= 8 weight= 0.75 mean_abs_feat_delta= 0.253381
SECONDARY_EDGE_TTA_ACTIVE views= 8 weight= 0.75 mean_abs_feat_delta= 0.253381
SECONDARY_EDGE_TTA_ACTIVE views= 8 weight= 0.75 mean_abs_feat_delta= 0.216743
SECONDARY_EDGE_TTA_ACTIVE views= 8 weight= 0.75 mean_abs_feat_delta= 0.216743
EDGE_TTA_ACTIVE views= 8 mean_abs_feat_delta= 0.342836
EDGE_TTA_ACTIVE views= 8 mean_abs_feat_delta= 0.342836
EDGE_TTA_ACTIVE views= 8 mean_abs_feat_delta= 0.294338
EDGE_TTA_ACTIVE views= 8 mean_abs_feat_delta= 0.294338
SECONDARY_EDGE_TTA_ACTIVE views= 8 weight= 0.75 mean_abs_feat_delta= 0.254871
SECONDARY_EDGE_TTA_ACTIVE views= 8 weight= 0.75 mean_abs_feat_delta= 0.254871
SECONDARY_EDGE_TTA_ACTIVE views= 8 weight= 0.75 mean_abs_feat_delta= 0.215333
SECONDARY_EDGE_TTA_ACTIVE views= 8 weight= 0.75 mean_abs_feat_delta= 0.215333
EDGE_TTA_ACTIVE views= 8 mean_abs_feat_delta= 0.340752
EDGE_TTA_ACTIVE views= 8 mean_abs_feat_delta= 0.340752
EDGE_TTA_ACTIVE views= 8 mean_abs_feat_delta= 0.290596
EDGE_TTA_ACTIVE views= 8 mean_abs_feat_delta= 0.290596
SECONDARY_EDGE_TTA_ACTIVE views= 8 weight= 0.75 mean_abs_feat_delta= 0.258877
SECONDARY_EDGE_TTA_ACTIVE views= 8 weight= 0.75 mean_abs_feat_delta= 0.258877
SECONDARY_EDGE_TTA_ACTIVE views= 8 weight= 0.75 mean_abs_feat_delta= 0.212684
SECONDARY_EDGE_TTA_ACTIVE views= 8 weight= 0.75 mean_abs_feat_delta= 0.212684
EDGE_TTA_ACTIVE views= 8 mean_abs_feat_delta= 0.33721
EDGE_TTA_ACTIVE views= 8 mean_abs_feat_delta= 0.33721
EDGE_TTA_ACTIVE views= 8 mean_abs_feat_delta= 0.288951
EDGE_TTA_ACTIVE views= 8 mean_abs_feat_delta= 0.288951
SECONDARY_EDGE_TTA_ACTIVE views= 8 weight= 0.75 mean_abs_feat_delta= 0.25536
SECONDARY_EDGE_TTA_ACTIVE views= 8 weight= 0.75 mean_abs_feat_delta= 0.25536
SECONDARY_EDGE_TTA_ACTIVE views= 8 weight= 0.75 mean_abs_feat_delta= 0.219589
SECONDARY_EDGE_TTA_ACTIVE views= 8 weight= 0.75 mean_abs_feat_delta= 0.219589
EDGE_TTA_ACTIVE views= 8 mean_abs_feat_delta= 0.331794
EDGE_TTA_ACTIVE views= 8 mean_abs_feat_delta= 0.331794
EDGE_TTA_ACTIVE views= 8 mean_abs_feat_delta= 0.287622
EDGE_TTA_ACTIVE views= 8 mean_abs_feat_delta= 0.287622
SECONDARY_EDGE_TTA_ACTIVE views= 8 weight= 0.75 mean_abs_feat_delta= 0.254742
SECONDARY_EDGE_TTA_ACTIVE views= 8 weight= 0.75 mean_abs_feat_delta= 0.254742
SECONDARY_EDGE_TTA_ACTIVE views= 8 weight= 0.75 mean_abs_feat_delta= 0.221772
SECONDARY_EDGE_TTA_ACTIVE views= 8 weight= 0.75 mean_abs_feat_delta= 0.221772
EDGE_TTA_ACTIVE views= 8 mean_abs_feat_delta= 0.328009
EDGE_TTA_ACTIVE views= 8 mean_abs_feat_delta= 0.328009
EDGE_TTA_ACTIVE views= 8 mean_abs_feat_delta= 0.288395
EDGE_TTA_ACTIVE views= 8 mean_abs_feat_delta= 0.288395
SECONDARY_EDGE_TTA_ACTIVE views= 8 weight= 0.75 mean_abs_feat_delta= 0.254648
SECONDARY_EDGE_TTA_ACTIVE views= 8 weight= 0.75 mean_abs_feat_delta= 0.254648
SECONDARY_EDGE_TTA_ACTIVE views= 8 weight= 0.75 mean_abs_feat_delta= 0.228785
SECONDARY_EDGE_TTA_ACTIVE views= 8 weight= 0.75 mean_abs_feat_delta= 0.228785
EDGE_TTA_ACTIVE views= 8 mean_abs_feat_delta= 0.334781
EDGE_TTA_ACTIVE views= 8 mean_abs_feat_delta= 0.334781
EDGE_TTA_ACTIVE views= 8 mean_abs_feat_delta= 0.286202
EDGE_TTA_ACTIVE views= 8 mean_abs_feat_delta= 0.286202
SECONDARY_EDGE_TTA_ACTIVE views= 8 weight= 0.75 mean_abs_feat_delta= 0.254139
SECONDARY_EDGE_TTA_ACTIVE views= 8 weight= 0.75 mean_abs_feat_delta= 0.254139
SECONDARY_EDGE_TTA_ACTIVE views= 8 weight= 0.75 mean_abs_feat_delta= 0.227519
SECONDARY_EDGE_TTA_ACTIVE views= 8 weight= 0.75 mean_abs_feat_delta= 0.227519
EDGE_TTA_ACTIVE views= 8 mean_abs_feat_delta= 0.331889
EDGE_TTA_ACTIVE views= 8 mean_abs_feat_delta= 0.331889
EDGE_TTA_ACTIVE views= 8 mean_abs_feat_delta= 0.287794
EDGE_TTA_ACTIVE views= 8 mean_abs_feat_delta= 0.287794
SECONDARY_EDGE_TTA_ACTIVE views= 8 weight= 0.75 mean_abs_feat_delta= 0.253521
SECONDARY_EDGE_TTA_ACTIVE views= 8 weight= 0.75 mean_abs_feat_delta= 0.253521
SECONDARY_EDGE_TTA_ACTIVE views= 8 weight= 0.75 mean_abs_feat_delta= 0.226443
SECONDARY_EDGE_TTA_ACTIVE views= 8 weight= 0.75 mean_abs_feat_delta= 0.226443
EDGE_TTA_ACTIVE views= 8 mean_abs_feat_delta= 0.324439
EDGE_TTA_ACTIVE views= 8 mean_abs_feat_delta= 0.288107
EDGE_TTA_ACTIVE views= 8 mean_abs_feat_delta= 0.324439
EDGE_TTA_ACTIVE views= 8 mean_abs_feat_delta= 0.288107
SECONDARY_EDGE_TTA_ACTIVE views= 8 weight= 0.75 mean_abs_feat_delta= 0.251163
SECONDARY_EDGE_TTA_ACTIVE views= 8 weight= 0.75 mean_abs_feat_delta= 0.223466
SECONDARY_EDGE_TTA_ACTIVE views= 8 weight= 0.75 mean_abs_feat_delta= 0.251163
SECONDARY_EDGE_TTA_ACTIVE views= 8 weight= 0.75 mean_abs_feat_delta= 0.223466
EDGE_TTA_ACTIVE views= 8 mean_abs_feat_delta= 0.320074
EDGE_TTA_ACTIVE views= 8 mean_abs_feat_delta= 0.292464
EDGE_TTA_ACTIVE views= 8 mean_abs_feat_delta= 0.320074
EDGE_TTA_ACTIVE views= 8 mean_abs_feat_delta= 0.292464
SECONDARY_EDGE_TTA_ACTIVE views= 8 weight= 0.75 mean_abs_feat_delta= 0.252768
SECONDARY_EDGE_TTA_ACTIVE views= 8 weight= 0.75 mean_abs_feat_delta= 0.228632
SECONDARY_EDGE_TTA_ACTIVE views= 8 weight= 0.75 mean_abs_feat_delta= 0.252768
SECONDARY_EDGE_TTA_ACTIVE views= 8 weight= 0.75 mean_abs_feat_delta= 0.228632
EDGE_TTA_ACTIVE views= 8 mean_abs_feat_delta= 0.292965
EDGE_TTA_ACTIVE views= 8 mean_abs_feat_delta= 0.322734
EDGE_TTA_ACTIVE views= 8 mean_abs_feat_delta= 0.292965
EDGE_TTA_ACTIVE views= 8 mean_abs_feat_delta= 0.322734
SECONDARY_EDGE_TTA_ACTIVE views= 8 weight= 0.75 mean_abs_feat_delta= 0.234289
SECONDARY_EDGE_TTA_ACTIVE views= 8 weight= 0.75 mean_abs_feat_delta= 0.25256
SECONDARY_EDGE_TTA_ACTIVE views= 8 weight= 0.75 mean_abs_feat_delta= 0.234289
SECONDARY_EDGE_TTA_ACTIVE views= 8 weight= 0.75 mean_abs_feat_delta= 0.25256
EDGE_TTA_ACTIVE views= 8 mean_abs_feat_delta= 0.287195
EDGE_TTA_ACTIVE views= 8 mean_abs_feat_delta= 0.326182
EDGE_TTA_ACTIVE views= 8 mean_abs_feat_delta= 0.287195
EDGE_TTA_ACTIVE views= 8 mean_abs_feat_delta= 0.326182
SECONDARY_EDGE_TTA_ACTIVE views= 8 weight= 0.75 mean_abs_feat_delta= 0.231866
SECONDARY_EDGE_TTA_ACTIVE views= 8 weight= 0.75 mean_abs_feat_delta= 0.257037
SECONDARY_EDGE_TTA_ACTIVE views= 8 weight= 0.75 mean_abs_feat_delta= 0.231866
SECONDARY_EDGE_TTA_ACTIVE views= 8 weight= 0.75 mean_abs_feat_delta= 0.257037
EDGE_TTA_ACTIVE views= 8 mean_abs_feat_delta= 0.283498
EDGE_TTA_ACTIVE views= 8 mean_abs_feat_delta= 0.327903
EDGE_TTA_ACTIVE views= 8 mean_abs_feat_delta= 0.283498
EDGE_TTA_ACTIVE views= 8 mean_abs_feat_delta= 0.327903
SECONDARY_EDGE_TTA_ACTIVE views= 8 weight= 0.75 mean_abs_feat_delta= 0.248174
SECONDARY_EDGE_TTA_ACTIVE views= 8 weight= 0.75 mean_abs_feat_delta= 0.259034
SECONDARY_EDGE_TTA_ACTIVE views= 8 weight= 0.75 mean_abs_feat_delta= 0.248174
SECONDARY_EDGE_TTA_ACTIVE views= 8 weight= 0.75 mean_abs_feat_delta= 0.259034
EDGE_TTA_ACTIVE views= 8 mean_abs_feat_delta= 0.283498
EDGE_TTA_ACTIVE views= 8 mean_abs_feat_delta= 0.283498
EDGE_TTA_ACTIVE views= 8 mean_abs_feat_delta= 0.336297
EDGE_TTA_ACTIVE views= 8 mean_abs_feat_delta= 0.336297
SECONDARY_EDGE_TTA_ACTIVE views= 8 weight= 0.75 mean_abs_feat_delta= 0.248174
SECONDARY_EDGE_TTA_ACTIVE views= 8 weight= 0.75 mean_abs_feat_delta= 0.248174
SECONDARY_EDGE_TTA_ACTIVE views= 8 weight= 0.75 mean_abs_feat_delta= 0.262107
SECONDARY_EDGE_TTA_ACTIVE views= 8 weight= 0.75 mean_abs_feat_delta= 0.262107
EDGE_TTA_ACTIVE views= 8 mean_abs_feat_delta= 0.283498
EDGE_TTA_ACTIVE views= 8 mean_abs_feat_delta= 0.283498
EDGE_TTA_ACTIVE views= 8 mean_abs_feat_delta= 0.339382
EDGE_TTA_ACTIVE views= 8 mean_abs_feat_delta= 0.339382
SECONDARY_EDGE_TTA_ACTIVE views= 8 weight= 0.75 mean_abs_feat_delta= 0.248174
SECONDARY_EDGE_TTA_ACTIVE views= 8 weight= 0.75 mean_abs_feat_delta= 0.248174
SECONDARY_EDGE_TTA_ACTIVE views= 8 weight= 0.75 mean_abs_feat_delta= 0.258084
SECONDARY_EDGE_TTA_ACTIVE views= 8 weight= 0.75 mean_abs_feat_delta= 0.258084
EDGE_TTA_ACTIVE views= 8 mean_abs_feat_delta= 0.315338
EDGE_TTA_ACTIVE views= 8 mean_abs_feat_delta= 0.315338
EDGE_TTA_ACTIVE views= 8 mean_abs_feat_delta= 0.333216
EDGE_TTA_ACTIVE views= 8 mean_abs_feat_delta= 0.333216
SECONDARY_EDGE_TTA_ACTIVE views= 8 weight= 0.75 mean_abs_feat_delta= 0.220212
SECONDARY_EDGE_TTA_ACTIVE views= 8 weight= 0.75 mean_abs_feat_delta= 0.220212
SECONDARY_EDGE_TTA_ACTIVE views= 8 weight= 0.75 mean_abs_feat_delta= 0.256287
SECONDARY_EDGE_TTA_ACTIVE views= 8 weight= 0.75 mean_abs_feat_delta= 0.256287
EDGE_TTA_ACTIVE views= 8 mean_abs_feat_delta= 0.316057
EDGE_TTA_ACTIVE views= 8 mean_abs_feat_delta= 0.316057
EDGE_TTA_ACTIVE views= 8 mean_abs_feat_delta= 0.335556
EDGE_TTA_ACTIVE views= 8 mean_abs_feat_delta= 0.335556
SECONDARY_EDGE_TTA_ACTIVE views= 8 weight= 0.75 mean_abs_feat_delta= 0.218752
SECONDARY_EDGE_TTA_ACTIVE views= 8 weight= 0.75 mean_abs_feat_delta= 0.218752
SECONDARY_EDGE_TTA_ACTIVE views= 8 weight= 0.75 mean_abs_feat_delta= 0.254402
SECONDARY_EDGE_TTA_ACTIVE views= 8 weight= 0.75 mean_abs_feat_delta= 0.254402
EDGE_TTA_ACTIVE views= 8 mean_abs_feat_delta= 0.289165
EDGE_TTA_ACTIVE views= 8 mean_abs_feat_delta= 0.289165
EDGE_TTA_ACTIVE views= 8 mean_abs_feat_delta= 0.337468
EDGE_TTA_ACTIVE views= 8 mean_abs_feat_delta= 0.337468
SECONDARY_EDGE_TTA_ACTIVE views= 8 weight= 0.75 mean_abs_feat_delta= 0.231963
SECONDARY_EDGE_TTA_ACTIVE views= 8 weight= 0.75 mean_abs_feat_delta= 0.231963
SECONDARY_EDGE_TTA_ACTIVE views= 8 weight= 0.75 mean_abs_feat_delta= 0.255109
SECONDARY_EDGE_TTA_ACTIVE views= 8 weight= 0.75 mean_abs_feat_delta= 0.255109
EDGE_TTA_ACTIVE views= 8 mean_abs_feat_delta= 0.28309
EDGE_TTA_ACTIVE views= 8 mean_abs_feat_delta= 0.28309
EDGE_TTA_ACTIVE views= 8 mean_abs_feat_delta= 0.334122
EDGE_TTA_ACTIVE views= 8 mean_abs_feat_delta= 0.334122
SECONDARY_EDGE_TTA_ACTIVE views= 8 weight= 0.75 mean_abs_feat_delta= 0.243456
SECONDARY_EDGE_TTA_ACTIVE views= 8 weight= 0.75 mean_abs_feat_delta= 0.243456
SECONDARY_EDGE_TTA_ACTIVE views= 8 weight= 0.75 mean_abs_feat_delta= 0.25132
SECONDARY_EDGE_TTA_ACTIVE views= 8 weight= 0.75 mean_abs_feat_delta= 0.25132
EDGE_TTA_ACTIVE views= 8 mean_abs_feat_delta= 0.28861
EDGE_TTA_ACTIVE views= 8 mean_abs_feat_delta= 0.28861
EDGE_TTA_ACTIVE views= 8 mean_abs_feat_delta= 0.328651
EDGE_TTA_ACTIVE views= 8 mean_abs_feat_delta= 0.328651
SECONDARY_EDGE_TTA_ACTIVE views= 8 weight= 0.75 mean_abs_feat_delta= 0.227548
SECONDARY_EDGE_TTA_ACTIVE views= 8 weight= 0.75 mean_abs_feat_delta= 0.227548
SECONDARY_EDGE_TTA_ACTIVE views= 8 weight= 0.75 mean_abs_feat_delta= 0.250811
SECONDARY_EDGE_TTA_ACTIVE views= 8 weight= 0.75 mean_abs_feat_delta= 0.250811
EDGE_TTA_ACTIVE views= 8 mean_abs_feat_delta= 0.287751
EDGE_TTA_ACTIVE views= 8 mean_abs_feat_delta= 0.287751
EDGE_TTA_ACTIVE views= 8 mean_abs_feat_delta= 0.336868
EDGE_TTA_ACTIVE views= 8 mean_abs_feat_delta= 0.336868
SECONDARY_EDGE_TTA_ACTIVE views= 8 weight= 0.75 mean_abs_feat_delta= 0.231141
SECONDARY_EDGE_TTA_ACTIVE views= 8 weight= 0.75 mean_abs_feat_delta= 0.231141
SECONDARY_EDGE_TTA_ACTIVE views= 8 weight= 0.75 mean_abs_feat_delta= 0.252583
SECONDARY_EDGE_TTA_ACTIVE views= 8 weight= 0.75 mean_abs_feat_delta= 0.252583
EDGE_TTA_ACTIVE views= 8 mean_abs_feat_delta= 0.285257
EDGE_TTA_ACTIVE views= 8 mean_abs_feat_delta= 0.285257
EDGE_TTA_ACTIVE views= 8 mean_abs_feat_delta= 0.335702
EDGE_TTA_ACTIVE views= 8 mean_abs_feat_delta= 0.335702
SECONDARY_EDGE_TTA_ACTIVE views= 8 weight= 0.75 mean_abs_feat_delta= 0.227609
SECONDARY_EDGE_TTA_ACTIVE views= 8 weight= 0.75 mean_abs_feat_delta= 0.227609
SECONDARY_EDGE_TTA_ACTIVE views= 8 weight= 0.75 mean_abs_feat_delta= 0.250294
SECONDARY_EDGE_TTA_ACTIVE views= 8 weight= 0.75 mean_abs_feat_delta= 0.250294
EDGE_TTA_ACTIVE views= 8 mean_abs_feat_delta= 0.288217
EDGE_TTA_ACTIVE views= 8 mean_abs_feat_delta= 0.288217
EDGE_TTA_ACTIVE views= 8 mean_abs_feat_delta= 0.334886
EDGE_TTA_ACTIVE views= 8 mean_abs_feat_delta= 0.334886
SECONDARY_EDGE_TTA_ACTIVE views= 8 weight= 0.75 mean_abs_feat_delta= 0.225185
SECONDARY_EDGE_TTA_ACTIVE views= 8 weight= 0.75 mean_abs_feat_delta= 0.225185
SECONDARY_EDGE_TTA_ACTIVE views= 8 weight= 0.75 mean_abs_feat_delta= 0.247088
SECONDARY_EDGE_TTA_ACTIVE views= 8 weight= 0.75 mean_abs_feat_delta= 0.247088
EDGE_TTA_ACTIVE views= 8 mean_abs_feat_delta= 0.293359
EDGE_TTA_ACTIVE views= 8 mean_abs_feat_delta= 0.293359
EDGE_TTA_ACTIVE views= 8 mean_abs_feat_delta= 0.337301
SECONDARY_EDGE_TTA_ACTIVE views= 8 weight= 0.75 mean_abs_feat_delta= 0.231144
EDGE_TTA_ACTIVE views= 8 mean_abs_feat_delta= 0.337301
SECONDARY_EDGE_TTA_ACTIVE views= 8 weight= 0.75 mean_abs_feat_delta= 0.231144
SECONDARY_EDGE_TTA_ACTIVE views= 8 weight= 0.75 mean_abs_feat_delta= 0.248444
SECONDARY_EDGE_TTA_ACTIVE views= 8 weight= 0.75 mean_abs_feat_delta= 0.248444
EDGE_TTA_ACTIVE views= 8 mean_abs_feat_delta= 0.288773
EDGE_TTA_ACTIVE views= 8 mean_abs_feat_delta= 0.288773
EDGE_TTA_ACTIVE views= 8 mean_abs_feat_delta= 0.342168
SECONDARY_EDGE_TTA_ACTIVE views= 8 weight= 0.75 mean_abs_feat_delta= 0.233017
EDGE_TTA_ACTIVE views= 8 mean_abs_feat_delta= 0.342168
SECONDARY_EDGE_TTA_ACTIVE views= 8 weight= 0.75 mean_abs_feat_delta= 0.233017
SECONDARY_EDGE_TTA_ACTIVE views= 8 weight= 0.75 mean_abs_feat_delta= 0.249705
SECONDARY_EDGE_TTA_ACTIVE views= 8 weight= 0.75 mean_abs_feat_delta= 0.249705
EDGE_TTA_ACTIVE views= 8 mean_abs_feat_delta= 0.2831
EDGE_TTA_ACTIVE views= 8 mean_abs_feat_delta= 0.2831
SECONDARY_EDGE_TTA_ACTIVE views= 8 weight= 0.75 mean_abs_feat_delta= 0.231237
EDGE_TTA_ACTIVE views= 8 mean_abs_feat_delta= 0.343137
SECONDARY_EDGE_TTA_ACTIVE views= 8 weight= 0.75 mean_abs_feat_delta= 0.231237
EDGE_TTA_ACTIVE views= 8 mean_abs_feat_delta= 0.343137
SECONDARY_EDGE_TTA_ACTIVE views= 8 weight= 0.75 mean_abs_feat_delta= 0.249871
EDGE_TTA_ACTIVE views= 8 mean_abs_feat_delta= 0.28566
SECONDARY_EDGE_TTA_ACTIVE views= 8 weight= 0.75 mean_abs_feat_delta= 0.249871
EDGE_TTA_ACTIVE views= 8 mean_abs_feat_delta= 0.28566
SECONDARY_EDGE_TTA_ACTIVE views= 8 weight= 0.75 mean_abs_feat_delta= 0.240429
EDGE_TTA_ACTIVE views= 8 mean_abs_feat_delta= 0.338761
SECONDARY_EDGE_TTA_ACTIVE views= 8 weight= 0.75 mean_abs_feat_delta= 0.240429
EDGE_TTA_ACTIVE views= 8 mean_abs_feat_delta= 0.338761
SECONDARY_EDGE_TTA_ACTIVE views= 8 weight= 0.75 mean_abs_feat_delta= 0.247264
EDGE_TTA_ACTIVE views= 8 mean_abs_feat_delta= 0.288947
SECONDARY_EDGE_TTA_ACTIVE views= 8 weight= 0.75 mean_abs_feat_delta= 0.247264
EDGE_TTA_ACTIVE views= 8 mean_abs_feat_delta= 0.288947
SECONDARY_EDGE_TTA_ACTIVE views= 8 weight= 0.75 mean_abs_feat_delta= 0.229597
EDGE_TTA_ACTIVE views= 8 mean_abs_feat_delta= 0.338145
SECONDARY_EDGE_TTA_ACTIVE views= 8 weight= 0.75 mean_abs_feat_delta= 0.229597
EDGE_TTA_ACTIVE views= 8 mean_abs_feat_delta= 0.338145
SECONDARY_EDGE_TTA_ACTIVE views= 8 weight= 0.75 mean_abs_feat_delta= 0.243393
EDGE_TTA_ACTIVE views= 8 mean_abs_feat_delta= 0.290047
SECONDARY_EDGE_TTA_ACTIVE views= 8 weight= 0.75 mean_abs_feat_delta= 0.243393
EDGE_TTA_ACTIVE views= 8 mean_abs_feat_delta= 0.290047
SECONDARY_EDGE_TTA_ACTIVE views= 8 weight= 0.75 mean_abs_feat_delta= 0.231285
EDGE_TTA_ACTIVE views= 8 mean_abs_feat_delta= 0.334551
SECONDARY_EDGE_TTA_ACTIVE views= 8 weight= 0.75 mean_abs_feat_delta= 0.231285
EDGE_TTA_ACTIVE views= 8 mean_abs_feat_delta= 0.334551
SECONDARY_EDGE_TTA_ACTIVE views= 8 weight= 0.75 mean_abs_feat_delta= 0.246103
EDGE_TTA_ACTIVE views= 8 mean_abs_feat_delta= 0.293125
SECONDARY_EDGE_TTA_ACTIVE views= 8 weight= 0.75 mean_abs_feat_delta= 0.246103
EDGE_TTA_ACTIVE views= 8 mean_abs_feat_delta= 0.293125
SECONDARY_EDGE_TTA_ACTIVE views= 8 weight= 0.75 mean_abs_feat_delta= 0.226972
EDGE_TTA_ACTIVE views= 8 mean_abs_feat_delta= 0.331854
SECONDARY_EDGE_TTA_ACTIVE views= 8 weight= 0.75 mean_abs_feat_delta= 0.226972
EDGE_TTA_ACTIVE views= 8 mean_abs_feat_delta= 0.331854
SECONDARY_EDGE_TTA_ACTIVE views= 8 weight= 0.75 mean_abs_feat_delta= 0.246736
EDGE_TTA_ACTIVE views= 8 mean_abs_feat_delta= 0.295461
SECONDARY_EDGE_TTA_ACTIVE views= 8 weight= 0.75 mean_abs_feat_delta= 0.246736
EDGE_TTA_ACTIVE views= 8 mean_abs_feat_delta= 0.295461
SECONDARY_EDGE_TTA_ACTIVE views= 8 weight= 0.75 mean_abs_feat_delta= 0.235491
SECONDARY_EDGE_TTA_ACTIVE views= 8 weight= 0.75 mean_abs_feat_delta= 0.235491
EDGE_TTA_ACTIVE views= 8 mean_abs_feat_delta= 0.294354
EDGE_TTA_ACTIVE views= 8 mean_abs_feat_delta= 0.294354
SECONDARY_EDGE_TTA_ACTIVE views= 8 weight= 0.75 mean_abs_feat_delta= 0.22461
SECONDARY_EDGE_TTA_ACTIVE views= 8 weight= 0.75 mean_abs_feat_delta= 0.22461
EDGE_TTA_ACTIVE views= 8 mean_abs_feat_delta= 0.290361
EDGE_TTA_ACTIVE views= 8 mean_abs_feat_delta= 0.290361
SECONDARY_EDGE_TTA_ACTIVE views= 8 weight= 0.75 mean_abs_feat_delta= 0.225307
SECONDARY_EDGE_TTA_ACTIVE views= 8 weight= 0.75 mean_abs_feat_delta= 0.225307
EDGE_TTA_ACTIVE views= 8 mean_abs_feat_delta= 0.290141
EDGE_TTA_ACTIVE views= 8 mean_abs_feat_delta= 0.290141
SECONDARY_EDGE_TTA_ACTIVE views= 8 weight= 0.75 mean_abs_feat_delta= 0.222402
SECONDARY_EDGE_TTA_ACTIVE views= 8 weight= 0.75 mean_abs_feat_delta= 0.222402
EDGE_TTA_ACTIVE views= 8 mean_abs_feat_delta= 0.292561
EDGE_TTA_ACTIVE views= 8 mean_abs_feat_delta= 0.292561
SECONDARY_EDGE_TTA_ACTIVE views= 8 weight= 0.75 mean_abs_feat_delta= 0.223337
SECONDARY_EDGE_TTA_ACTIVE views= 8 weight= 0.75 mean_abs_feat_delta= 0.223337
EDGE_TTA_ACTIVE views= 8 mean_abs_feat_delta= 0.288988
EDGE_TTA_ACTIVE views= 8 mean_abs_feat_delta= 0.288988
SECONDARY_EDGE_TTA_ACTIVE views= 8 weight= 0.75 mean_abs_feat_delta= 0.234632
SECONDARY_EDGE_TTA_ACTIVE views= 8 weight= 0.75 mean_abs_feat_delta= 0.234632
EDGE_TTA_ACTIVE views= 8 mean_abs_feat_delta= 0.294653
EDGE_TTA_ACTIVE views= 8 mean_abs_feat_delta= 0.294653
SECONDARY_EDGE_TTA_ACTIVE views= 8 weight= 0.75 mean_abs_feat_delta= 0.225509
SECONDARY_EDGE_TTA_ACTIVE views= 8 weight= 0.75 mean_abs_feat_delta= 0.225509
EDGE_TTA_ACTIVE views= 8 mean_abs_feat_delta= 0.296121
EDGE_TTA_ACTIVE views= 8 mean_abs_feat_delta= 0.296121
SECONDARY_EDGE_TTA_ACTIVE views= 8 weight= 0.75 mean_abs_feat_delta= 0.233373
SECONDARY_EDGE_TTA_ACTIVE views= 8 weight= 0.75 mean_abs_feat_delta= 0.233373
EDGE_TTA_ACTIVE views= 8 mean_abs_feat_delta= 0.296872
EDGE_TTA_ACTIVE views= 8 mean_abs_feat_delta= 0.296872
SECONDARY_EDGE_TTA_ACTIVE views= 8 weight= 0.75 mean_abs_feat_delta= 0.237159
SECONDARY_EDGE_TTA_ACTIVE views= 8 weight= 0.75 mean_abs_feat_delta= 0.237159
EDGE_TTA_ACTIVE views= 8 mean_abs_feat_delta= 0.294509
EDGE_TTA_ACTIVE views= 8 mean_abs_feat_delta= 0.294509
SECONDARY_EDGE_TTA_ACTIVE views= 8 weight= 0.75 mean_abs_feat_delta= 0.239483
SECONDARY_EDGE_TTA_ACTIVE views= 8 weight= 0.75 mean_abs_feat_delta= 0.239483
EDGE_TTA_ACTIVE views= 8 mean_abs_feat_delta= 0.288279
EDGE_TTA_ACTIVE views= 8 mean_abs_feat_delta= 0.288279
SECONDARY_EDGE_TTA_ACTIVE views= 8 weight= 0.75 mean_abs_feat_delta= 0.237082
SECONDARY_EDGE_TTA_ACTIVE views= 8 weight= 0.75 mean_abs_feat_delta= 0.237082
EDGE_TTA_ACTIVE views= 8 mean_abs_feat_delta= 0.289803
EDGE_TTA_ACTIVE views= 8 mean_abs_feat_delta= 0.289803
SECONDARY_EDGE_TTA_ACTIVE views= 8 weight= 0.75 mean_abs_feat_delta= 0.234585
SECONDARY_EDGE_TTA_ACTIVE views= 8 weight= 0.75 mean_abs_feat_delta= 0.234585
EDGE_TTA_ACTIVE views= 8 mean_abs_feat_delta= 0.292365
EDGE_TTA_ACTIVE views= 8 mean_abs_feat_delta= 0.292365
EDGE_TTA_ACTIVE views= 8 mean_abs_feat_delta= 0.293417
EDGE_TTA_ACTIVE views= 8 mean_abs_feat_delta= 0.293417
SECONDARY_EDGE_TTA_ACTIVE views= 8 weight= 0.75 mean_abs_feat_delta= 0.240166
SECONDARY_EDGE_TTA_ACTIVE views= 8 weight= 0.75 mean_abs_feat_delta= 0.204909
SECONDARY_EDGE_TTA_ACTIVE views= 8 weight= 0.75 mean_abs_feat_delta= 0.240166
SECONDARY_EDGE_TTA_ACTIVE views= 8 weight= 0.75 mean_abs_feat_delta= 0.204909
EDGE_TTA_ACTIVE views= 8 mean_abs_feat_delta= 0.29779
EDGE_TTA_ACTIVE views= 8 mean_abs_feat_delta= 0.292063
EDGE_TTA_ACTIVE views= 8 mean_abs_feat_delta= 0.29779
EDGE_TTA_ACTIVE views= 8 mean_abs_feat_delta= 0.292063
SECONDARY_EDGE_TTA_ACTIVE views= 8 weight= 0.75 mean_abs_feat_delta= 0.23071
SECONDARY_EDGE_TTA_ACTIVE views= 8 weight= 0.75 mean_abs_feat_delta= 0.201895
SECONDARY_EDGE_TTA_ACTIVE views= 8 weight= 0.75 mean_abs_feat_delta= 0.23071
SECONDARY_EDGE_TTA_ACTIVE views= 8 weight= 0.75 mean_abs_feat_delta= 0.201895
EDGE_TTA_ACTIVE views= 8 mean_abs_feat_delta= 0.294017
EDGE_TTA_ACTIVE views= 8 mean_abs_feat_delta= 0.290893
EDGE_TTA_ACTIVE views= 8 mean_abs_feat_delta= 0.294017
EDGE_TTA_ACTIVE views= 8 mean_abs_feat_delta= 0.290893
SECONDARY_EDGE_TTA_ACTIVE views= 8 weight= 0.75 mean_abs_feat_delta= 0.228603
SECONDARY_EDGE_TTA_ACTIVE views= 8 weight= 0.75 mean_abs_feat_delta= 0.204535
SECONDARY_EDGE_TTA_ACTIVE views= 8 weight= 0.75 mean_abs_feat_delta= 0.228603
SECONDARY_EDGE_TTA_ACTIVE views= 8 weight= 0.75 mean_abs_feat_delta= 0.204535
EDGE_TTA_ACTIVE views= 8 mean_abs_feat_delta= 0.289035
EDGE_TTA_ACTIVE views= 8 mean_abs_feat_delta= 0.297003
EDGE_TTA_ACTIVE views= 8 mean_abs_feat_delta= 0.289035
EDGE_TTA_ACTIVE views= 8 mean_abs_feat_delta= 0.297003
SECONDARY_EDGE_TTA_ACTIVE views= 8 weight= 0.75 mean_abs_feat_delta= 0.203795
SECONDARY_EDGE_TTA_ACTIVE views= 8 weight= 0.75 mean_abs_feat_delta= 0.227822
SECONDARY_EDGE_TTA_ACTIVE views= 8 weight= 0.75 mean_abs_feat_delta= 0.203795
SECONDARY_EDGE_TTA_ACTIVE views= 8 weight= 0.75 mean_abs_feat_delta= 0.227822
EDGE_TTA_ACTIVE views= 8 mean_abs_feat_delta= 0.292802
EDGE_TTA_ACTIVE views= 8 mean_abs_feat_delta= 0.292802
EDGE_TTA_ACTIVE views= 8 mean_abs_feat_delta= 0.301009
EDGE_TTA_ACTIVE views= 8 mean_abs_feat_delta= 0.301009
SECONDARY_EDGE_TTA_ACTIVE views= 8 weight= 0.75 mean_abs_feat_delta= 0.202797
SECONDARY_EDGE_TTA_ACTIVE views= 8 weight= 0.75 mean_abs_feat_delta= 0.202797
SECONDARY_EDGE_TTA_ACTIVE views= 8 weight= 0.75 mean_abs_feat_delta= 0.230826
SECONDARY_EDGE_TTA_ACTIVE views= 8 weight= 0.75 mean_abs_feat_delta= 0.230826
EDGE_TTA_ACTIVE views= 8 mean_abs_feat_delta= 0.289692
EDGE_TTA_ACTIVE views= 8 mean_abs_feat_delta= 0.289692
EDGE_TTA_ACTIVE views= 8 mean_abs_feat_delta= 0.301776
EDGE_TTA_ACTIVE views= 8 mean_abs_feat_delta= 0.301776
SECONDARY_EDGE_TTA_ACTIVE views= 8 weight= 0.75 mean_abs_feat_delta= 0.205886
SECONDARY_EDGE_TTA_ACTIVE views= 8 weight= 0.75 mean_abs_feat_delta= 0.205886
SECONDARY_EDGE_TTA_ACTIVE views= 8 weight= 0.75 mean_abs_feat_delta= 0.233825
SECONDARY_EDGE_TTA_ACTIVE views= 8 weight= 0.75 mean_abs_feat_delta= 0.233825
EDGE_TTA_ACTIVE views= 8 mean_abs_feat_delta= 0.288981
EDGE_TTA_ACTIVE views= 8 mean_abs_feat_delta= 0.288981
EDGE_TTA_ACTIVE views= 8 mean_abs_feat_delta= 0.299256
EDGE_TTA_ACTIVE views= 8 mean_abs_feat_delta= 0.299256
SECONDARY_EDGE_TTA_ACTIVE views= 8 weight= 0.75 mean_abs_feat_delta= 0.205889
SECONDARY_EDGE_TTA_ACTIVE views= 8 weight= 0.75 mean_abs_feat_delta= 0.205889
SECONDARY_EDGE_TTA_ACTIVE views= 8 weight= 0.75 mean_abs_feat_delta= 0.231076
BIOHUB_RETENTION_GUARD {"blended_candidates": 59, "dataset": "6bba_062c8d37", "frame": 73, "minimum_retention": 0.9, "primary_candidates": 68, "retention": 0.8676470588235294, "use_primary": true}
SECONDARY_EDGE_TTA_ACTIVE views= 8 weight= 0.75 mean_abs_feat_delta= 0.231076
BIOHUB_RETENTION_GUARD {"blended_candidates": 59, "dataset": "6bba_062c8d37", "frame": 73, "minimum_retention": 0.9, "primary_candidates": 68, "retention": 0.8676470588235294, "use_primary": true}
EDGE_TTA_ACTIVE views= 8 mean_abs_feat_delta= 0.294024
EDGE_TTA_ACTIVE views= 8 mean_abs_feat_delta= 0.294024
EDGE_TTA_ACTIVE views= 8 mean_abs_feat_delta= 0.298114
EDGE_TTA_ACTIVE views= 8 mean_abs_feat_delta= 0.298114
SECONDARY_EDGE_TTA_ACTIVE views= 8 weight= 0.75 mean_abs_feat_delta= 0.208457
SECONDARY_EDGE_TTA_ACTIVE views= 8 weight= 0.75 mean_abs_feat_delta= 0.208457
SECONDARY_EDGE_TTA_ACTIVE views= 8 weight= 0.75 mean_abs_feat_delta= 0.231678
BIOHUB_RETENTION_GUARD {"blended_candidates": 62, "dataset": "6bba_062c8d37", "frame": 74, "minimum_retention": 0.9, "primary_candidates": 69, "retention": 0.8985507246376812, "use_primary": true}
SECONDARY_EDGE_TTA_ACTIVE views= 8 weight= 0.75 mean_abs_feat_delta= 0.231678
BIOHUB_RETENTION_GUARD {"blended_candidates": 62, "dataset": "6bba_062c8d37", "frame": 74, "minimum_retention": 0.9, "primary_candidates": 69, "retention": 0.8985507246376812, "use_primary": true}
EDGE_TTA_ACTIVE views= 8 mean_abs_feat_delta= 0.291402
EDGE_TTA_ACTIVE views= 8 mean_abs_feat_delta= 0.291402
EDGE_TTA_ACTIVE views= 8 mean_abs_feat_delta= 0.292995
EDGE_TTA_ACTIVE views= 8 mean_abs_feat_delta= 0.292995
SECONDARY_EDGE_TTA_ACTIVE views= 8 weight= 0.75 mean_abs_feat_delta= 0.210367
SECONDARY_EDGE_TTA_ACTIVE views= 8 weight= 0.75 mean_abs_feat_delta= 0.210367
SECONDARY_EDGE_TTA_ACTIVE views= 8 weight= 0.75 mean_abs_feat_delta= 0.232434
SECONDARY_EDGE_TTA_ACTIVE views= 8 weight= 0.75 mean_abs_feat_delta= 0.232434
EDGE_TTA_ACTIVE views= 8 mean_abs_feat_delta= 0.293367
EDGE_TTA_ACTIVE views= 8 mean_abs_feat_delta= 0.293367
EDGE_TTA_ACTIVE views= 8 mean_abs_feat_delta= 0.29277
SECONDARY_EDGE_TTA_ACTIVE views= 8 weight= 0.75 mean_abs_feat_delta= 0.208181
EDGE_TTA_ACTIVE views= 8 mean_abs_feat_delta= 0.29277
SECONDARY_EDGE_TTA_ACTIVE views= 8 weight= 0.75 mean_abs_feat_delta= 0.208181
SECONDARY_EDGE_TTA_ACTIVE views= 8 weight= 0.75 mean_abs_feat_delta= 0.237438
SECONDARY_EDGE_TTA_ACTIVE views= 8 weight= 0.75 mean_abs_feat_delta= 0.237438
EDGE_TTA_ACTIVE views= 8 mean_abs_feat_delta= 0.286361
EDGE_TTA_ACTIVE views= 8 mean_abs_feat_delta= 0.286361
EDGE_TTA_ACTIVE views= 8 mean_abs_feat_delta= 0.293275
SECONDARY_EDGE_TTA_ACTIVE views= 8 weight= 0.75 mean_abs_feat_delta= 0.20495
EDGE_TTA_ACTIVE views= 8 mean_abs_feat_delta= 0.293275
SECONDARY_EDGE_TTA_ACTIVE views= 8 weight= 0.75 mean_abs_feat_delta= 0.20495
SECONDARY_EDGE_TTA_ACTIVE views= 8 weight= 0.75 mean_abs_feat_delta= 0.236157
SECONDARY_EDGE_TTA_ACTIVE views= 8 weight= 0.75 mean_abs_feat_delta= 0.236157
EDGE_TTA_ACTIVE views= 8 mean_abs_feat_delta= 0.284801
EDGE_TTA_ACTIVE views= 8 mean_abs_feat_delta= 0.284801
SECONDARY_EDGE_TTA_ACTIVE views= 8 weight= 0.75 mean_abs_feat_delta= 0.212877
EDGE_TTA_ACTIVE views= 8 mean_abs_feat_delta= 0.291368
SECONDARY_EDGE_TTA_ACTIVE views= 8 weight= 0.75 mean_abs_feat_delta= 0.212877
EDGE_TTA_ACTIVE views= 8 mean_abs_feat_delta= 0.291368
SECONDARY_EDGE_TTA_ACTIVE views= 8 weight= 0.75 mean_abs_feat_delta= 0.235416
EDGE_TTA_ACTIVE views= 8 mean_abs_feat_delta= 0.287875
SECONDARY_EDGE_TTA_ACTIVE views= 8 weight= 0.75 mean_abs_feat_delta= 0.235416
EDGE_TTA_ACTIVE views= 8 mean_abs_feat_delta= 0.287875
SECONDARY_EDGE_TTA_ACTIVE views= 8 weight= 0.75 mean_abs_feat_delta= 0.207897
EDGE_TTA_ACTIVE views= 8 mean_abs_feat_delta= 0.291014
SECONDARY_EDGE_TTA_ACTIVE views= 8 weight= 0.75 mean_abs_feat_delta= 0.207897
EDGE_TTA_ACTIVE views= 8 mean_abs_feat_delta= 0.291014
EDGE_TTA_ACTIVE views= 8 mean_abs_feat_delta= 0.285114
SECONDARY_EDGE_TTA_ACTIVE views= 8 weight= 0.75 mean_abs_feat_delta= 0.232783
EDGE_TTA_ACTIVE views= 8 mean_abs_feat_delta= 0.285114
SECONDARY_EDGE_TTA_ACTIVE views= 8 weight= 0.75 mean_abs_feat_delta= 0.232783
SECONDARY_EDGE_TTA_ACTIVE views= 8 weight= 0.75 mean_abs_feat_delta= 0.205793
SECONDARY_EDGE_TTA_ACTIVE views= 8 weight= 0.75 mean_abs_feat_delta= 0.205793
EDGE_TTA_ACTIVE views= 8 mean_abs_feat_delta= 0.295994
EDGE_TTA_ACTIVE views= 8 mean_abs_feat_delta= 0.295994
EDGE_TTA_ACTIVE views= 8 mean_abs_feat_delta= 0.284821
SECONDARY_EDGE_TTA_ACTIVE views= 8 weight= 0.75 mean_abs_feat_delta= 0.231063
EDGE_TTA_ACTIVE views= 8 mean_abs_feat_delta= 0.284821
SECONDARY_EDGE_TTA_ACTIVE views= 8 weight= 0.75 mean_abs_feat_delta= 0.231063
SECONDARY_EDGE_TTA_ACTIVE views= 8 weight= 0.75 mean_abs_feat_delta= 0.210728
EDGE_TTA_ACTIVE views= 8 mean_abs_feat_delta= 0.297096
SECONDARY_EDGE_TTA_ACTIVE views= 8 weight= 0.75 mean_abs_feat_delta= 0.210728
EDGE_TTA_ACTIVE views= 8 mean_abs_feat_delta= 0.297096
EDGE_TTA_ACTIVE views= 8 mean_abs_feat_delta= 0.287327
SECONDARY_EDGE_TTA_ACTIVE views= 8 weight= 0.75 mean_abs_feat_delta= 0.234197
EDGE_TTA_ACTIVE views= 8 mean_abs_feat_delta= 0.287327
SECONDARY_EDGE_TTA_ACTIVE views= 8 weight= 0.75 mean_abs_feat_delta= 0.234197
SECONDARY_EDGE_TTA_ACTIVE views= 8 weight= 0.75 mean_abs_feat_delta= 0.208572
SECONDARY_EDGE_TTA_ACTIVE views= 8 weight= 0.75 mean_abs_feat_delta= 0.208572
EDGE_TTA_ACTIVE views= 8 mean_abs_feat_delta= 0.299033
EDGE_TTA_ACTIVE views= 8 mean_abs_feat_delta= 0.299033
EDGE_TTA_ACTIVE views= 8 mean_abs_feat_delta= 0.285857
SECONDARY_EDGE_TTA_ACTIVE views= 8 weight= 0.75 mean_abs_feat_delta= 0.233029
EDGE_TTA_ACTIVE views= 8 mean_abs_feat_delta= 0.285857
SECONDARY_EDGE_TTA_ACTIVE views= 8 weight= 0.75 mean_abs_feat_delta= 0.233029
SECONDARY_EDGE_TTA_ACTIVE views= 8 weight= 0.75 mean_abs_feat_delta= 0.20793
SECONDARY_EDGE_TTA_ACTIVE views= 8 weight= 0.75 mean_abs_feat_delta= 0.20793
EDGE_TTA_ACTIVE views= 8 mean_abs_feat_delta= 0.297557
EDGE_TTA_ACTIVE views= 8 mean_abs_feat_delta= 0.297557
EDGE_TTA_ACTIVE views= 8 mean_abs_feat_delta= 0.283107
EDGE_TTA_ACTIVE views= 8 mean_abs_feat_delta= 0.283107
SECONDARY_EDGE_TTA_ACTIVE views= 8 weight= 0.75 mean_abs_feat_delta= 0.236935
SECONDARY_EDGE_TTA_ACTIVE views= 8 weight= 0.75 mean_abs_feat_delta= 0.236935
SECONDARY_EDGE_TTA_ACTIVE views= 8 weight= 0.75 mean_abs_feat_delta= 0.21153
SECONDARY_EDGE_TTA_ACTIVE views= 8 weight= 0.75 mean_abs_feat_delta= 0.21153
EDGE_TTA_ACTIVE views= 8 mean_abs_feat_delta= 0.293406
EDGE_TTA_ACTIVE views= 8 mean_abs_feat_delta= 0.293406
EDGE_TTA_ACTIVE views= 8 mean_abs_feat_delta= 0.285156
SECONDARY_EDGE_TTA_ACTIVE views= 8 weight= 0.75 mean_abs_feat_delta= 0.234086
BIOHUB_RETENTION_GUARD {"blended_candidates": 64, "dataset": "6bba_062c8d37", "frame": 84, "minimum_retention": 0.9, "primary_candidates": 73, "retention": 0.8767123287671232, "use_primary": true}
EDGE_TTA_ACTIVE views= 8 mean_abs_feat_delta= 0.285156
SECONDARY_EDGE_TTA_ACTIVE views= 8 weight= 0.75 mean_abs_feat_delta= 0.234086
BIOHUB_RETENTION_GUARD {"blended_candidates": 64, "dataset": "6bba_062c8d37", "frame": 84, "minimum_retention": 0.9, "primary_candidates": 73, "retention": 0.8767123287671232, "use_primary": true}
SECONDARY_EDGE_TTA_ACTIVE views= 8 weight= 0.75 mean_abs_feat_delta= 0.215961
SECONDARY_EDGE_TTA_ACTIVE views= 8 weight= 0.75 mean_abs_feat_delta= 0.215961
EDGE_TTA_ACTIVE views= 8 mean_abs_feat_delta= 0.295509
EDGE_TTA_ACTIVE views= 8 mean_abs_feat_delta= 0.295509
EDGE_TTA_ACTIVE views= 8 mean_abs_feat_delta= 0.281307
EDGE_TTA_ACTIVE views= 8 mean_abs_feat_delta= 0.281307
SECONDARY_EDGE_TTA_ACTIVE views= 8 weight= 0.75 mean_abs_feat_delta= 0.227107
SECONDARY_EDGE_TTA_ACTIVE views= 8 weight= 0.75 mean_abs_feat_delta= 0.227107
SECONDARY_EDGE_TTA_ACTIVE views= 8 weight= 0.75 mean_abs_feat_delta= 0.210734
SECONDARY_EDGE_TTA_ACTIVE views= 8 weight= 0.75 mean_abs_feat_delta= 0.210734
EDGE_TTA_ACTIVE views= 8 mean_abs_feat_delta= 0.29737
EDGE_TTA_ACTIVE views= 8 mean_abs_feat_delta= 0.29737
EDGE_TTA_ACTIVE views= 8 mean_abs_feat_delta= 0.283345
EDGE_TTA_ACTIVE views= 8 mean_abs_feat_delta= 0.283345
SECONDARY_EDGE_TTA_ACTIVE views= 8 weight= 0.75 mean_abs_feat_delta= 0.229753
SECONDARY_EDGE_TTA_ACTIVE views= 8 weight= 0.75 mean_abs_feat_delta= 0.229753
SECONDARY_EDGE_TTA_ACTIVE views= 8 weight= 0.75 mean_abs_feat_delta= 0.210047
SECONDARY_EDGE_TTA_ACTIVE views= 8 weight= 0.75 mean_abs_feat_delta= 0.210047
EDGE_TTA_ACTIVE views= 8 mean_abs_feat_delta= 0.297734
EDGE_TTA_ACTIVE views= 8 mean_abs_feat_delta= 0.297734
EDGE_TTA_ACTIVE views= 8 mean_abs_feat_delta= 0.282739
EDGE_TTA_ACTIVE views= 8 mean_abs_feat_delta= 0.282739
SECONDARY_EDGE_TTA_ACTIVE views= 8 weight= 0.75 mean_abs_feat_delta= 0.233349
SECONDARY_EDGE_TTA_ACTIVE views= 8 weight= 0.75 mean_abs_feat_delta= 0.233349
SECONDARY_EDGE_TTA_ACTIVE views= 8 weight= 0.75 mean_abs_feat_delta= 0.208912
SECONDARY_EDGE_TTA_ACTIVE views= 8 weight= 0.75 mean_abs_feat_delta= 0.208912
EDGE_TTA_ACTIVE views= 8 mean_abs_feat_delta= 0.297749
EDGE_TTA_ACTIVE views= 8 mean_abs_feat_delta= 0.297749
EDGE_TTA_ACTIVE views= 8 mean_abs_feat_delta= 0.280872
EDGE_TTA_ACTIVE views= 8 mean_abs_feat_delta= 0.280872
SECONDARY_EDGE_TTA_ACTIVE views= 8 weight= 0.75 mean_abs_feat_delta= 0.228601
SECONDARY_EDGE_TTA_ACTIVE views= 8 weight= 0.75 mean_abs_feat_delta= 0.228601
SECONDARY_EDGE_TTA_ACTIVE views= 8 weight= 0.75 mean_abs_feat_delta= 0.208993
SECONDARY_EDGE_TTA_ACTIVE views= 8 weight= 0.75 mean_abs_feat_delta= 0.208993
EDGE_TTA_ACTIVE views= 8 mean_abs_feat_delta= 0.299556
EDGE_TTA_ACTIVE views= 8 mean_abs_feat_delta= 0.299556
EDGE_TTA_ACTIVE views= 8 mean_abs_feat_delta= 0.281118
EDGE_TTA_ACTIVE views= 8 mean_abs_feat_delta= 0.281118
SECONDARY_EDGE_TTA_ACTIVE views= 8 weight= 0.75 mean_abs_feat_delta= 0.229547
SECONDARY_EDGE_TTA_ACTIVE views= 8 weight= 0.75 mean_abs_feat_delta= 0.229547
SECONDARY_EDGE_TTA_ACTIVE views= 8 weight= 0.75 mean_abs_feat_delta= 0.20797
SECONDARY_EDGE_TTA_ACTIVE views= 8 weight= 0.75 mean_abs_feat_delta= 0.20797
EDGE_TTA_ACTIVE views= 8 mean_abs_feat_delta= 0.298104
EDGE_TTA_ACTIVE views= 8 mean_abs_feat_delta= 0.298104
EDGE_TTA_ACTIVE views= 8 mean_abs_feat_delta= 0.281355
EDGE_TTA_ACTIVE views= 8 mean_abs_feat_delta= 0.281355
SECONDARY_EDGE_TTA_ACTIVE views= 8 weight= 0.75 mean_abs_feat_delta= 0.228595
SECONDARY_EDGE_TTA_ACTIVE views= 8 weight= 0.75 mean_abs_feat_delta= 0.228595
SECONDARY_EDGE_TTA_ACTIVE views= 8 weight= 0.75 mean_abs_feat_delta= 0.209647
SECONDARY_EDGE_TTA_ACTIVE views= 8 weight= 0.75 mean_abs_feat_delta= 0.209647
EDGE_TTA_ACTIVE views= 8 mean_abs_feat_delta= 0.296443
EDGE_TTA_ACTIVE views= 8 mean_abs_feat_delta= 0.296443
EDGE_TTA_ACTIVE views= 8 mean_abs_feat_delta= 0.279058
EDGE_TTA_ACTIVE views= 8 mean_abs_feat_delta= 0.279058
SECONDARY_EDGE_TTA_ACTIVE views= 8 weight= 0.75 mean_abs_feat_delta= 0.228195
SECONDARY_EDGE_TTA_ACTIVE views= 8 weight= 0.75 mean_abs_feat_delta= 0.228195
SECONDARY_EDGE_TTA_ACTIVE views= 8 weight= 0.75 mean_abs_feat_delta= 0.209978
SECONDARY_EDGE_TTA_ACTIVE views= 8 weight= 0.75 mean_abs_feat_delta= 0.209978
EDGE_TTA_ACTIVE views= 8 mean_abs_feat_delta= 0.293984
EDGE_TTA_ACTIVE views= 8 mean_abs_feat_delta= 0.293984
EDGE_TTA_ACTIVE views= 8 mean_abs_feat_delta= 0.271242
EDGE_TTA_ACTIVE views= 8 mean_abs_feat_delta= 0.271242
SECONDARY_EDGE_TTA_ACTIVE views= 8 weight= 0.75 mean_abs_feat_delta= 0.229762
SECONDARY_EDGE_TTA_ACTIVE views= 8 weight= 0.75 mean_abs_feat_delta= 0.229762
SECONDARY_EDGE_TTA_ACTIVE views= 8 weight= 0.75 mean_abs_feat_delta= 0.226724
SECONDARY_EDGE_TTA_ACTIVE views= 8 weight= 0.75 mean_abs_feat_delta= 0.226724
EDGE_TTA_ACTIVE views= 8 mean_abs_feat_delta= 0.293061
EDGE_TTA_ACTIVE views= 8 mean_abs_feat_delta= 0.278583
EDGE_TTA_ACTIVE views= 8 mean_abs_feat_delta= 0.293061
EDGE_TTA_ACTIVE views= 8 mean_abs_feat_delta= 0.278583
SECONDARY_EDGE_TTA_ACTIVE views= 8 weight= 0.75 mean_abs_feat_delta= 0.232584
SECONDARY_EDGE_TTA_ACTIVE views= 8 weight= 0.75 mean_abs_feat_delta= 0.212438
SECONDARY_EDGE_TTA_ACTIVE views= 8 weight= 0.75 mean_abs_feat_delta= 0.232584
SECONDARY_EDGE_TTA_ACTIVE views= 8 weight= 0.75 mean_abs_feat_delta= 0.212438
EDGE_TTA_ACTIVE views= 8 mean_abs_feat_delta= 0.297154
EDGE_TTA_ACTIVE views= 8 mean_abs_feat_delta= 0.280712
EDGE_TTA_ACTIVE views= 8 mean_abs_feat_delta= 0.297154
EDGE_TTA_ACTIVE views= 8 mean_abs_feat_delta= 0.280712
SECONDARY_EDGE_TTA_ACTIVE views= 8 weight= 0.75 mean_abs_feat_delta= 0.235095
SECONDARY_EDGE_TTA_ACTIVE views= 8 weight= 0.75 mean_abs_feat_delta= 0.217052
SECONDARY_EDGE_TTA_ACTIVE views= 8 weight= 0.75 mean_abs_feat_delta= 0.235095
SECONDARY_EDGE_TTA_ACTIVE views= 8 weight= 0.75 mean_abs_feat_delta= 0.217052
EDGE_TTA_ACTIVE views= 8 mean_abs_feat_delta= 0.301446
EDGE_TTA_ACTIVE views= 8 mean_abs_feat_delta= 0.281412
EDGE_TTA_ACTIVE views= 8 mean_abs_feat_delta= 0.301446
EDGE_TTA_ACTIVE views= 8 mean_abs_feat_delta= 0.281412
SECONDARY_EDGE_TTA_ACTIVE views= 8 weight= 0.75 mean_abs_feat_delta= 0.235651
SECONDARY_EDGE_TTA_ACTIVE views= 8 weight= 0.75 mean_abs_feat_delta= 0.214047
SECONDARY_EDGE_TTA_ACTIVE views= 8 weight= 0.75 mean_abs_feat_delta= 0.235651
SECONDARY_EDGE_TTA_ACTIVE views= 8 weight= 0.75 mean_abs_feat_delta= 0.214047
EDGE_TTA_ACTIVE views= 8 mean_abs_feat_delta= 0.301117
EDGE_TTA_ACTIVE views= 8 mean_abs_feat_delta= 0.283284
EDGE_TTA_ACTIVE views= 8 mean_abs_feat_delta= 0.301117
EDGE_TTA_ACTIVE views= 8 mean_abs_feat_delta= 0.283284
SECONDARY_EDGE_TTA_ACTIVE views= 8 weight= 0.75 mean_abs_feat_delta= 0.208668
SECONDARY_EDGE_TTA_ACTIVE views= 8 weight= 0.75 mean_abs_feat_delta= 0.235513
SECONDARY_EDGE_TTA_ACTIVE views= 8 weight= 0.75 mean_abs_feat_delta= 0.208668
SECONDARY_EDGE_TTA_ACTIVE views= 8 weight= 0.75 mean_abs_feat_delta= 0.235513
EDGE_TTA_ACTIVE views= 8 mean_abs_feat_delta= 0.285807
EDGE_TTA_ACTIVE views= 8 mean_abs_feat_delta= 0.301563
EDGE_TTA_ACTIVE views= 8 mean_abs_feat_delta= 0.285807
EDGE_TTA_ACTIVE views= 8 mean_abs_feat_delta= 0.301563
SECONDARY_EDGE_TTA_ACTIVE views= 8 weight= 0.75 mean_abs_feat_delta= 0.210105
SECONDARY_EDGE_TTA_ACTIVE views= 8 weight= 0.75 mean_abs_feat_delta= 0.22943
SECONDARY_EDGE_TTA_ACTIVE views= 8 weight= 0.75 mean_abs_feat_delta= 0.210105
SECONDARY_EDGE_TTA_ACTIVE views= 8 weight= 0.75 mean_abs_feat_delta= 0.22943
EDGE_TTA_ACTIVE views= 8 mean_abs_feat_delta= 0.284166
EDGE_TTA_ACTIVE views= 8 mean_abs_feat_delta= 0.284166
EDGE_TTA_ACTIVE views= 8 mean_abs_feat_delta= 0.298981
EDGE_TTA_ACTIVE views= 8 mean_abs_feat_delta= 0.298981
SECONDARY_EDGE_TTA_ACTIVE views= 8 weight= 0.75 mean_abs_feat_delta= 0.213564
SECONDARY_EDGE_TTA_ACTIVE views= 8 weight= 0.75 mean_abs_feat_delta= 0.213564
SECONDARY_EDGE_TTA_ACTIVE views= 8 weight= 0.75 mean_abs_feat_delta= 0.231691
SECONDARY_EDGE_TTA_ACTIVE views= 8 weight= 0.75 mean_abs_feat_delta= 0.231691
EDGE_TTA_ACTIVE views= 8 mean_abs_feat_delta= 0.284946
EDGE_TTA_ACTIVE views= 8 mean_abs_feat_delta= 0.284946
EDGE_TTA_ACTIVE views= 8 mean_abs_feat_delta= 0.297101
EDGE_TTA_ACTIVE views= 8 mean_abs_feat_delta= 0.297101
SECONDARY_EDGE_TTA_ACTIVE views= 8 weight= 0.75 mean_abs_feat_delta= 0.21043
SECONDARY_EDGE_TTA_ACTIVE views= 8 weight= 0.75 mean_abs_feat_delta= 0.21043
SECONDARY_EDGE_TTA_ACTIVE views= 8 weight= 0.75 mean_abs_feat_delta= 0.23213
SECONDARY_EDGE_TTA_ACTIVE views= 8 weight= 0.75 mean_abs_feat_delta= 0.23213
EDGE_TTA_ACTIVE views= 8 mean_abs_feat_delta= 0.277939
EDGE_TTA_ACTIVE views= 8 mean_abs_feat_delta= 0.277939
SECONDARY_EDGE_TTA_ACTIVE views= 8 weight= 0.75 mean_abs_feat_delta= 0.224605
SECONDARY_EDGE_TTA_ACTIVE views= 8 weight= 0.75 mean_abs_feat_delta= 0.224605
EDGE_TTA_ACTIVE views= 8 mean_abs_feat_delta= 0.282273
EDGE_TTA_ACTIVE views= 8 mean_abs_feat_delta= 0.282273
SECONDARY_EDGE_TTA_ACTIVE views= 8 weight= 0.75 mean_abs_feat_delta= 0.210253
SECONDARY_EDGE_TTA_ACTIVE views= 8 weight= 0.75 mean_abs_feat_delta= 0.210253
EDGE_TTA_ACTIVE views= 8 mean_abs_feat_delta= 0.284153
EDGE_TTA_ACTIVE views= 8 mean_abs_feat_delta= 0.336571
EDGE_TTA_ACTIVE views= 8 mean_abs_feat_delta= 0.284153
EDGE_TTA_ACTIVE views= 8 mean_abs_feat_delta= 0.336571
SECONDARY_EDGE_TTA_ACTIVE views= 8 weight= 0.75 mean_abs_feat_delta= 0.217533
SECONDARY_EDGE_TTA_ACTIVE views= 8 weight= 0.75 mean_abs_feat_delta= 0.261628
SECONDARY_EDGE_TTA_ACTIVE views= 8 weight= 0.75 mean_abs_feat_delta= 0.217533
SECONDARY_EDGE_TTA_ACTIVE views= 8 weight= 0.75 mean_abs_feat_delta= 0.261628
EDGE_TTA_ACTIVE views= 8 mean_abs_feat_delta= 0.284297
EDGE_TTA_ACTIVE views= 8 mean_abs_feat_delta= 0.338746
EDGE_TTA_ACTIVE views= 8 mean_abs_feat_delta= 0.284297
EDGE_TTA_ACTIVE views= 8 mean_abs_feat_delta= 0.338746
SECONDARY_EDGE_TTA_ACTIVE views= 8 weight= 0.75 mean_abs_feat_delta= 0.215734
SECONDARY_EDGE_TTA_ACTIVE views= 8 weight= 0.75 mean_abs_feat_delta= 0.259644
SECONDARY_EDGE_TTA_ACTIVE views= 8 weight= 0.75 mean_abs_feat_delta= 0.215734
SECONDARY_EDGE_TTA_ACTIVE views= 8 weight= 0.75 mean_abs_feat_delta= 0.259644
EDGE_TTA_ACTIVE views= 8 mean_abs_feat_delta= 0.276563
EDGE_TTA_ACTIVE views= 8 mean_abs_feat_delta= 0.340952
EDGE_TTA_ACTIVE views= 8 mean_abs_feat_delta= 0.276563
EDGE_TTA_ACTIVE views= 8 mean_abs_feat_delta= 0.340952
SECONDARY_EDGE_TTA_ACTIVE views= 8 weight= 0.75 mean_abs_feat_delta= 0.199979
SECONDARY_EDGE_TTA_ACTIVE views= 8 weight= 0.75 mean_abs_feat_delta= 0.260273
SECONDARY_EDGE_TTA_ACTIVE views= 8 weight= 0.75 mean_abs_feat_delta= 0.199979
SECONDARY_EDGE_TTA_ACTIVE views= 8 weight= 0.75 mean_abs_feat_delta= 0.260273
EDGE_TTA_ACTIVE views= 8 mean_abs_feat_delta= 0.277027
EDGE_TTA_ACTIVE views= 8 mean_abs_feat_delta= 0.277027
EDGE_TTA_ACTIVE views= 8 mean_abs_feat_delta= 0.342027
EDGE_TTA_ACTIVE views= 8 mean_abs_feat_delta= 0.342027
SECONDARY_EDGE_TTA_ACTIVE views= 8 weight= 0.75 mean_abs_feat_delta= 0.196398
SECONDARY_EDGE_TTA_ACTIVE views= 8 weight= 0.75 mean_abs_feat_delta= 0.196398
SECONDARY_EDGE_TTA_ACTIVE views= 8 weight= 0.75 mean_abs_feat_delta= 0.259018
SECONDARY_EDGE_TTA_ACTIVE views= 8 weight= 0.75 mean_abs_feat_delta= 0.259018
EDGE_TTA_ACTIVE views= 8 mean_abs_feat_delta= 0.279545
EDGE_TTA_ACTIVE views= 8 mean_abs_feat_delta= 0.279545
EDGE_TTA_ACTIVE views= 8 mean_abs_feat_delta= 0.339705
EDGE_TTA_ACTIVE views= 8 mean_abs_feat_delta= 0.339705
SECONDARY_EDGE_TTA_ACTIVE views= 8 weight= 0.75 mean_abs_feat_delta= 0.207084
SECONDARY_EDGE_TTA_ACTIVE views= 8 weight= 0.75 mean_abs_feat_delta= 0.207084
SECONDARY_EDGE_TTA_ACTIVE views= 8 weight= 0.75 mean_abs_feat_delta= 0.260044
SECONDARY_EDGE_TTA_ACTIVE views= 8 weight= 0.75 mean_abs_feat_delta= 0.260044
EDGE_TTA_ACTIVE views= 8 mean_abs_feat_delta= 0.281065
EDGE_TTA_ACTIVE views= 8 mean_abs_feat_delta= 0.281065
EDGE_TTA_ACTIVE views= 8 mean_abs_feat_delta= 0.340104
EDGE_TTA_ACTIVE views= 8 mean_abs_feat_delta= 0.340104
SECONDARY_EDGE_TTA_ACTIVE views= 8 weight= 0.75 mean_abs_feat_delta= 0.207082
SECONDARY_EDGE_TTA_ACTIVE views= 8 weight= 0.75 mean_abs_feat_delta= 0.207082
SECONDARY_EDGE_TTA_ACTIVE views= 8 weight= 0.75 mean_abs_feat_delta= 0.260377
SECONDARY_EDGE_TTA_ACTIVE views= 8 weight= 0.75 mean_abs_feat_delta= 0.260377
EDGE_TTA_ACTIVE views= 8 mean_abs_feat_delta= 0.285064
EDGE_TTA_ACTIVE views= 8 mean_abs_feat_delta= 0.285064
EDGE_TTA_ACTIVE views= 8 mean_abs_feat_delta= 0.339763
EDGE_TTA_ACTIVE views= 8 mean_abs_feat_delta= 0.339763
SECONDARY_EDGE_TTA_ACTIVE views= 8 weight= 0.75 mean_abs_feat_delta= 0.211819
SECONDARY_EDGE_TTA_ACTIVE views= 8 weight= 0.75 mean_abs_feat_delta= 0.211819
SECONDARY_EDGE_TTA_ACTIVE views= 8 weight= 0.75 mean_abs_feat_delta= 0.258496
SECONDARY_EDGE_TTA_ACTIVE views= 8 weight= 0.75 mean_abs_feat_delta= 0.258496
EDGE_TTA_ACTIVE views= 8 mean_abs_feat_delta= 0.284192
EDGE_TTA_ACTIVE views= 8 mean_abs_feat_delta= 0.284192
EDGE_TTA_ACTIVE views= 8 mean_abs_feat_delta= 0.333526
EDGE_TTA_ACTIVE views= 8 mean_abs_feat_delta= 0.333526
SECONDARY_EDGE_TTA_ACTIVE views= 8 weight= 0.75 mean_abs_feat_delta= 0.210743
SECONDARY_EDGE_TTA_ACTIVE views= 8 weight= 0.75 mean_abs_feat_delta= 0.210743
SECONDARY_EDGE_TTA_ACTIVE views= 8 weight= 0.75 mean_abs_feat_delta= 0.255413
SECONDARY_EDGE_TTA_ACTIVE views= 8 weight= 0.75 mean_abs_feat_delta= 0.255413
EDGE_TTA_ACTIVE views= 8 mean_abs_feat_delta= 0.28167
EDGE_TTA_ACTIVE views= 8 mean_abs_feat_delta= 0.28167
EDGE_TTA_ACTIVE views= 8 mean_abs_feat_delta= 0.336952
EDGE_TTA_ACTIVE views= 8 mean_abs_feat_delta= 0.336952
SECONDARY_EDGE_TTA_ACTIVE views= 8 weight= 0.75 mean_abs_feat_delta= 0.20555
SECONDARY_EDGE_TTA_ACTIVE views= 8 weight= 0.75 mean_abs_feat_delta= 0.20555
SECONDARY_EDGE_TTA_ACTIVE views= 8 weight= 0.75 mean_abs_feat_delta= 0.252694
SECONDARY_EDGE_TTA_ACTIVE views= 8 weight= 0.75 mean_abs_feat_delta= 0.252694
EDGE_TTA_ACTIVE views= 8 mean_abs_feat_delta= 0.28237
EDGE_TTA_ACTIVE views= 8 mean_abs_feat_delta= 0.28237
EDGE_TTA_ACTIVE views= 8 mean_abs_feat_delta= 0.345093
EDGE_TTA_ACTIVE views= 8 mean_abs_feat_delta= 0.345093
SECONDARY_EDGE_TTA_ACTIVE views= 8 weight= 0.75 mean_abs_feat_delta= 0.204003
SECONDARY_EDGE_TTA_ACTIVE views= 8 weight= 0.75 mean_abs_feat_delta= 0.204003
SECONDARY_EDGE_TTA_ACTIVE views= 8 weight= 0.75 mean_abs_feat_delta= 0.256998
SECONDARY_EDGE_TTA_ACTIVE views= 8 weight= 0.75 mean_abs_feat_delta= 0.256998
EDGE_TTA_ACTIVE views= 8 mean_abs_feat_delta= 0.282802
EDGE_TTA_ACTIVE views= 8 mean_abs_feat_delta= 0.282802
EDGE_TTA_ACTIVE views= 8 mean_abs_feat_delta= 0.34152
EDGE_TTA_ACTIVE views= 8 mean_abs_feat_delta= 0.34152
SECONDARY_EDGE_TTA_ACTIVE views= 8 weight= 0.75 mean_abs_feat_delta= 0.206577
SECONDARY_EDGE_TTA_ACTIVE views= 8 weight= 0.75 mean_abs_feat_delta= 0.206577
SECONDARY_EDGE_TTA_ACTIVE views= 8 weight= 0.75 mean_abs_feat_delta= 0.260222
SECONDARY_EDGE_TTA_ACTIVE views= 8 weight= 0.75 mean_abs_feat_delta= 0.260222
EDGE_TTA_ACTIVE views= 8 mean_abs_feat_delta= 0.285432
EDGE_TTA_ACTIVE views= 8 mean_abs_feat_delta= 0.285432
EDGE_TTA_ACTIVE views= 8 mean_abs_feat_delta= 0.341151
EDGE_TTA_ACTIVE views= 8 mean_abs_feat_delta= 0.341151
SECONDARY_EDGE_TTA_ACTIVE views= 8 weight= 0.75 mean_abs_feat_delta= 0.21238
SECONDARY_EDGE_TTA_ACTIVE views= 8 weight= 0.75 mean_abs_feat_delta= 0.21238
SECONDARY_EDGE_TTA_ACTIVE views= 8 weight= 0.75 mean_abs_feat_delta= 0.264548
SECONDARY_EDGE_TTA_ACTIVE views= 8 weight= 0.75 mean_abs_feat_delta= 0.264548
EDGE_TTA_ACTIVE views= 8 mean_abs_feat_delta= 0.281029
EDGE_TTA_ACTIVE views= 8 mean_abs_feat_delta= 0.281029
EDGE_TTA_ACTIVE views= 8 mean_abs_feat_delta= 0.34019
EDGE_TTA_ACTIVE views= 8 mean_abs_feat_delta= 0.34019
SECONDARY_EDGE_TTA_ACTIVE views= 8 weight= 0.75 mean_abs_feat_delta= 0.217798
SECONDARY_EDGE_TTA_ACTIVE views= 8 weight= 0.75 mean_abs_feat_delta= 0.217798
SECONDARY_EDGE_TTA_ACTIVE views= 8 weight= 0.75 mean_abs_feat_delta= 0.26289
SECONDARY_EDGE_TTA_ACTIVE views= 8 weight= 0.75 mean_abs_feat_delta= 0.26289
EDGE_TTA_ACTIVE views= 8 mean_abs_feat_delta= 0.272919
EDGE_TTA_ACTIVE views= 8 mean_abs_feat_delta= 0.272919
EDGE_TTA_ACTIVE views= 8 mean_abs_feat_delta= 0.344388
EDGE_TTA_ACTIVE views= 8 mean_abs_feat_delta= 0.344388
SECONDARY_EDGE_TTA_ACTIVE views= 8 weight= 0.75 mean_abs_feat_delta= 0.232881
SECONDARY_EDGE_TTA_ACTIVE views= 8 weight= 0.75 mean_abs_feat_delta= 0.232881
SECONDARY_EDGE_TTA_ACTIVE views= 8 weight= 0.75 mean_abs_feat_delta= 0.257635
SECONDARY_EDGE_TTA_ACTIVE views= 8 weight= 0.75 mean_abs_feat_delta= 0.257635
EDGE_TTA_ACTIVE views= 8 mean_abs_feat_delta= 0.279365
EDGE_TTA_ACTIVE views= 8 mean_abs_feat_delta= 0.279365
EDGE_TTA_ACTIVE views= 8 mean_abs_feat_delta= 0.343422
EDGE_TTA_ACTIVE views= 8 mean_abs_feat_delta= 0.343422
SECONDARY_EDGE_TTA_ACTIVE views= 8 weight= 0.75 mean_abs_feat_delta= 0.211001
SECONDARY_EDGE_TTA_ACTIVE views= 8 weight= 0.75 mean_abs_feat_delta= 0.211001
SECONDARY_EDGE_TTA_ACTIVE views= 8 weight= 0.75 mean_abs_feat_delta= 0.25605
SECONDARY_EDGE_TTA_ACTIVE views= 8 weight= 0.75 mean_abs_feat_delta= 0.25605
EDGE_TTA_ACTIVE views= 8 mean_abs_feat_delta= 0.282084
EDGE_TTA_ACTIVE views= 8 mean_abs_feat_delta= 0.282084
EDGE_TTA_ACTIVE views= 8 mean_abs_feat_delta= 0.340401
EDGE_TTA_ACTIVE views= 8 mean_abs_feat_delta= 0.340401
SECONDARY_EDGE_TTA_ACTIVE views= 8 weight= 0.75 mean_abs_feat_delta= 0.212616
SECONDARY_EDGE_TTA_ACTIVE views= 8 weight= 0.75 mean_abs_feat_delta= 0.212616
SECONDARY_EDGE_TTA_ACTIVE views= 8 weight= 0.75 mean_abs_feat_delta= 0.261539
SECONDARY_EDGE_TTA_ACTIVE views= 8 weight= 0.75 mean_abs_feat_delta= 0.261539
EDGE_TTA_ACTIVE views= 8 mean_abs_feat_delta= 0.283885
EDGE_TTA_ACTIVE views= 8 mean_abs_feat_delta= 0.283885
EDGE_TTA_ACTIVE views= 8 mean_abs_feat_delta= 0.339951
SECONDARY_EDGE_TTA_ACTIVE views= 8 weight= 0.75 mean_abs_feat_delta= 0.21261
EDGE_TTA_ACTIVE views= 8 mean_abs_feat_delta= 0.339951
SECONDARY_EDGE_TTA_ACTIVE views= 8 weight= 0.75 mean_abs_feat_delta= 0.21261
SECONDARY_EDGE_TTA_ACTIVE views= 8 weight= 0.75 mean_abs_feat_delta= 0.262505
SECONDARY_EDGE_TTA_ACTIVE views= 8 weight= 0.75 mean_abs_feat_delta= 0.262505
EDGE_TTA_ACTIVE views= 8 mean_abs_feat_delta= 0.284012
EDGE_TTA_ACTIVE views= 8 mean_abs_feat_delta= 0.284012
EDGE_TTA_ACTIVE views= 8 mean_abs_feat_delta= 0.34749
SECONDARY_EDGE_TTA_ACTIVE views= 8 weight= 0.75 mean_abs_feat_delta= 0.212811
EDGE_TTA_ACTIVE views= 8 mean_abs_feat_delta= 0.34749
SECONDARY_EDGE_TTA_ACTIVE views= 8 weight= 0.75 mean_abs_feat_delta= 0.212811
SECONDARY_EDGE_TTA_ACTIVE views= 8 weight= 0.75 mean_abs_feat_delta= 0.261831
SECONDARY_EDGE_TTA_ACTIVE views= 8 weight= 0.75 mean_abs_feat_delta= 0.261831
EDGE_TTA_ACTIVE views= 8 mean_abs_feat_delta= 0.28661
EDGE_TTA_ACTIVE views= 8 mean_abs_feat_delta= 0.28661
EDGE_TTA_ACTIVE views= 8 mean_abs_feat_delta= 0.348728
SECONDARY_EDGE_TTA_ACTIVE views= 8 weight= 0.75 mean_abs_feat_delta= 0.215936
EDGE_TTA_ACTIVE views= 8 mean_abs_feat_delta= 0.348728
SECONDARY_EDGE_TTA_ACTIVE views= 8 weight= 0.75 mean_abs_feat_delta= 0.215936
SECONDARY_EDGE_TTA_ACTIVE views= 8 weight= 0.75 mean_abs_feat_delta= 0.264817
SECONDARY_EDGE_TTA_ACTIVE views= 8 weight= 0.75 mean_abs_feat_delta= 0.264817
EDGE_TTA_ACTIVE views= 8 mean_abs_feat_delta= 0.287228
EDGE_TTA_ACTIVE views= 8 mean_abs_feat_delta= 0.287228
EDGE_TTA_ACTIVE views= 8 mean_abs_feat_delta= 0.348915
SECONDARY_EDGE_TTA_ACTIVE views= 8 weight= 0.75 mean_abs_feat_delta= 0.218047
EDGE_TTA_ACTIVE views= 8 mean_abs_feat_delta= 0.348915
SECONDARY_EDGE_TTA_ACTIVE views= 8 weight= 0.75 mean_abs_feat_delta= 0.218047
SECONDARY_EDGE_TTA_ACTIVE views= 8 weight= 0.75 mean_abs_feat_delta= 0.26002
EDGE_TTA_ACTIVE views= 8 mean_abs_feat_delta= 0.285405
SECONDARY_EDGE_TTA_ACTIVE views= 8 weight= 0.75 mean_abs_feat_delta= 0.26002
EDGE_TTA_ACTIVE views= 8 mean_abs_feat_delta= 0.285405
SECONDARY_EDGE_TTA_ACTIVE views= 8 weight= 0.75 mean_abs_feat_delta= 0.215395
EDGE_TTA_ACTIVE views= 8 mean_abs_feat_delta= 0.34756
SECONDARY_EDGE_TTA_ACTIVE views= 8 weight= 0.75 mean_abs_feat_delta= 0.215395
EDGE_TTA_ACTIVE views= 8 mean_abs_feat_delta= 0.34756
SECONDARY_EDGE_TTA_ACTIVE views= 8 weight= 0.75 mean_abs_feat_delta= 0.259113
EDGE_TTA_ACTIVE views= 8 mean_abs_feat_delta= 0.28492
SECONDARY_EDGE_TTA_ACTIVE views= 8 weight= 0.75 mean_abs_feat_delta= 0.259113
EDGE_TTA_ACTIVE views= 8 mean_abs_feat_delta= 0.28492
SECONDARY_EDGE_TTA_ACTIVE views= 8 weight= 0.75 mean_abs_feat_delta= 0.212795
EDGE_TTA_ACTIVE views= 8 mean_abs_feat_delta= 0.341564
SECONDARY_EDGE_TTA_ACTIVE views= 8 weight= 0.75 mean_abs_feat_delta= 0.212795
EDGE_TTA_ACTIVE views= 8 mean_abs_feat_delta= 0.341564
SECONDARY_EDGE_TTA_ACTIVE views= 8 weight= 0.75 mean_abs_feat_delta= 0.257712
EDGE_TTA_ACTIVE views= 8 mean_abs_feat_delta= 0.283264
SECONDARY_EDGE_TTA_ACTIVE views= 8 weight= 0.75 mean_abs_feat_delta= 0.257712
EDGE_TTA_ACTIVE views= 8 mean_abs_feat_delta= 0.283264
SECONDARY_EDGE_TTA_ACTIVE views= 8 weight= 0.75 mean_abs_feat_delta= 0.216027
EDGE_TTA_ACTIVE views= 8 mean_abs_feat_delta= 0.339453
SECONDARY_EDGE_TTA_ACTIVE views= 8 weight= 0.75 mean_abs_feat_delta= 0.216027
EDGE_TTA_ACTIVE views= 8 mean_abs_feat_delta= 0.339453
SECONDARY_EDGE_TTA_ACTIVE views= 8 weight= 0.75 mean_abs_feat_delta= 0.252306
EDGE_TTA_ACTIVE views= 8 mean_abs_feat_delta= 0.283715
SECONDARY_EDGE_TTA_ACTIVE views= 8 weight= 0.75 mean_abs_feat_delta= 0.252306
EDGE_TTA_ACTIVE views= 8 mean_abs_feat_delta= 0.283715
SECONDARY_EDGE_TTA_ACTIVE views= 8 weight= 0.75 mean_abs_feat_delta= 0.216681
EDGE_TTA_ACTIVE views= 8 mean_abs_feat_delta= 0.34454
SECONDARY_EDGE_TTA_ACTIVE views= 8 weight= 0.75 mean_abs_feat_delta= 0.216681
EDGE_TTA_ACTIVE views= 8 mean_abs_feat_delta= 0.34454
SECONDARY_EDGE_TTA_ACTIVE views= 8 weight= 0.75 mean_abs_feat_delta= 0.251268
EDGE_TTA_ACTIVE views= 8 mean_abs_feat_delta= 0.283294
SECONDARY_EDGE_TTA_ACTIVE views= 8 weight= 0.75 mean_abs_feat_delta= 0.251268
EDGE_TTA_ACTIVE views= 8 mean_abs_feat_delta= 0.283294
SECONDARY_EDGE_TTA_ACTIVE views= 8 weight= 0.75 mean_abs_feat_delta= 0.219376
EDGE_TTA_ACTIVE views= 8 mean_abs_feat_delta= 0.34235
SECONDARY_EDGE_TTA_ACTIVE views= 8 weight= 0.75 mean_abs_feat_delta= 0.219376
EDGE_TTA_ACTIVE views= 8 mean_abs_feat_delta= 0.34235
SECONDARY_EDGE_TTA_ACTIVE views= 8 weight= 0.75 mean_abs_feat_delta= 0.248744
EDGE_TTA_ACTIVE views= 8 mean_abs_feat_delta= 0.286449
SECONDARY_EDGE_TTA_ACTIVE views= 8 weight= 0.75 mean_abs_feat_delta= 0.248744
EDGE_TTA_ACTIVE views= 8 mean_abs_feat_delta= 0.286449
SECONDARY_EDGE_TTA_ACTIVE views= 8 weight= 0.75 mean_abs_feat_delta= 0.218097
EDGE_TTA_ACTIVE views= 8 mean_abs_feat_delta= 0.339835
SECONDARY_EDGE_TTA_ACTIVE views= 8 weight= 0.75 mean_abs_feat_delta= 0.218097
EDGE_TTA_ACTIVE views= 8 mean_abs_feat_delta= 0.339835
SECONDARY_EDGE_TTA_ACTIVE views= 8 weight= 0.75 mean_abs_feat_delta= 0.250506
EDGE_TTA_ACTIVE views= 8 mean_abs_feat_delta= 0.290051
SECONDARY_EDGE_TTA_ACTIVE views= 8 weight= 0.75 mean_abs_feat_delta= 0.250506
EDGE_TTA_ACTIVE views= 8 mean_abs_feat_delta= 0.290051
SECONDARY_EDGE_TTA_ACTIVE views= 8 weight= 0.75 mean_abs_feat_delta= 0.217645
EDGE_TTA_ACTIVE views= 8 mean_abs_feat_delta= 0.343666
SECONDARY_EDGE_TTA_ACTIVE views= 8 weight= 0.75 mean_abs_feat_delta= 0.217645
EDGE_TTA_ACTIVE views= 8 mean_abs_feat_delta= 0.343666
SECONDARY_EDGE_TTA_ACTIVE views= 8 weight= 0.75 mean_abs_feat_delta= 0.249242
EDGE_TTA_ACTIVE views= 8 mean_abs_feat_delta= 0.289497
SECONDARY_EDGE_TTA_ACTIVE views= 8 weight= 0.75 mean_abs_feat_delta= 0.249242
EDGE_TTA_ACTIVE views= 8 mean_abs_feat_delta= 0.289497
SECONDARY_EDGE_TTA_ACTIVE views= 8 weight= 0.75 mean_abs_feat_delta= 0.217868
EDGE_TTA_ACTIVE views= 8 mean_abs_feat_delta= 0.345266
SECONDARY_EDGE_TTA_ACTIVE views= 8 weight= 0.75 mean_abs_feat_delta= 0.217868
EDGE_TTA_ACTIVE views= 8 mean_abs_feat_delta= 0.345266
SECONDARY_EDGE_TTA_ACTIVE views= 8 weight= 0.75 mean_abs_feat_delta= 0.252993
EDGE_TTA_ACTIVE views= 8 mean_abs_feat_delta= 0.282987
SECONDARY_EDGE_TTA_ACTIVE views= 8 weight= 0.75 mean_abs_feat_delta= 0.252993
EDGE_TTA_ACTIVE views= 8 mean_abs_feat_delta= 0.282987
SECONDARY_EDGE_TTA_ACTIVE views= 8 weight= 0.75 mean_abs_feat_delta= 0.23668
EDGE_TTA_ACTIVE views= 8 mean_abs_feat_delta= 0.347232
SECONDARY_EDGE_TTA_ACTIVE views= 8 weight= 0.75 mean_abs_feat_delta= 0.23668
EDGE_TTA_ACTIVE views= 8 mean_abs_feat_delta= 0.347232
SECONDARY_EDGE_TTA_ACTIVE views= 8 weight= 0.75 mean_abs_feat_delta= 0.255776
EDGE_TTA_ACTIVE views= 8 mean_abs_feat_delta= 0.285694
SECONDARY_EDGE_TTA_ACTIVE views= 8 weight= 0.75 mean_abs_feat_delta= 0.255776
EDGE_TTA_ACTIVE views= 8 mean_abs_feat_delta= 0.285694
SECONDARY_EDGE_TTA_ACTIVE views= 8 weight= 0.75 mean_abs_feat_delta= 0.216736
SECONDARY_EDGE_TTA_ACTIVE views= 8 weight= 0.75 mean_abs_feat_delta= 0.216736
EDGE_TTA_ACTIVE views= 8 mean_abs_feat_delta= 0.344073
EDGE_TTA_ACTIVE views= 8 mean_abs_feat_delta= 0.344073
EDGE_TTA_ACTIVE views= 8 mean_abs_feat_delta= 0.282414
SECONDARY_EDGE_TTA_ACTIVE views= 8 weight= 0.75 mean_abs_feat_delta= 0.255242
EDGE_TTA_ACTIVE views= 8 mean_abs_feat_delta= 0.282414
SECONDARY_EDGE_TTA_ACTIVE views= 8 weight= 0.75 mean_abs_feat_delta= 0.255242
SECONDARY_EDGE_TTA_ACTIVE views= 8 weight= 0.75 mean_abs_feat_delta= 0.223107
SECONDARY_EDGE_TTA_ACTIVE views= 8 weight= 0.75 mean_abs_feat_delta= 0.223107
EDGE_TTA_ACTIVE views= 8 mean_abs_feat_delta= 0.342224
EDGE_TTA_ACTIVE views= 8 mean_abs_feat_delta= 0.342224
EDGE_TTA_ACTIVE views= 8 mean_abs_feat_delta= 0.285759
SECONDARY_EDGE_TTA_ACTIVE views= 8 weight= 0.75 mean_abs_feat_delta= 0.2511
EDGE_TTA_ACTIVE views= 8 mean_abs_feat_delta= 0.285759
SECONDARY_EDGE_TTA_ACTIVE views= 8 weight= 0.75 mean_abs_feat_delta= 0.2511
SECONDARY_EDGE_TTA_ACTIVE views= 8 weight= 0.75 mean_abs_feat_delta= 0.217137
SECONDARY_EDGE_TTA_ACTIVE views= 8 weight= 0.75 mean_abs_feat_delta= 0.217137
EDGE_TTA_ACTIVE views= 8 mean_abs_feat_delta= 0.340766
EDGE_TTA_ACTIVE views= 8 mean_abs_feat_delta= 0.340766
EDGE_TTA_ACTIVE views= 8 mean_abs_feat_delta= 0.283365
SECONDARY_EDGE_TTA_ACTIVE views= 8 weight= 0.75 mean_abs_feat_delta= 0.249793
EDGE_TTA_ACTIVE views= 8 mean_abs_feat_delta= 0.283365
SECONDARY_EDGE_TTA_ACTIVE views= 8 weight= 0.75 mean_abs_feat_delta= 0.249793
SECONDARY_EDGE_TTA_ACTIVE views= 8 weight= 0.75 mean_abs_feat_delta= 0.213965
SECONDARY_EDGE_TTA_ACTIVE views= 8 weight= 0.75 mean_abs_feat_delta= 0.213965
EDGE_TTA_ACTIVE views= 8 mean_abs_feat_delta= 0.342603
EDGE_TTA_ACTIVE views= 8 mean_abs_feat_delta= 0.342603
EDGE_TTA_ACTIVE views= 8 mean_abs_feat_delta= 0.283423
EDGE_TTA_ACTIVE views= 8 mean_abs_feat_delta= 0.283423
SECONDARY_EDGE_TTA_ACTIVE views= 8 weight= 0.75 mean_abs_feat_delta= 0.252106
SECONDARY_EDGE_TTA_ACTIVE views= 8 weight= 0.75 mean_abs_feat_delta= 0.252106
SECONDARY_EDGE_TTA_ACTIVE views= 8 weight= 0.75 mean_abs_feat_delta= 0.217877
SECONDARY_EDGE_TTA_ACTIVE views= 8 weight= 0.75 mean_abs_feat_delta= 0.217877
EDGE_TTA_ACTIVE views= 8 mean_abs_feat_delta= 0.341082
EDGE_TTA_ACTIVE views= 8 mean_abs_feat_delta= 0.341082
EDGE_TTA_ACTIVE views= 8 mean_abs_feat_delta= 0.280705
EDGE_TTA_ACTIVE views= 8 mean_abs_feat_delta= 0.280705
SECONDARY_EDGE_TTA_ACTIVE views= 8 weight= 0.75 mean_abs_feat_delta= 0.256297
SECONDARY_EDGE_TTA_ACTIVE views= 8 weight= 0.75 mean_abs_feat_delta= 0.256297
SECONDARY_EDGE_TTA_ACTIVE views= 8 weight= 0.75 mean_abs_feat_delta= 0.214735
SECONDARY_EDGE_TTA_ACTIVE views= 8 weight= 0.75 mean_abs_feat_delta= 0.214735
EDGE_TTA_ACTIVE views= 8 mean_abs_feat_delta= 0.342531
EDGE_TTA_ACTIVE views= 8 mean_abs_feat_delta= 0.342531
EDGE_TTA_ACTIVE views= 8 mean_abs_feat_delta= 0.284385
EDGE_TTA_ACTIVE views= 8 mean_abs_feat_delta= 0.284385
SECONDARY_EDGE_TTA_ACTIVE views= 8 weight= 0.75 mean_abs_feat_delta= 0.259811
SECONDARY_EDGE_TTA_ACTIVE views= 8 weight= 0.75 mean_abs_feat_delta= 0.259811
SECONDARY_EDGE_TTA_ACTIVE views= 8 weight= 0.75 mean_abs_feat_delta= 0.214595
SECONDARY_EDGE_TTA_ACTIVE views= 8 weight= 0.75 mean_abs_feat_delta= 0.214595
EDGE_TTA_ACTIVE views= 8 mean_abs_feat_delta= 0.338261
EDGE_TTA_ACTIVE views= 8 mean_abs_feat_delta= 0.338261
EDGE_TTA_ACTIVE views= 8 mean_abs_feat_delta= 0.285391
EDGE_TTA_ACTIVE views= 8 mean_abs_feat_delta= 0.285391
SECONDARY_EDGE_TTA_ACTIVE views= 8 weight= 0.75 mean_abs_feat_delta= 0.255512
SECONDARY_EDGE_TTA_ACTIVE views= 8 weight= 0.75 mean_abs_feat_delta= 0.255512
SECONDARY_EDGE_TTA_ACTIVE views= 8 weight= 0.75 mean_abs_feat_delta= 0.214519
SECONDARY_EDGE_TTA_ACTIVE views= 8 weight= 0.75 mean_abs_feat_delta= 0.214519
EDGE_TTA_ACTIVE views= 8 mean_abs_feat_delta= 0.331504
EDGE_TTA_ACTIVE views= 8 mean_abs_feat_delta= 0.331504
EDGE_TTA_ACTIVE views= 8 mean_abs_feat_delta= 0.282606
EDGE_TTA_ACTIVE views= 8 mean_abs_feat_delta= 0.282606
SECONDARY_EDGE_TTA_ACTIVE views= 8 weight= 0.75 mean_abs_feat_delta= 0.249417
SECONDARY_EDGE_TTA_ACTIVE views= 8 weight= 0.75 mean_abs_feat_delta= 0.249417
SECONDARY_EDGE_TTA_ACTIVE views= 8 weight= 0.75 mean_abs_feat_delta= 0.221862
SECONDARY_EDGE_TTA_ACTIVE views= 8 weight= 0.75 mean_abs_feat_delta= 0.221862
EDGE_TTA_ACTIVE views= 8 mean_abs_feat_delta= 0.331413
EDGE_TTA_ACTIVE views= 8 mean_abs_feat_delta= 0.331413
EDGE_TTA_ACTIVE views= 8 mean_abs_feat_delta= 0.275618
EDGE_TTA_ACTIVE views= 8 mean_abs_feat_delta= 0.275618
SECONDARY_EDGE_TTA_ACTIVE views= 8 weight= 0.75 mean_abs_feat_delta= 0.247742
SECONDARY_EDGE_TTA_ACTIVE views= 8 weight= 0.75 mean_abs_feat_delta= 0.247742
SECONDARY_EDGE_TTA_ACTIVE views= 8 weight= 0.75 mean_abs_feat_delta= 0.241752
SECONDARY_EDGE_TTA_ACTIVE views= 8 weight= 0.75 mean_abs_feat_delta= 0.241752
EDGE_TTA_ACTIVE views= 8 mean_abs_feat_delta= 0.329218
EDGE_TTA_ACTIVE views= 8 mean_abs_feat_delta= 0.329218
EDGE_TTA_ACTIVE views= 8 mean_abs_feat_delta= 0.28438
EDGE_TTA_ACTIVE views= 8 mean_abs_feat_delta= 0.28438
SECONDARY_EDGE_TTA_ACTIVE views= 8 weight= 0.75 mean_abs_feat_delta= 0.242204
SECONDARY_EDGE_TTA_ACTIVE views= 8 weight= 0.75 mean_abs_feat_delta= 0.242204
SECONDARY_EDGE_TTA_ACTIVE views= 8 weight= 0.75 mean_abs_feat_delta= 0.223141
SECONDARY_EDGE_TTA_ACTIVE views= 8 weight= 0.75 mean_abs_feat_delta= 0.223141
EDGE_TTA_ACTIVE views= 8 mean_abs_feat_delta= 0.328908
EDGE_TTA_ACTIVE views= 8 mean_abs_feat_delta= 0.328908
EDGE_TTA_ACTIVE views= 8 mean_abs_feat_delta= 0.289699
EDGE_TTA_ACTIVE views= 8 mean_abs_feat_delta= 0.289699
SECONDARY_EDGE_TTA_ACTIVE views= 8 weight= 0.75 mean_abs_feat_delta= 0.245859
SECONDARY_EDGE_TTA_ACTIVE views= 8 weight= 0.75 mean_abs_feat_delta= 0.245859
SECONDARY_EDGE_TTA_ACTIVE views= 8 weight= 0.75 mean_abs_feat_delta= 0.222445
SECONDARY_EDGE_TTA_ACTIVE views= 8 weight= 0.75 mean_abs_feat_delta= 0.222445
EDGE_TTA_ACTIVE views= 8 mean_abs_feat_delta= 0.327794
EDGE_TTA_ACTIVE views= 8 mean_abs_feat_delta= 0.327794
EDGE_TTA_ACTIVE views= 8 mean_abs_feat_delta= 0.289712
EDGE_TTA_ACTIVE views= 8 mean_abs_feat_delta= 0.289712
SECONDARY_EDGE_TTA_ACTIVE views= 8 weight= 0.75 mean_abs_feat_delta= 0.252442
SECONDARY_EDGE_TTA_ACTIVE views= 8 weight= 0.75 mean_abs_feat_delta= 0.252442
SECONDARY_EDGE_TTA_ACTIVE views= 8 weight= 0.75 mean_abs_feat_delta= 0.221178
SECONDARY_EDGE_TTA_ACTIVE views= 8 weight= 0.75 mean_abs_feat_delta= 0.221178
EDGE_TTA_ACTIVE views= 8 mean_abs_feat_delta= 0.325619
EDGE_TTA_ACTIVE views= 8 mean_abs_feat_delta= 0.325619
EDGE_TTA_ACTIVE views= 8 mean_abs_feat_delta= 0.28685
EDGE_TTA_ACTIVE views= 8 mean_abs_feat_delta= 0.28685
SECONDARY_EDGE_TTA_ACTIVE views= 8 weight= 0.75 mean_abs_feat_delta= 0.24958
SECONDARY_EDGE_TTA_ACTIVE views= 8 weight= 0.75 mean_abs_feat_delta= 0.24958
SECONDARY_EDGE_TTA_ACTIVE views= 8 weight= 0.75 mean_abs_feat_delta= 0.2276
SECONDARY_EDGE_TTA_ACTIVE views= 8 weight= 0.75 mean_abs_feat_delta= 0.2276
EDGE_TTA_ACTIVE views= 8 mean_abs_feat_delta= 0.326224
EDGE_TTA_ACTIVE views= 8 mean_abs_feat_delta= 0.326224
EDGE_TTA_ACTIVE views= 8 mean_abs_feat_delta= 0.276535
EDGE_TTA_ACTIVE views= 8 mean_abs_feat_delta= 0.276535
SECONDARY_EDGE_TTA_ACTIVE views= 8 weight= 0.75 mean_abs_feat_delta= 0.247268
SECONDARY_EDGE_TTA_ACTIVE views= 8 weight= 0.75 mean_abs_feat_delta= 0.247268
SECONDARY_EDGE_TTA_ACTIVE views= 8 weight= 0.75 mean_abs_feat_delta= 0.249655
SECONDARY_EDGE_TTA_ACTIVE views= 8 weight= 0.75 mean_abs_feat_delta= 0.249655
EDGE_TTA_ACTIVE views= 8 mean_abs_feat_delta= 0.321245
EDGE_TTA_ACTIVE views= 8 mean_abs_feat_delta= 0.321245
EDGE_TTA_ACTIVE views= 8 mean_abs_feat_delta= 0.287692
EDGE_TTA_ACTIVE views= 8 mean_abs_feat_delta= 0.287692
SECONDARY_EDGE_TTA_ACTIVE views= 8 weight= 0.75 mean_abs_feat_delta= 0.245553
SECONDARY_EDGE_TTA_ACTIVE views= 8 weight= 0.75 mean_abs_feat_delta= 0.245553
SECONDARY_EDGE_TTA_ACTIVE views= 8 weight= 0.75 mean_abs_feat_delta= 0.222273
SECONDARY_EDGE_TTA_ACTIVE views= 8 weight= 0.75 mean_abs_feat_delta= 0.222273
EDGE_TTA_ACTIVE views= 8 mean_abs_feat_delta= 0.319781
EDGE_TTA_ACTIVE views= 8 mean_abs_feat_delta= 0.319781
EDGE_TTA_ACTIVE views= 8 mean_abs_feat_delta= 0.280114
EDGE_TTA_ACTIVE views= 8 mean_abs_feat_delta= 0.280114
SECONDARY_EDGE_TTA_ACTIVE views= 8 weight= 0.75 mean_abs_feat_delta= 0.244675
SECONDARY_EDGE_TTA_ACTIVE views= 8 weight= 0.75 mean_abs_feat_delta= 0.244675
SECONDARY_EDGE_TTA_ACTIVE views= 8 weight= 0.75 mean_abs_feat_delta= 0.238191
SECONDARY_EDGE_TTA_ACTIVE views= 8 weight= 0.75 mean_abs_feat_delta= 0.238191
EDGE_TTA_ACTIVE views= 8 mean_abs_feat_delta= 0.322829
EDGE_TTA_ACTIVE views= 8 mean_abs_feat_delta= 0.322829
EDGE_TTA_ACTIVE views= 8 mean_abs_feat_delta= 0.287119
EDGE_TTA_ACTIVE views= 8 mean_abs_feat_delta= 0.287119
SECONDARY_EDGE_TTA_ACTIVE views= 8 weight= 0.75 mean_abs_feat_delta= 0.246191
SECONDARY_EDGE_TTA_ACTIVE views= 8 weight= 0.75 mean_abs_feat_delta= 0.246191
SECONDARY_EDGE_TTA_ACTIVE views= 8 weight= 0.75 mean_abs_feat_delta= 0.222817
SECONDARY_EDGE_TTA_ACTIVE views= 8 weight= 0.75 mean_abs_feat_delta= 0.222817
EDGE_TTA_ACTIVE views= 8 mean_abs_feat_delta= 0.326443
EDGE_TTA_ACTIVE views= 8 mean_abs_feat_delta= 0.326443
EDGE_TTA_ACTIVE views= 8 mean_abs_feat_delta= 0.282418
EDGE_TTA_ACTIVE views= 8 mean_abs_feat_delta= 0.282418
SECONDARY_EDGE_TTA_ACTIVE views= 8 weight= 0.75 mean_abs_feat_delta= 0.240071
SECONDARY_EDGE_TTA_ACTIVE views= 8 weight= 0.75 mean_abs_feat_delta= 0.228649
SECONDARY_EDGE_TTA_ACTIVE views= 8 weight= 0.75 mean_abs_feat_delta= 0.240071
SECONDARY_EDGE_TTA_ACTIVE views= 8 weight= 0.75 mean_abs_feat_delta= 0.228649
EDGE_TTA_ACTIVE views= 8 mean_abs_feat_delta= 0.326852
EDGE_TTA_ACTIVE views= 8 mean_abs_feat_delta= 0.326852
EDGE_TTA_ACTIVE views= 8 mean_abs_feat_delta= 0.275023
EDGE_TTA_ACTIVE views= 8 mean_abs_feat_delta= 0.275023
SECONDARY_EDGE_TTA_ACTIVE views= 8 weight= 0.75 mean_abs_feat_delta= 0.239234
SECONDARY_EDGE_TTA_ACTIVE views= 8 weight= 0.75 mean_abs_feat_delta= 0.239234
SECONDARY_EDGE_TTA_ACTIVE views= 8 weight= 0.75 mean_abs_feat_delta= 0.244711
SECONDARY_EDGE_TTA_ACTIVE views= 8 weight= 0.75 mean_abs_feat_delta= 0.244711
EDGE_TTA_ACTIVE views= 8 mean_abs_feat_delta= 0.329914
EDGE_TTA_ACTIVE views= 8 mean_abs_feat_delta= 0.329914
EDGE_TTA_ACTIVE views= 8 mean_abs_feat_delta= 0.279236
EDGE_TTA_ACTIVE views= 8 mean_abs_feat_delta= 0.279236
SECONDARY_EDGE_TTA_ACTIVE views= 8 weight= 0.75 mean_abs_feat_delta= 0.23907
SECONDARY_EDGE_TTA_ACTIVE views= 8 weight= 0.75 mean_abs_feat_delta= 0.224498
SECONDARY_EDGE_TTA_ACTIVE views= 8 weight= 0.75 mean_abs_feat_delta= 0.23907
SECONDARY_EDGE_TTA_ACTIVE views= 8 weight= 0.75 mean_abs_feat_delta= 0.224498
EDGE_TTA_ACTIVE views= 8 mean_abs_feat_delta= 0.3332
EDGE_TTA_ACTIVE views= 8 mean_abs_feat_delta= 0.280951
EDGE_TTA_ACTIVE views= 8 mean_abs_feat_delta= 0.3332
EDGE_TTA_ACTIVE views= 8 mean_abs_feat_delta= 0.280951
SECONDARY_EDGE_TTA_ACTIVE views= 8 weight= 0.75 mean_abs_feat_delta= 0.240973
SECONDARY_EDGE_TTA_ACTIVE views= 8 weight= 0.75 mean_abs_feat_delta= 0.222975
SECONDARY_EDGE_TTA_ACTIVE views= 8 weight= 0.75 mean_abs_feat_delta= 0.240973
SECONDARY_EDGE_TTA_ACTIVE views= 8 weight= 0.75 mean_abs_feat_delta= 0.222975
EDGE_TTA_ACTIVE views= 8 mean_abs_feat_delta= 0.326396
EDGE_TTA_ACTIVE views= 8 mean_abs_feat_delta= 0.282683
EDGE_TTA_ACTIVE views= 8 mean_abs_feat_delta= 0.326396
EDGE_TTA_ACTIVE views= 8 mean_abs_feat_delta= 0.282683
SECONDARY_EDGE_TTA_ACTIVE views= 8 weight= 0.75 mean_abs_feat_delta= 0.241149
SECONDARY_EDGE_TTA_ACTIVE views= 8 weight= 0.75 mean_abs_feat_delta= 0.216934
SECONDARY_EDGE_TTA_ACTIVE views= 8 weight= 0.75 mean_abs_feat_delta= 0.241149
SECONDARY_EDGE_TTA_ACTIVE views= 8 weight= 0.75 mean_abs_feat_delta= 0.216934
EDGE_TTA_ACTIVE views= 8 mean_abs_feat_delta= 0.327676
EDGE_TTA_ACTIVE views= 8 mean_abs_feat_delta= 0.279078
EDGE_TTA_ACTIVE views= 8 mean_abs_feat_delta= 0.327676
EDGE_TTA_ACTIVE views= 8 mean_abs_feat_delta= 0.279078
SECONDARY_EDGE_TTA_ACTIVE views= 8 weight= 0.75 mean_abs_feat_delta= 0.239348
SECONDARY_EDGE_TTA_ACTIVE views= 8 weight= 0.75 mean_abs_feat_delta= 0.233215
SECONDARY_EDGE_TTA_ACTIVE views= 8 weight= 0.75 mean_abs_feat_delta= 0.239348
SECONDARY_EDGE_TTA_ACTIVE views= 8 weight= 0.75 mean_abs_feat_delta= 0.233215
EDGE_TTA_ACTIVE views= 8 mean_abs_feat_delta= 0.330541
EDGE_TTA_ACTIVE views= 8 mean_abs_feat_delta= 0.283394
EDGE_TTA_ACTIVE views= 8 mean_abs_feat_delta= 0.330541
EDGE_TTA_ACTIVE views= 8 mean_abs_feat_delta= 0.283394
SECONDARY_EDGE_TTA_ACTIVE views= 8 weight= 0.75 mean_abs_feat_delta= 0.242865
SECONDARY_EDGE_TTA_ACTIVE views= 8 weight= 0.75 mean_abs_feat_delta= 0.22335
SECONDARY_EDGE_TTA_ACTIVE views= 8 weight= 0.75 mean_abs_feat_delta= 0.242865
SECONDARY_EDGE_TTA_ACTIVE views= 8 weight= 0.75 mean_abs_feat_delta= 0.22335
EDGE_TTA_ACTIVE views= 8 mean_abs_feat_delta= 0.335217
EDGE_TTA_ACTIVE views= 8 mean_abs_feat_delta= 0.281801
EDGE_TTA_ACTIVE views= 8 mean_abs_feat_delta= 0.335217
EDGE_TTA_ACTIVE views= 8 mean_abs_feat_delta= 0.281801
SECONDARY_EDGE_TTA_ACTIVE views= 8 weight= 0.75 mean_abs_feat_delta= 0.240063
SECONDARY_EDGE_TTA_ACTIVE views= 8 weight= 0.75 mean_abs_feat_delta= 0.223991
SECONDARY_EDGE_TTA_ACTIVE views= 8 weight= 0.75 mean_abs_feat_delta= 0.240063
SECONDARY_EDGE_TTA_ACTIVE views= 8 weight= 0.75 mean_abs_feat_delta= 0.223991
EDGE_TTA_ACTIVE views= 8 mean_abs_feat_delta= 0.283172
EDGE_TTA_ACTIVE views= 8 mean_abs_feat_delta= 0.33513
EDGE_TTA_ACTIVE views= 8 mean_abs_feat_delta= 0.283172
EDGE_TTA_ACTIVE views= 8 mean_abs_feat_delta= 0.33513
SECONDARY_EDGE_TTA_ACTIVE views= 8 weight= 0.75 mean_abs_feat_delta= 0.226702
SECONDARY_EDGE_TTA_ACTIVE views= 8 weight= 0.75 mean_abs_feat_delta= 0.240997
SECONDARY_EDGE_TTA_ACTIVE views= 8 weight= 0.75 mean_abs_feat_delta= 0.226702
SECONDARY_EDGE_TTA_ACTIVE views= 8 weight= 0.75 mean_abs_feat_delta= 0.240997
EDGE_TTA_ACTIVE views= 8 mean_abs_feat_delta= 0.328111
EDGE_TTA_ACTIVE views= 8 mean_abs_feat_delta= 0.281577
EDGE_TTA_ACTIVE views= 8 mean_abs_feat_delta= 0.328111
EDGE_TTA_ACTIVE views= 8 mean_abs_feat_delta= 0.281577
SECONDARY_EDGE_TTA_ACTIVE views= 8 weight= 0.75 mean_abs_feat_delta= 0.212977
SECONDARY_EDGE_TTA_ACTIVE views= 8 weight= 0.75 mean_abs_feat_delta= 0.238986
SECONDARY_EDGE_TTA_ACTIVE views= 8 weight= 0.75 mean_abs_feat_delta= 0.212977
SECONDARY_EDGE_TTA_ACTIVE views= 8 weight= 0.75 mean_abs_feat_delta= 0.238986
EDGE_TTA_ACTIVE views= 8 mean_abs_feat_delta= 0.286587
EDGE_TTA_ACTIVE views= 8 mean_abs_feat_delta= 0.326627
EDGE_TTA_ACTIVE views= 8 mean_abs_feat_delta= 0.286587
EDGE_TTA_ACTIVE views= 8 mean_abs_feat_delta= 0.326627
SECONDARY_EDGE_TTA_ACTIVE views= 8 weight= 0.75 mean_abs_feat_delta= 0.21183
SECONDARY_EDGE_TTA_ACTIVE views= 8 weight= 0.75 mean_abs_feat_delta= 0.235807
SECONDARY_EDGE_TTA_ACTIVE views= 8 weight= 0.75 mean_abs_feat_delta= 0.21183
SECONDARY_EDGE_TTA_ACTIVE views= 8 weight= 0.75 mean_abs_feat_delta= 0.235807
EDGE_TTA_ACTIVE views= 8 mean_abs_feat_delta= 0.290972
EDGE_TTA_ACTIVE views= 8 mean_abs_feat_delta= 0.329018
EDGE_TTA_ACTIVE views= 8 mean_abs_feat_delta= 0.290972
EDGE_TTA_ACTIVE views= 8 mean_abs_feat_delta= 0.329018
SECONDARY_EDGE_TTA_ACTIVE views= 8 weight= 0.75 mean_abs_feat_delta= 0.224569
SECONDARY_EDGE_TTA_ACTIVE views= 8 weight= 0.75 mean_abs_feat_delta= 0.235973
SECONDARY_EDGE_TTA_ACTIVE views= 8 weight= 0.75 mean_abs_feat_delta= 0.224569
SECONDARY_EDGE_TTA_ACTIVE views= 8 weight= 0.75 mean_abs_feat_delta= 0.235973
EDGE_TTA_ACTIVE views= 8 mean_abs_feat_delta= 0.288332
EDGE_TTA_ACTIVE views= 8 mean_abs_feat_delta= 0.333443
EDGE_TTA_ACTIVE views= 8 mean_abs_feat_delta= 0.288332
EDGE_TTA_ACTIVE views= 8 mean_abs_feat_delta= 0.333443
SECONDARY_EDGE_TTA_ACTIVE views= 8 weight= 0.75 mean_abs_feat_delta= 0.225751
SECONDARY_EDGE_TTA_ACTIVE views= 8 weight= 0.75 mean_abs_feat_delta= 0.23251
SECONDARY_EDGE_TTA_ACTIVE views= 8 weight= 0.75 mean_abs_feat_delta= 0.225751
SECONDARY_EDGE_TTA_ACTIVE views= 8 weight= 0.75 mean_abs_feat_delta= 0.23251
EDGE_TTA_ACTIVE views= 8 mean_abs_feat_delta= 0.29016
EDGE_TTA_ACTIVE views= 8 mean_abs_feat_delta= 0.336707
EDGE_TTA_ACTIVE views= 8 mean_abs_feat_delta= 0.29016
EDGE_TTA_ACTIVE views= 8 mean_abs_feat_delta= 0.336707
SECONDARY_EDGE_TTA_ACTIVE views= 8 weight= 0.75 mean_abs_feat_delta= 0.228961
SECONDARY_EDGE_TTA_ACTIVE views= 8 weight= 0.75 mean_abs_feat_delta= 0.228961
SECONDARY_EDGE_TTA_ACTIVE views= 8 weight= 0.75 mean_abs_feat_delta= 0.23487
SECONDARY_EDGE_TTA_ACTIVE views= 8 weight= 0.75 mean_abs_feat_delta= 0.23487
EDGE_TTA_ACTIVE views= 8 mean_abs_feat_delta= 0.292393
EDGE_TTA_ACTIVE views= 8 mean_abs_feat_delta= 0.335779
EDGE_TTA_ACTIVE views= 8 mean_abs_feat_delta= 0.292393
EDGE_TTA_ACTIVE views= 8 mean_abs_feat_delta= 0.335779
SECONDARY_EDGE_TTA_ACTIVE views= 8 weight= 0.75 mean_abs_feat_delta= 0.223144
SECONDARY_EDGE_TTA_ACTIVE views= 8 weight= 0.75 mean_abs_feat_delta= 0.223144
SECONDARY_EDGE_TTA_ACTIVE views= 8 weight= 0.75 mean_abs_feat_delta= 0.236062
SECONDARY_EDGE_TTA_ACTIVE views= 8 weight= 0.75 mean_abs_feat_delta= 0.236062
EDGE_TTA_ACTIVE views= 8 mean_abs_feat_delta= 0.284525
EDGE_TTA_ACTIVE views= 8 mean_abs_feat_delta= 0.328211
EDGE_TTA_ACTIVE views= 8 mean_abs_feat_delta= 0.284525
EDGE_TTA_ACTIVE views= 8 mean_abs_feat_delta= 0.328211
SECONDARY_EDGE_TTA_ACTIVE views= 8 weight= 0.75 mean_abs_feat_delta= 0.24042
SECONDARY_EDGE_TTA_ACTIVE views= 8 weight= 0.75 mean_abs_feat_delta= 0.24042
SECONDARY_EDGE_TTA_ACTIVE views= 8 weight= 0.75 mean_abs_feat_delta= 0.236109
SECONDARY_EDGE_TTA_ACTIVE views= 8 weight= 0.75 mean_abs_feat_delta= 0.236109
EDGE_TTA_ACTIVE views= 8 mean_abs_feat_delta= 0.323615
EDGE_TTA_ACTIVE views= 8 mean_abs_feat_delta= 0.323615
SECONDARY_EDGE_TTA_ACTIVE views= 8 weight= 0.75 mean_abs_feat_delta= 0.237271
SECONDARY_EDGE_TTA_ACTIVE views= 8 weight= 0.75 mean_abs_feat_delta= 0.237271
EDGE_TTA_ACTIVE views= 8 mean_abs_feat_delta= 0.324693
EDGE_TTA_ACTIVE views= 8 mean_abs_feat_delta= 0.324693
SECONDARY_EDGE_TTA_ACTIVE views= 8 weight= 0.75 mean_abs_feat_delta= 0.238368
SECONDARY_EDGE_TTA_ACTIVE views= 8 weight= 0.75 mean_abs_feat_delta= 0.238368
EDGE_TTA_ACTIVE views= 8 mean_abs_feat_delta= 0.32651
EDGE_TTA_ACTIVE views= 8 mean_abs_feat_delta= 0.32651
SECONDARY_EDGE_TTA_ACTIVE views= 8 weight= 0.75 mean_abs_feat_delta= 0.238582
SECONDARY_EDGE_TTA_ACTIVE views= 8 weight= 0.75 mean_abs_feat_delta= 0.238582
EDGE_TTA_ACTIVE views= 8 mean_abs_feat_delta= 0.328408
EDGE_TTA_ACTIVE views= 8 mean_abs_feat_delta= 0.328408
SECONDARY_EDGE_TTA_ACTIVE views= 8 weight= 0.75 mean_abs_feat_delta= 0.239577
SECONDARY_EDGE_TTA_ACTIVE views= 8 weight= 0.75 mean_abs_feat_delta= 0.239577
EDGE_TTA_ACTIVE views= 8 mean_abs_feat_delta= 0.328975
EDGE_TTA_ACTIVE views= 8 mean_abs_feat_delta= 0.328975
SECONDARY_EDGE_TTA_ACTIVE views= 8 weight= 0.75 mean_abs_feat_delta= 0.236484
SECONDARY_EDGE_TTA_ACTIVE views= 8 weight= 0.75 mean_abs_feat_delta= 0.236484
EDGE_TTA_ACTIVE views= 8 mean_abs_feat_delta= 0.329898
EDGE_TTA_ACTIVE views= 8 mean_abs_feat_delta= 0.329898
SECONDARY_EDGE_TTA_ACTIVE views= 8 weight= 0.75 mean_abs_feat_delta= 0.237993
SECONDARY_EDGE_TTA_ACTIVE views= 8 weight= 0.75 mean_abs_feat_delta= 0.237993
EDGE_TTA_ACTIVE views= 8 mean_abs_feat_delta= 0.327894
EDGE_TTA_ACTIVE views= 8 mean_abs_feat_delta= 0.327894
SECONDARY_EDGE_TTA_ACTIVE views= 8 weight= 0.75 mean_abs_feat_delta= 0.237807
SECONDARY_EDGE_TTA_ACTIVE views= 8 weight= 0.75 mean_abs_feat_delta= 0.237807
EDGE_TTA_ACTIVE views= 8 mean_abs_feat_delta= 0.327075
EDGE_TTA_ACTIVE views= 8 mean_abs_feat_delta= 0.327075
SECONDARY_EDGE_TTA_ACTIVE views= 8 weight= 0.75 mean_abs_feat_delta= 0.23964
SECONDARY_EDGE_TTA_ACTIVE views= 8 weight= 0.75 mean_abs_feat_delta= 0.23964
EDGE_TTA_ACTIVE views= 8 mean_abs_feat_delta= 0.325235
EDGE_TTA_ACTIVE views= 8 mean_abs_feat_delta= 0.325235
SECONDARY_EDGE_TTA_ACTIVE views= 8 weight= 0.75 mean_abs_feat_delta= 0.238017
SECONDARY_EDGE_TTA_ACTIVE views= 8 weight= 0.75 mean_abs_feat_delta= 0.238017
EDGE_TTA_ACTIVE views= 8 mean_abs_feat_delta= 0.322041
EDGE_TTA_ACTIVE views= 8 mean_abs_feat_delta= 0.322041
SECONDARY_EDGE_TTA_ACTIVE views= 8 weight= 0.75 mean_abs_feat_delta= 0.238274
SECONDARY_EDGE_TTA_ACTIVE views= 8 weight= 0.75 mean_abs_feat_delta= 0.238274
EDGE_TTA_ACTIVE views= 8 mean_abs_feat_delta= 0.322646
EDGE_TTA_ACTIVE views= 8 mean_abs_feat_delta= 0.322646
SECONDARY_EDGE_TTA_ACTIVE views= 8 weight= 0.75 mean_abs_feat_delta= 0.237859
SECONDARY_EDGE_TTA_ACTIVE views= 8 weight= 0.75 mean_abs_feat_delta= 0.237859
EDGE_TTA_ACTIVE views= 8 mean_abs_feat_delta= 0.321154
EDGE_TTA_ACTIVE views= 8 mean_abs_feat_delta= 0.321154
SECONDARY_EDGE_TTA_ACTIVE views= 8 weight= 0.75 mean_abs_feat_delta= 0.240778
SECONDARY_EDGE_TTA_ACTIVE views= 8 weight= 0.75 mean_abs_feat_delta= 0.240778
EDGE_TTA_ACTIVE views= 8 mean_abs_feat_delta= 0.323674
EDGE_TTA_ACTIVE views= 8 mean_abs_feat_delta= 0.323674
Saved 4 predictions to /kaggle/working/tracking_repo/predictions/unknown/unet_transformer_val_gpu1/split_0
Saved 4 predictions to /kaggle/working/tracking_repo/predictions/unknown/unet_transformer_val_gpu1/split_0
SECONDARY_EDGE_TTA_ACTIVE views= 8 weight= 0.75 mean_abs_feat_delta= 0.237089
SECONDARY_EDGE_TTA_ACTIVE views= 8 weight= 0.75 mean_abs_feat_delta= 0.237089
EDGE_TTA_ACTIVE views= 8 mean_abs_feat_delta= 0.323378
EDGE_TTA_ACTIVE views= 8 mean_abs_feat_delta= 0.323378
SECONDARY_EDGE_TTA_ACTIVE views= 8 weight= 0.75 mean_abs_feat_delta= 0.235941
SECONDARY_EDGE_TTA_ACTIVE views= 8 weight= 0.75 mean_abs_feat_delta= 0.235941
EDGE_TTA_ACTIVE views= 8 mean_abs_feat_delta= 0.321629
EDGE_TTA_ACTIVE views= 8 mean_abs_feat_delta= 0.321629
SECONDARY_EDGE_TTA_ACTIVE views= 8 weight= 0.75 mean_abs_feat_delta= 0.235451
SECONDARY_EDGE_TTA_ACTIVE views= 8 weight= 0.75 mean_abs_feat_delta= 0.235451
EDGE_TTA_ACTIVE views= 8 mean_abs_feat_delta= 0.318921
EDGE_TTA_ACTIVE views= 8 mean_abs_feat_delta= 0.318921
SECONDARY_EDGE_TTA_ACTIVE views= 8 weight= 0.75 mean_abs_feat_delta= 0.232827
SECONDARY_EDGE_TTA_ACTIVE views= 8 weight= 0.75 mean_abs_feat_delta= 0.232827
EDGE_TTA_ACTIVE views= 8 mean_abs_feat_delta= 0.320734
EDGE_TTA_ACTIVE views= 8 mean_abs_feat_delta= 0.320734
SECONDARY_EDGE_TTA_ACTIVE views= 8 weight= 0.75 mean_abs_feat_delta= 0.235531
SECONDARY_EDGE_TTA_ACTIVE views= 8 weight= 0.75 mean_abs_feat_delta= 0.235531
EDGE_TTA_ACTIVE views= 8 mean_abs_feat_delta= 0.323839
EDGE_TTA_ACTIVE views= 8 mean_abs_feat_delta= 0.323839
SECONDARY_EDGE_TTA_ACTIVE views= 8 weight= 0.75 mean_abs_feat_delta= 0.232285
SECONDARY_EDGE_TTA_ACTIVE views= 8 weight= 0.75 mean_abs_feat_delta= 0.232285
EDGE_TTA_ACTIVE views= 8 mean_abs_feat_delta= 0.322788
EDGE_TTA_ACTIVE views= 8 mean_abs_feat_delta= 0.322788
SECONDARY_EDGE_TTA_ACTIVE views= 8 weight= 0.75 mean_abs_feat_delta= 0.230336
SECONDARY_EDGE_TTA_ACTIVE views= 8 weight= 0.75 mean_abs_feat_delta= 0.230336
EDGE_TTA_ACTIVE views= 8 mean_abs_feat_delta= 0.32248
EDGE_TTA_ACTIVE views= 8 mean_abs_feat_delta= 0.32248
SECONDARY_EDGE_TTA_ACTIVE views= 8 weight= 0.75 mean_abs_feat_delta= 0.230028
SECONDARY_EDGE_TTA_ACTIVE views= 8 weight= 0.75 mean_abs_feat_delta= 0.230028
EDGE_TTA_ACTIVE views= 8 mean_abs_feat_delta= 0.319289
EDGE_TTA_ACTIVE views= 8 mean_abs_feat_delta= 0.319289
SECONDARY_EDGE_TTA_ACTIVE views= 8 weight= 0.75 mean_abs_feat_delta= 0.22852
SECONDARY_EDGE_TTA_ACTIVE views= 8 weight= 0.75 mean_abs_feat_delta= 0.22852
EDGE_TTA_ACTIVE views= 8 mean_abs_feat_delta= 0.321281
EDGE_TTA_ACTIVE views= 8 mean_abs_feat_delta= 0.321281
SECONDARY_EDGE_TTA_ACTIVE views= 8 weight= 0.75 mean_abs_feat_delta= 0.229654
SECONDARY_EDGE_TTA_ACTIVE views= 8 weight= 0.75 mean_abs_feat_delta= 0.229654
EDGE_TTA_ACTIVE views= 8 mean_abs_feat_delta= 0.320096
EDGE_TTA_ACTIVE views= 8 mean_abs_feat_delta= 0.320096
SECONDARY_EDGE_TTA_ACTIVE views= 8 weight= 0.75 mean_abs_feat_delta= 0.233875
SECONDARY_EDGE_TTA_ACTIVE views= 8 weight= 0.75 mean_abs_feat_delta= 0.233875
EDGE_TTA_ACTIVE views= 8 mean_abs_feat_delta= 0.322533
EDGE_TTA_ACTIVE views= 8 mean_abs_feat_delta= 0.322533
SECONDARY_EDGE_TTA_ACTIVE views= 8 weight= 0.75 mean_abs_feat_delta= 0.236398
SECONDARY_EDGE_TTA_ACTIVE views= 8 weight= 0.75 mean_abs_feat_delta= 0.236398
EDGE_TTA_ACTIVE views= 8 mean_abs_feat_delta= 0.324871
EDGE_TTA_ACTIVE views= 8 mean_abs_feat_delta= 0.324871
SECONDARY_EDGE_TTA_ACTIVE views= 8 weight= 0.75 mean_abs_feat_delta= 0.231312
SECONDARY_EDGE_TTA_ACTIVE views= 8 weight= 0.75 mean_abs_feat_delta= 0.231312
EDGE_TTA_ACTIVE views= 8 mean_abs_feat_delta= 0.322556
EDGE_TTA_ACTIVE views= 8 mean_abs_feat_delta= 0.322556
SECONDARY_EDGE_TTA_ACTIVE views= 8 weight= 0.75 mean_abs_feat_delta= 0.231049
SECONDARY_EDGE_TTA_ACTIVE views= 8 weight= 0.75 mean_abs_feat_delta= 0.231049
EDGE_TTA_ACTIVE views= 8 mean_abs_feat_delta= 0.320114
EDGE_TTA_ACTIVE views= 8 mean_abs_feat_delta= 0.320114
SECONDARY_EDGE_TTA_ACTIVE views= 8 weight= 0.75 mean_abs_feat_delta= 0.231387
SECONDARY_EDGE_TTA_ACTIVE views= 8 weight= 0.75 mean_abs_feat_delta= 0.231387
EDGE_TTA_ACTIVE views= 8 mean_abs_feat_delta= 0.318514
EDGE_TTA_ACTIVE views= 8 mean_abs_feat_delta= 0.318514
SECONDARY_EDGE_TTA_ACTIVE views= 8 weight= 0.75 mean_abs_feat_delta= 0.228925
SECONDARY_EDGE_TTA_ACTIVE views= 8 weight= 0.75 mean_abs_feat_delta= 0.228925
EDGE_TTA_ACTIVE views= 8 mean_abs_feat_delta= 0.322403
EDGE_TTA_ACTIVE views= 8 mean_abs_feat_delta= 0.322403
SECONDARY_EDGE_TTA_ACTIVE views= 8 weight= 0.75 mean_abs_feat_delta= 0.233001
SECONDARY_EDGE_TTA_ACTIVE views= 8 weight= 0.75 mean_abs_feat_delta= 0.233001
EDGE_TTA_ACTIVE views= 8 mean_abs_feat_delta= 0.320312
EDGE_TTA_ACTIVE views= 8 mean_abs_feat_delta= 0.320312
SECONDARY_EDGE_TTA_ACTIVE views= 8 weight= 0.75 mean_abs_feat_delta= 0.231556
SECONDARY_EDGE_TTA_ACTIVE views= 8 weight= 0.75 mean_abs_feat_delta= 0.231556
EDGE_TTA_ACTIVE views= 8 mean_abs_feat_delta= 0.324015
EDGE_TTA_ACTIVE views= 8 mean_abs_feat_delta= 0.324015
SECONDARY_EDGE_TTA_ACTIVE views= 8 weight= 0.75 mean_abs_feat_delta= 0.231264
SECONDARY_EDGE_TTA_ACTIVE views= 8 weight= 0.75 mean_abs_feat_delta= 0.231264
EDGE_TTA_ACTIVE views= 8 mean_abs_feat_delta= 0.326506
EDGE_TTA_ACTIVE views= 8 mean_abs_feat_delta= 0.326506
SECONDARY_EDGE_TTA_ACTIVE views= 8 weight= 0.75 mean_abs_feat_delta= 0.229436
SECONDARY_EDGE_TTA_ACTIVE views= 8 weight= 0.75 mean_abs_feat_delta= 0.229436
EDGE_TTA_ACTIVE views= 8 mean_abs_feat_delta= 0.326088
EDGE_TTA_ACTIVE views= 8 mean_abs_feat_delta= 0.326088
SECONDARY_EDGE_TTA_ACTIVE views= 8 weight= 0.75 mean_abs_feat_delta= 0.229138
SECONDARY_EDGE_TTA_ACTIVE views= 8 weight= 0.75 mean_abs_feat_delta= 0.229138
EDGE_TTA_ACTIVE views= 8 mean_abs_feat_delta= 0.325667
EDGE_TTA_ACTIVE views= 8 mean_abs_feat_delta= 0.325667
SECONDARY_EDGE_TTA_ACTIVE views= 8 weight= 0.75 mean_abs_feat_delta= 0.22983
SECONDARY_EDGE_TTA_ACTIVE views= 8 weight= 0.75 mean_abs_feat_delta= 0.22983
EDGE_TTA_ACTIVE views= 8 mean_abs_feat_delta= 0.328685
EDGE_TTA_ACTIVE views= 8 mean_abs_feat_delta= 0.328685
SECONDARY_EDGE_TTA_ACTIVE views= 8 weight= 0.75 mean_abs_feat_delta= 0.230204
SECONDARY_EDGE_TTA_ACTIVE views= 8 weight= 0.75 mean_abs_feat_delta= 0.230204
EDGE_TTA_ACTIVE views= 8 mean_abs_feat_delta= 0.327838
EDGE_TTA_ACTIVE views= 8 mean_abs_feat_delta= 0.327838
SECONDARY_EDGE_TTA_ACTIVE views= 8 weight= 0.75 mean_abs_feat_delta= 0.230942
SECONDARY_EDGE_TTA_ACTIVE views= 8 weight= 0.75 mean_abs_feat_delta= 0.230942
EDGE_TTA_ACTIVE views= 8 mean_abs_feat_delta= 0.330718
EDGE_TTA_ACTIVE views= 8 mean_abs_feat_delta= 0.330718
SECONDARY_EDGE_TTA_ACTIVE views= 8 weight= 0.75 mean_abs_feat_delta= 0.226047
SECONDARY_EDGE_TTA_ACTIVE views= 8 weight= 0.75 mean_abs_feat_delta= 0.226047
Saved 4 predictions to /kaggle/working/tracking_repo/predictions/unknown/unet_transformer_val_gpu0/split_0
Saved 4 predictions to /kaggle/working/tracking_repo/predictions/unknown/unet_transformer_val_gpu0/split_0
VALIDATOR: merged 8 prediction graphs into /kaggle/working/tracking_repo/predictions/unknown/unet_transformer_val/split_0
VALIDATOR: prediction completed in 16.84 minutes
Post-process base configuration (public 0.939):
  SAFE_DIV_MAX_UM                          9.0
  SAFE_DIV_SISTER_MAX_UM                   14.0
  SAFE_DIV_DIVERGE_UM                      2.25
  SAFE_DIV_SISTER_SYMMETRY_TAU             0.6
  SAFE_DIV_EXISTING_CHILD_MAX_UM           10.0
  SAFE_DIV_FRAME_FRAC_CAP                  0.0076
  SAFE_DIV_GLOBAL_FRAC_CAP                 0.00375
  DEEPCENTER_SAFE_DIV_THRESHOLD            0.25
  DEEPCENTER_GAP_THRESHOLD                 0.25
  GAP_CLOSE_UM                             5.0
  OUTPUT_MIN_TRACK_LEN                     6
  SHORT_TRACK_RESCUE_MIN_MEAN_EDGE_PROB    0.88
  MOTION_RELINK_TIGHT_UM                   6.0
  MOTION_RELINK_RELAXED_UM                 10.0
  GAP2_MAX_STEP_UM                         4.4
  GAP2_MAX_TOTAL_UM                        10.2
  MOTION_RELINK_LEARNED_BONUS              1.0
  MOTION_RELINK_VELOCITY_WEIGHT            0.5
  GAP_CLOSE_REUSE_UM                       3.2
  OUTPUT_EDGE_MAX_UM                       14.0
  LEAF_PRUNE_MIN_EDGE_PROB                 0.0
VALIDATOR: cached 8 raw prediction graphs + GT

==============================================================================
LOCAL VALIDATOR -- base configuration (public 0.939), official metric formula
(https://github.com/royerlab/kaggle-cell-tracking-competition/blob/main/metrics.md)
==============================================================================
  [44b6_12dfb391] after edge-filter+motion-relink: 45351 nodes, 43045 edges
  [44b6_12dfb391] after gap-closing (single-frame + gap2): 46006 nodes, 44284 edges
  [44b6_12dfb391] after safe-division repair: 46006 nodes, 44302 edges (geometric_candidates=150, deepcenter_rejected=132, post_veto_candidates=18, added=18, cap_skipped=0, mutual_nn_rejected=59, divergence_rejected=1557)
  [44b6_12dfb391] after division-geometry-filter+prune-isolated: 46004 nodes, 44302 edges
  [44b6_12dfb391] after short-track filtering: 44953 nodes, 43488 edges (components_removed=237)
  [44b6_12dfb391] FINAL: 44953 nodes, 43488 edges
  [44b6_267148e4] after edge-filter+motion-relink: 22829 nodes, 21448 edges
  [44b6_267148e4] after gap-closing (single-frame + gap2): 23070 nodes, 21883 edges
  [44b6_267148e4] after safe-division repair: 23070 nodes, 21899 edges (geometric_candidates=207, deepcenter_rejected=185, post_veto_candidates=22, added=16, cap_skipped=0, mutual_nn_rejected=133, divergence_rejected=1057)
  [44b6_267148e4] after division-geometry-filter+prune-isolated: 23010 nodes, 21899 edges
  [44b6_267148e4] after short-track filtering: 22247 nodes, 21320 edges (components_removed=184)
  [44b6_267148e4] FINAL: 22247 nodes, 21320 edges
  [44b6_2a2eff9f] after edge-filter+motion-relink: 40928 nodes, 38433 edges
  [44b6_2a2eff9f] after gap-closing (single-frame + gap2): 41455 nodes, 39412 edges
  [44b6_2a2eff9f] after safe-division repair: 41455 nodes, 39444 edges (geometric_candidates=291, deepcenter_rejected=259, post_veto_candidates=32, added=32, cap_skipped=0, mutual_nn_rejected=74, divergence_rejected=1655)
  [44b6_2a2eff9f] after division-geometry-filter+prune-isolated: 41451 nodes, 39444 edges
  [44b6_2a2eff9f] after short-track filtering: 40137 nodes, 38426 edges (components_removed=296)
  [44b6_2a2eff9f] FINAL: 40137 nodes, 38426 edges
  [44b6_341df25f] after edge-filter+motion-relink: 8523 nodes, 8210 edges
  [44b6_341df25f] after gap-closing (single-frame + gap2): 8569 nodes, 8290 edges
  [44b6_341df25f] after safe-division repair: 8569 nodes, 8301 edges (geometric_candidates=36, deepcenter_rejected=23, post_veto_candidates=13, added=11, cap_skipped=0, mutual_nn_rejected=3, divergence_rejected=140)
  [44b6_341df25f] after division-geometry-filter+prune-isolated: 8569 nodes, 8301 edges
  [44b6_341df25f] after short-track filtering: 8413 nodes, 8179 edges (components_removed=34)
  [44b6_341df25f] FINAL: 8413 nodes, 8179 edges
  [6bba_062c8d37] after edge-filter+motion-relink: 5997 nodes, 5645 edges
  [6bba_062c8d37] after gap-closing (single-frame + gap2): 6048 nodes, 5740 edges
  [6bba_062c8d37] after safe-division repair: 6048 nodes, 5744 edges (geometric_candidates=15, deepcenter_rejected=11, post_veto_candidates=4, added=4, cap_skipped=0, mutual_nn_rejected=3, divergence_rejected=66)
  [6bba_062c8d37] after division-geometry-filter+prune-isolated: 6022 nodes, 5744 edges
  [6bba_062c8d37] after short-track filtering: 5853 nodes, 5620 edges (components_removed=45)
  [6bba_062c8d37] FINAL: 5853 nodes, 5620 edges
  [6bba_07e24132] after edge-filter+motion-relink: 29751 nodes, 28214 edges
  [6bba_07e24132] after gap-closing (single-frame + gap2): 30087 nodes, 28828 edges
  [6bba_07e24132] after safe-division repair: 30087 nodes, 28831 edges (geometric_candidates=118, deepcenter_rejected=115, post_veto_candidates=3, added=3, cap_skipped=0, mutual_nn_rejected=69, divergence_rejected=1006)
  [6bba_07e24132] after division-geometry-filter+prune-isolated: 30080 nodes, 28831 edges
  [6bba_07e24132] after short-track filtering: 29181 nodes, 28140 edges (components_removed=208)
  [6bba_07e24132] FINAL: 29181 nodes, 28140 edges
  [6bba_085bf656] after edge-filter+motion-relink: 8417 nodes, 8092 edges
  [6bba_085bf656] after gap-closing (single-frame + gap2): 8438 nodes, 8131 edges
  [6bba_085bf656] after safe-division repair: 8438 nodes, 8134 edges (geometric_candidates=21, deepcenter_rejected=18, post_veto_candidates=3, added=3, cap_skipped=0, mutual_nn_rejected=4, divergence_rejected=102)
  [6bba_085bf656] after division-geometry-filter+prune-isolated: 8435 nodes, 8134 edges
  [6bba_085bf656] after short-track filtering: 8300 nodes, 8029 edges (components_removed=30)
  [6bba_085bf656] FINAL: 8300 nodes, 8029 edges
  [6bba_09961292] after edge-filter+motion-relink: 29955 nodes, 28814 edges
  [6bba_09961292] after gap-closing (single-frame + gap2): 30171 nodes, 29207 edges
  [6bba_09961292] after safe-division repair: 30171 nodes, 29231 edges (geometric_candidates=97, deepcenter_rejected=69, post_veto_candidates=28, added=24, cap_skipped=0, mutual_nn_rejected=73, divergence_rejected=989)
  [6bba_09961292] after division-geometry-filter+prune-isolated: 30165 nodes, 29231 edges
  [6bba_09961292] after short-track filtering: 29753 nodes, 28917 edges (components_removed=98)
  [6bba_09961292] FINAL: 29753 nodes, 28917 edges
  44b6_12dfb391                edge_jaccard=0.9256 adj=0.9472 T_pred=44953 T_true=58672.0 div(tp/fp/fn)=(0/0/1) safe_div_added=18
  44b6_267148e4                edge_jaccard=0.8182 adj=0.8049 T_pred=22247 T_true=19130.0 div(tp/fp/fn)=(0/0/1) safe_div_added=16
  44b6_2a2eff9f                edge_jaccard=0.8571 adj=0.8818 T_pred=40137 T_true=56367.0 div(tp/fp/fn)=(1/1/0) safe_div_added=32
  44b6_341df25f                edge_jaccard=0.9904 adj=0.9774 T_pred=8413 T_true=7436.0 div(tp/fp/fn)=(1/0/0) safe_div_added=11
  6bba_062c8d37                edge_jaccard=0.9801 adj=0.9830 T_pred=5853 T_true=6030.0 div(tp/fp/fn)=(1/0/0) safe_div_added=4
  6bba_07e24132                edge_jaccard=0.8384 adj=0.8083 T_pred=29181 T_true=21485.0 div(tp/fp/fn)=(0/0/2) safe_div_added=3
  6bba_085bf656                edge_jaccard=0.9932 adj=0.9951 T_pred=8300 T_true=8463.0 div(tp/fp/fn)=(0/0/1) safe_div_added=3
  6bba_09961292                edge_jaccard=0.8872 adj=0.8911 T_pred=29753 T_true=31117.0 div(tp/fp/fn)=(0/0/4) safe_div_added=24
[base] n=8 adjusted_edge_jaccard=0.9260 division_jaccard=0.2308 (tp/fp/fn=3/1/9) PROXY_SCORE=0.9490  [7.2 min]
Per-sample validator rows written to /kaggle/working/validator_results.csv

==============================================================================
DIVISION-FN RECOVERABILITY AUDIT (base config, diagnostic only)
==============================================================================
  44b6_12dfb391                recoverable_by_postprocess=1  missing_second_daughter=0  parent_unmatched=0
  44b6_267148e4                recoverable_by_postprocess=1  missing_second_daughter=0  parent_unmatched=0
  44b6_2a2eff9f                recoverable_by_postprocess=1  missing_second_daughter=0  parent_unmatched=0
  6bba_07e24132                recoverable_by_postprocess=1  missing_second_daughter=1  parent_unmatched=0
  6bba_085bf656                recoverable_by_postprocess=0  missing_second_daughter=1  parent_unmatched=0
  6bba_09961292                recoverable_by_postprocess=3  missing_second_daughter=1  parent_unmatched=0
TOTAL: reproduced_ok=2  recoverable_by_postprocess=7  missing_second_daughter=3  parent_unmatched=0
recoverable -> try dcsd010/dcsd015/divwide/sym075/diverge150 family
missing     -> detection-limited; post-processing cannot recover these
==============================================================================
POST-PROCESS SWEEP -- 24 candidates x 8 held-out videos
==============================================================================
  [44b6_12dfb391] after edge-filter+motion-relink: 45351 nodes, 43045 edges
  [44b6_12dfb391] after gap-closing (single-frame + gap2): 46001 nodes, 44273 edges
  [44b6_12dfb391] after safe-division repair: 46001 nodes, 44291 edges (geometric_candidates=151, deepcenter_rejected=133, post_veto_candidates=18, added=18, cap_skipped=0, mutual_nn_rejected=60, divergence_rejected=1568)
  [44b6_12dfb391] after division-geometry-filter+prune-isolated: 45999 nodes, 44291 edges
  [44b6_12dfb391] after short-track filtering: 44939 nodes, 43470 edges (components_removed=239)
  [44b6_12dfb391] FINAL: 44939 nodes, 43470 edges
  [44b6_267148e4] after edge-filter+motion-relink: 22829 nodes, 21448 edges
  [44b6_267148e4] after gap-closing (single-frame + gap2): 23061 nodes, 21865 edges
  [44b6_267148e4] after safe-division repair: 23061 nodes, 21882 edges (geometric_candidates=209, deepcenter_rejected=186, post_veto_candidates=23, added=17, cap_skipped=0, mutual_nn_rejected=138, divergence_rejected=1064)
  [44b6_267148e4] after division-geometry-filter+prune-isolated: 23001 nodes, 21882 edges
  [44b6_267148e4] after short-track filtering: 22228 nodes, 21295 edges (components_removed=186)
  [44b6_267148e4] FINAL: 22228 nodes, 21295 edges
  [44b6_2a2eff9f] after edge-filter+motion-relink: 40928 nodes, 38433 edges
  [44b6_2a2eff9f] after gap-closing (single-frame + gap2): 41445 nodes, 39392 edges
  [44b6_2a2eff9f] after safe-division repair: 41445 nodes, 39425 edges (geometric_candidates=294, deepcenter_rejected=261, post_veto_candidates=33, added=33, cap_skipped=0, mutual_nn_rejected=75, divergence_rejected=1669)
  [44b6_2a2eff9f] after division-geometry-filter+prune-isolated: 41441 nodes, 39425 edges
  [44b6_2a2eff9f] after short-track filtering: 40119 nodes, 38401 edges (components_removed=298)
  [44b6_2a2eff9f] FINAL: 40119 nodes, 38401 edges
  [44b6_341df25f] after edge-filter+motion-relink: 8523 nodes, 8210 edges
  [44b6_341df25f] after gap-closing (single-frame + gap2): 8568 nodes, 8288 edges
  [44b6_341df25f] after safe-division repair: 8568 nodes, 8299 edges (geometric_candidates=36, deepcenter_rejected=23, post_veto_candidates=13, added=11, cap_skipped=0, mutual_nn_rejected=3, divergence_rejected=141)
  [44b6_341df25f] after division-geometry-filter+prune-isolated: 8568 nodes, 8299 edges
  [44b6_341df25f] after short-track filtering: 8409 nodes, 8175 edges (components_removed=35)
  [44b6_341df25f] FINAL: 8409 nodes, 8175 edges
  [6bba_062c8d37] after edge-filter+motion-relink: 5997 nodes, 5645 edges
  [6bba_062c8d37] after gap-closing (single-frame + gap2): 6048 nodes, 5740 edges
  [6bba_062c8d37] after safe-division repair: 6048 nodes, 5744 edges (geometric_candidates=15, deepcenter_rejected=11, post_veto_candidates=4, added=4, cap_skipped=0, mutual_nn_rejected=3, divergence_rejected=66)
  [6bba_062c8d37] after division-geometry-filter+prune-isolated: 6022 nodes, 5744 edges
  [6bba_062c8d37] after short-track filtering: 5853 nodes, 5620 edges (components_removed=45)
  [6bba_062c8d37] FINAL: 5853 nodes, 5620 edges
  [6bba_07e24132] after edge-filter+motion-relink: 29751 nodes, 28214 edges
  [6bba_07e24132] after gap-closing (single-frame + gap2): 30087 nodes, 28828 edges
  [6bba_07e24132] after safe-division repair: 30087 nodes, 28831 edges (geometric_candidates=118, deepcenter_rejected=115, post_veto_candidates=3, added=3, cap_skipped=0, mutual_nn_rejected=69, divergence_rejected=1006)
  [6bba_07e24132] after division-geometry-filter+prune-isolated: 30080 nodes, 28831 edges
  [6bba_07e24132] after short-track filtering: 29181 nodes, 28140 edges (components_removed=208)
  [6bba_07e24132] FINAL: 29181 nodes, 28140 edges
  [6bba_085bf656] after edge-filter+motion-relink: 8417 nodes, 8092 edges
  [6bba_085bf656] after gap-closing (single-frame + gap2): 8438 nodes, 8131 edges
  [6bba_085bf656] after safe-division repair: 8438 nodes, 8134 edges (geometric_candidates=21, deepcenter_rejected=18, post_veto_candidates=3, added=3, cap_skipped=0, mutual_nn_rejected=4, divergence_rejected=102)
  [6bba_085bf656] after division-geometry-filter+prune-isolated: 8435 nodes, 8134 edges
  [6bba_085bf656] after short-track filtering: 8300 nodes, 8029 edges (components_removed=30)
  [6bba_085bf656] FINAL: 8300 nodes, 8029 edges
  [6bba_09961292] after edge-filter+motion-relink: 29955 nodes, 28814 edges
  [6bba_09961292] after gap-closing (single-frame + gap2): 30165 nodes, 29195 edges
  [6bba_09961292] after safe-division repair: 30165 nodes, 29220 edges (geometric_candidates=98, deepcenter_rejected=69, post_veto_candidates=29, added=25, cap_skipped=0, mutual_nn_rejected=76, divergence_rejected=1004)
  [6bba_09961292] after division-geometry-filter+prune-isolated: 30159 nodes, 29220 edges
  [6bba_09961292] after short-track filtering: 29742 nodes, 28902 edges (components_removed=99)
  [6bba_09961292] FINAL: 29742 nodes, 28902 edges
[gap45] n=8 adjusted_edge_jaccard=0.9260 division_jaccard=0.2308 (tp/fp/fn=3/1/9) PROXY_SCORE=0.9491  [6.8 min]
  [44b6_12dfb391] after edge-filter+motion-relink: 45351 nodes, 43042 edges
  [44b6_12dfb391] after gap-closing (single-frame + gap2): 46007 nodes, 44283 edges
  [44b6_12dfb391] after safe-division repair: 46007 nodes, 44301 edges (geometric_candidates=150, deepcenter_rejected=132, post_veto_candidates=18, added=18, cap_skipped=0, mutual_nn_rejected=59, divergence_rejected=1566)
  [44b6_12dfb391] after division-geometry-filter+prune-isolated: 46005 nodes, 44301 edges
  [44b6_12dfb391] after short-track filtering: 44959 nodes, 43491 edges (components_removed=236)
  [44b6_12dfb391] FINAL: 44959 nodes, 43491 edges
  [44b6_267148e4] after edge-filter+motion-relink: 22829 nodes, 21464 edges
  [44b6_267148e4] after gap-closing (single-frame + gap2): 23063 nodes, 21888 edges
  [44b6_267148e4] after safe-division repair: 23063 nodes, 21905 edges (geometric_candidates=210, deepcenter_rejected=188, post_veto_candidates=22, added=17, cap_skipped=0, mutual_nn_rejected=117, divergence_rejected=1048)
  [44b6_267148e4] after division-geometry-filter+prune-isolated: 23009 nodes, 21905 edges
  [44b6_267148e4] after short-track filtering: 22273 nodes, 21349 edges (components_removed=180)
  [44b6_267148e4] FINAL: 22273 nodes, 21349 edges
  [44b6_2a2eff9f] after edge-filter+motion-relink: 40928 nodes, 38430 edges
  [44b6_2a2eff9f] after gap-closing (single-frame + gap2): 41457 nodes, 39413 edges
  [44b6_2a2eff9f] after safe-division repair: 41457 nodes, 39445 edges (geometric_candidates=293, deepcenter_rejected=261, post_veto_candidates=32, added=32, cap_skipped=0, mutual_nn_rejected=74, divergence_rejected=1659)
  [44b6_2a2eff9f] after division-geometry-filter+prune-isolated: 41453 nodes, 39445 edges
  [44b6_2a2eff9f] after short-track filtering: 40124 nodes, 38416 edges (components_removed=300)
  [44b6_2a2eff9f] FINAL: 40124 nodes, 38416 edges
  [44b6_341df25f] after edge-filter+motion-relink: 8523 nodes, 8210 edges
  [44b6_341df25f] after gap-closing (single-frame + gap2): 8569 nodes, 8290 edges
  [44b6_341df25f] after safe-division repair: 8569 nodes, 8301 edges (geometric_candidates=36, deepcenter_rejected=23, post_veto_candidates=13, added=11, cap_skipped=0, mutual_nn_rejected=3, divergence_rejected=140)
  [44b6_341df25f] after division-geometry-filter+prune-isolated: 8569 nodes, 8301 edges
  [44b6_341df25f] after short-track filtering: 8413 nodes, 8179 edges (components_removed=34)
  [44b6_341df25f] FINAL: 8413 nodes, 8179 edges
  [6bba_062c8d37] after edge-filter+motion-relink: 5997 nodes, 5648 edges
  [6bba_062c8d37] after gap-closing (single-frame + gap2): 6048 nodes, 5743 edges
  [6bba_062c8d37] after safe-division repair: 6048 nodes, 5747 edges (geometric_candidates=15, deepcenter_rejected=11, post_veto_candidates=4, added=4, cap_skipped=0, mutual_nn_rejected=3, divergence_rejected=63)
  [6bba_062c8d37] after division-geometry-filter+prune-isolated: 6022 nodes, 5747 edges
  [6bba_062c8d37] after short-track filtering: 5853 nodes, 5623 edges (components_removed=45)
  [6bba_062c8d37] FINAL: 5853 nodes, 5623 edges
  [6bba_07e24132] after edge-filter+motion-relink: 29751 nodes, 28212 edges
  [6bba_07e24132] after gap-closing (single-frame + gap2): 30088 nodes, 28828 edges
  [6bba_07e24132] after safe-division repair: 30088 nodes, 28831 edges (geometric_candidates=117, deepcenter_rejected=114, post_veto_candidates=3, added=3, cap_skipped=0, mutual_nn_rejected=68, divergence_rejected=1011)
  [6bba_07e24132] after division-geometry-filter+prune-isolated: 30079 nodes, 28831 edges
  [6bba_07e24132] after short-track filtering: 29179 nodes, 28139 edges (components_removed=208)
  [6bba_07e24132] FINAL: 29179 nodes, 28139 edges
  [6bba_085bf656] after edge-filter+motion-relink: 8417 nodes, 8092 edges
  [6bba_085bf656] after gap-closing (single-frame + gap2): 8438 nodes, 8131 edges
  [6bba_085bf656] after safe-division repair: 8438 nodes, 8134 edges (geometric_candidates=21, deepcenter_rejected=18, post_veto_candidates=3, added=3, cap_skipped=0, mutual_nn_rejected=4, divergence_rejected=102)
  [6bba_085bf656] after division-geometry-filter+prune-isolated: 8435 nodes, 8134 edges
  [6bba_085bf656] after short-track filtering: 8300 nodes, 8029 edges (components_removed=30)
  [6bba_085bf656] FINAL: 8300 nodes, 8029 edges
  [6bba_09961292] after edge-filter+motion-relink: 29955 nodes, 28827 edges
  [6bba_09961292] after gap-closing (single-frame + gap2): 30167 nodes, 29212 edges
  [6bba_09961292] after safe-division repair: 30167 nodes, 29236 edges (geometric_candidates=92, deepcenter_rejected=67, post_veto_candidates=25, added=24, cap_skipped=0, mutual_nn_rejected=66, divergence_rejected=972)
  [6bba_09961292] after division-geometry-filter+prune-isolated: 30163 nodes, 29236 edges
  [6bba_09961292] after short-track filtering: 29742 nodes, 28915 edges (components_removed=100)
  [6bba_09961292] FINAL: 29742 nodes, 28915 edges
[tight55] n=8 adjusted_edge_jaccard=0.9280 division_jaccard=0.2308 (tp/fp/fn=3/1/9) PROXY_SCORE=0.9511  [7.2 min]
  [44b6_12dfb391] after edge-filter+motion-relink: 45351 nodes, 43007 edges
  [44b6_12dfb391] after gap-closing (single-frame + gap2): 46032 nodes, 44295 edges
  [44b6_12dfb391] after safe-division repair: 46032 nodes, 44313 edges (geometric_candidates=150, deepcenter_rejected=132, post_veto_candidates=18, added=18, cap_skipped=0, mutual_nn_rejected=58, divergence_rejected=1560)
  [44b6_12dfb391] after division-geometry-filter+prune-isolated: 46030 nodes, 44313 edges
  [44b6_12dfb391] after short-track filtering: 44951 nodes, 43478 edges (components_removed=244)
  [44b6_12dfb391] FINAL: 44951 nodes, 43478 edges
  [44b6_267148e4] after edge-filter+motion-relink: 22829 nodes, 21382 edges
  [44b6_267148e4] after gap-closing (single-frame + gap2): 23093 nodes, 21863 edges
  [44b6_267148e4] after safe-division repair: 23093 nodes, 21879 edges (geometric_candidates=209, deepcenter_rejected=186, post_veto_candidates=23, added=16, cap_skipped=0, mutual_nn_rejected=146, divergence_rejected=1093)
  [44b6_267148e4] after division-geometry-filter+prune-isolated: 23028 nodes, 21879 edges
  [44b6_267148e4] after short-track filtering: 22250 nodes, 21292 edges (components_removed=191)
  [44b6_267148e4] FINAL: 22250 nodes, 21292 edges
  [44b6_2a2eff9f] after edge-filter+motion-relink: 40928 nodes, 38395 edges
  [44b6_2a2eff9f] after gap-closing (single-frame + gap2): 41470 nodes, 39404 edges
  [44b6_2a2eff9f] after safe-division repair: 41470 nodes, 39436 edges (geometric_candidates=292, deepcenter_rejected=260, post_veto_candidates=32, added=32, cap_skipped=0, mutual_nn_rejected=72, divergence_rejected=1689)
  [44b6_2a2eff9f] after division-geometry-filter+prune-isolated: 41465 nodes, 39436 edges
  [44b6_2a2eff9f] after short-track filtering: 40114 nodes, 38390 edges (components_removed=305)
  [44b6_2a2eff9f] FINAL: 40114 nodes, 38390 edges
  [44b6_341df25f] after edge-filter+motion-relink: 8523 nodes, 8208 edges
  [44b6_341df25f] after gap-closing (single-frame + gap2): 8571 nodes, 8291 edges
  [44b6_341df25f] after safe-division repair: 8571 nodes, 8302 edges (geometric_candidates=37, deepcenter_rejected=24, post_veto_candidates=13, added=11, cap_skipped=0, mutual_nn_rejected=3, divergence_rejected=140)
  [44b6_341df25f] after division-geometry-filter+prune-isolated: 8571 nodes, 8302 edges
  [44b6_341df25f] after short-track filtering: 8411 nodes, 8177 edges (components_removed=35)
  [44b6_341df25f] FINAL: 8411 nodes, 8177 edges
  [6bba_062c8d37] after edge-filter+motion-relink: 5997 nodes, 5618 edges
  [6bba_062c8d37] after gap-closing (single-frame + gap2): 6054 nodes, 5723 edges
  [6bba_062c8d37] after safe-division repair: 6054 nodes, 5726 edges (geometric_candidates=14, deepcenter_rejected=11, post_veto_candidates=3, added=3, cap_skipped=0, mutual_nn_rejected=3, divergence_rejected=67)
  [6bba_062c8d37] after division-geometry-filter+prune-isolated: 6029 nodes, 5726 edges
  [6bba_062c8d37] after short-track filtering: 5829 nodes, 5581 edges (components_removed=55)
  [6bba_062c8d37] FINAL: 5829 nodes, 5581 edges
  [6bba_07e24132] after edge-filter+motion-relink: 29751 nodes, 28153 edges
  [6bba_07e24132] after gap-closing (single-frame + gap2): 30103 nodes, 28799 edges
  [6bba_07e24132] after safe-division repair: 30103 nodes, 28806 edges (geometric_candidates=126, deepcenter_rejected=116, post_veto_candidates=10, added=7, cap_skipped=0, mutual_nn_rejected=82, divergence_rejected=1018)
  [6bba_07e24132] after division-geometry-filter+prune-isolated: 30091 nodes, 28806 edges
  [6bba_07e24132] after short-track filtering: 29193 nodes, 28117 edges (components_removed=209)
  [6bba_07e24132] FINAL: 29193 nodes, 28117 edges
  [6bba_085bf656] after edge-filter+motion-relink: 8417 nodes, 8085 edges
  [6bba_085bf656] after gap-closing (single-frame + gap2): 8442 nodes, 8130 edges
  [6bba_085bf656] after safe-division repair: 8442 nodes, 8132 edges (geometric_candidates=20, deepcenter_rejected=18, post_veto_candidates=2, added=2, cap_skipped=0, mutual_nn_rejected=4, divergence_rejected=102)
  [6bba_085bf656] after division-geometry-filter+prune-isolated: 8438 nodes, 8132 edges
  [6bba_085bf656] after short-track filtering: 8290 nodes, 8019 edges (components_removed=35)
  [6bba_085bf656] FINAL: 8290 nodes, 8019 edges
  [6bba_09961292] after edge-filter+motion-relink: 29955 nodes, 28780 edges
  [6bba_09961292] after gap-closing (single-frame + gap2): 30186 nodes, 29202 edges
  [6bba_09961292] after safe-division repair: 30186 nodes, 29228 edges (geometric_candidates=101, deepcenter_rejected=69, post_veto_candidates=32, added=26, cap_skipped=0, mutual_nn_rejected=80, divergence_rejected=1017)
  [6bba_09961292] after division-geometry-filter+prune-isolated: 30178 nodes, 29228 edges
  [6bba_09961292] after short-track filtering: 29754 nodes, 28904 edges (components_removed=100)
  [6bba_09961292] FINAL: 29754 nodes, 28904 edges
[relaxed9] n=8 adjusted_edge_jaccard=0.9266 division_jaccard=0.2143 (tp/fp/fn=3/2/9) PROXY_SCORE=0.9480  [7.2 min]
  [44b6_12dfb391] after edge-filter+motion-relink: 45351 nodes, 43045 edges
  [44b6_12dfb391] after gap-closing (single-frame + gap2): 46006 nodes, 44284 edges
  [44b6_12dfb391] after safe-division repair: 46006 nodes, 44302 edges (geometric_candidates=150, deepcenter_rejected=132, post_veto_candidates=18, added=18, cap_skipped=0, mutual_nn_rejected=58, divergence_rejected=1557)
  [44b6_12dfb391] after division-geometry-filter+prune-isolated: 46004 nodes, 44302 edges
  [44b6_12dfb391] after short-track filtering: 44948 nodes, 43484 edges (components_removed=238)
  [44b6_12dfb391] FINAL: 44948 nodes, 43484 edges
  [44b6_267148e4] after edge-filter+motion-relink: 22829 nodes, 21452 edges
  [44b6_267148e4] after gap-closing (single-frame + gap2): 23071 nodes, 21889 edges
  [44b6_267148e4] after safe-division repair: 23071 nodes, 21904 edges (geometric_candidates=205, deepcenter_rejected=186, post_veto_candidates=19, added=15, cap_skipped=0, mutual_nn_rejected=132, divergence_rejected=1053)
  [44b6_267148e4] after division-geometry-filter+prune-isolated: 23011 nodes, 21904 edges
  [44b6_267148e4] after short-track filtering: 22234 nodes, 21314 edges (components_removed=187)
  [44b6_267148e4] FINAL: 22234 nodes, 21314 edges
  [44b6_2a2eff9f] after edge-filter+motion-relink: 40928 nodes, 38433 edges
  [44b6_2a2eff9f] after gap-closing (single-frame + gap2): 41459 nodes, 39419 edges
  [44b6_2a2eff9f] after safe-division repair: 41459 nodes, 39451 edges (geometric_candidates=290, deepcenter_rejected=258, post_veto_candidates=32, added=32, cap_skipped=0, mutual_nn_rejected=74, divergence_rejected=1651)
  [44b6_2a2eff9f] after division-geometry-filter+prune-isolated: 41455 nodes, 39451 edges
  [44b6_2a2eff9f] after short-track filtering: 40149 nodes, 38439 edges (components_removed=294)
  [44b6_2a2eff9f] FINAL: 40149 nodes, 38439 edges
  [44b6_341df25f] after edge-filter+motion-relink: 8523 nodes, 8210 edges
  [44b6_341df25f] after gap-closing (single-frame + gap2): 8569 nodes, 8290 edges
  [44b6_341df25f] after safe-division repair: 8569 nodes, 8301 edges (geometric_candidates=36, deepcenter_rejected=23, post_veto_candidates=13, added=11, cap_skipped=0, mutual_nn_rejected=3, divergence_rejected=140)
  [44b6_341df25f] after division-geometry-filter+prune-isolated: 8569 nodes, 8301 edges
  [44b6_341df25f] after short-track filtering: 8413 nodes, 8179 edges (components_removed=34)
  [44b6_341df25f] FINAL: 8413 nodes, 8179 edges
  [6bba_062c8d37] after edge-filter+motion-relink: 5997 nodes, 5645 edges
  [6bba_062c8d37] after gap-closing (single-frame + gap2): 6048 nodes, 5740 edges
  [6bba_062c8d37] after safe-division repair: 6048 nodes, 5744 edges (geometric_candidates=15, deepcenter_rejected=11, post_veto_candidates=4, added=4, cap_skipped=0, mutual_nn_rejected=3, divergence_rejected=66)
  [6bba_062c8d37] after division-geometry-filter+prune-isolated: 6022 nodes, 5744 edges
  [6bba_062c8d37] after short-track filtering: 5853 nodes, 5620 edges (components_removed=45)
  [6bba_062c8d37] FINAL: 5853 nodes, 5620 edges
  [6bba_07e24132] after edge-filter+motion-relink: 29751 nodes, 28214 edges
  [6bba_07e24132] after gap-closing (single-frame + gap2): 30086 nodes, 28826 edges
  [6bba_07e24132] after safe-division repair: 30086 nodes, 28830 edges (geometric_candidates=119, deepcenter_rejected=115, post_veto_candidates=4, added=4, cap_skipped=0, mutual_nn_rejected=73, divergence_rejected=1005)
  [6bba_07e24132] after division-geometry-filter+prune-isolated: 30080 nodes, 28830 edges
  [6bba_07e24132] after short-track filtering: 29191 nodes, 28147 edges (components_removed=206)
  [6bba_07e24132] FINAL: 29191 nodes, 28147 edges
  [6bba_085bf656] after edge-filter+motion-relink: 8417 nodes, 8092 edges
  [6bba_085bf656] after gap-closing (single-frame + gap2): 8438 nodes, 8131 edges
  [6bba_085bf656] after safe-division repair: 8438 nodes, 8134 edges (geometric_candidates=21, deepcenter_rejected=18, post_veto_candidates=3, added=3, cap_skipped=0, mutual_nn_rejected=4, divergence_rejected=102)
  [6bba_085bf656] after division-geometry-filter+prune-isolated: 8435 nodes, 8134 edges
  [6bba_085bf656] after short-track filtering: 8300 nodes, 8029 edges (components_removed=30)
  [6bba_085bf656] FINAL: 8300 nodes, 8029 edges
  [6bba_09961292] after edge-filter+motion-relink: 29955 nodes, 28814 edges
  [6bba_09961292] after gap-closing (single-frame + gap2): 30171 nodes, 29207 edges
  [6bba_09961292] after safe-division repair: 30171 nodes, 29231 edges (geometric_candidates=97, deepcenter_rejected=69, post_veto_candidates=28, added=24, cap_skipped=0, mutual_nn_rejected=72, divergence_rejected=989)
  [6bba_09961292] after division-geometry-filter+prune-isolated: 30165 nodes, 29231 edges
  [6bba_09961292] after short-track filtering: 29745 nodes, 28911 edges (components_removed=100)
  [6bba_09961292] FINAL: 29745 nodes, 28911 edges
[bonus125] n=8 adjusted_edge_jaccard=0.9260 division_jaccard=0.2308 (tp/fp/fn=3/1/9) PROXY_SCORE=0.9490  [7.2 min]
  [44b6_12dfb391] after edge-filter+motion-relink: 45351 nodes, 43045 edges
  [44b6_12dfb391] after gap-closing (single-frame + gap2): 46006 nodes, 44284 edges
  [44b6_12dfb391] after safe-division repair: 46006 nodes, 44302 edges (geometric_candidates=150, deepcenter_rejected=132, post_veto_candidates=18, added=18, cap_skipped=0, mutual_nn_rejected=59, divergence_rejected=1557)
  [44b6_12dfb391] after division-geometry-filter+prune-isolated: 46004 nodes, 44302 edges
  [44b6_12dfb391] after short-track filtering: 44953 nodes, 43488 edges (components_removed=237)
  [44b6_12dfb391] FINAL: 44953 nodes, 43488 edges
  [44b6_267148e4] after edge-filter+motion-relink: 22829 nodes, 21448 edges
  [44b6_267148e4] after gap-closing (single-frame + gap2): 23070 nodes, 21883 edges
  [44b6_267148e4] after safe-division repair: 23070 nodes, 21899 edges (geometric_candidates=207, deepcenter_rejected=185, post_veto_candidates=22, added=16, cap_skipped=0, mutual_nn_rejected=133, divergence_rejected=1057)
  [44b6_267148e4] after division-geometry-filter+prune-isolated: 23010 nodes, 21899 edges
  [44b6_267148e4] after short-track filtering: 22247 nodes, 21320 edges (components_removed=184)
  [44b6_267148e4] FINAL: 22247 nodes, 21320 edges
  [44b6_2a2eff9f] after edge-filter+motion-relink: 40928 nodes, 38433 edges
  [44b6_2a2eff9f] after gap-closing (single-frame + gap2): 41455 nodes, 39412 edges
  [44b6_2a2eff9f] after safe-division repair: 41455 nodes, 39444 edges (geometric_candidates=291, deepcenter_rejected=259, post_veto_candidates=32, added=32, cap_skipped=0, mutual_nn_rejected=74, divergence_rejected=1655)
  [44b6_2a2eff9f] after division-geometry-filter+prune-isolated: 41451 nodes, 39444 edges
  [44b6_2a2eff9f] after short-track filtering: 40137 nodes, 38426 edges (components_removed=296)
  [44b6_2a2eff9f] FINAL: 40137 nodes, 38426 edges
  [44b6_341df25f] after edge-filter+motion-relink: 8523 nodes, 8210 edges
  [44b6_341df25f] after gap-closing (single-frame + gap2): 8569 nodes, 8290 edges
  [44b6_341df25f] after safe-division repair: 8569 nodes, 8301 edges (geometric_candidates=36, deepcenter_rejected=23, post_veto_candidates=13, added=11, cap_skipped=0, mutual_nn_rejected=3, divergence_rejected=140)
  [44b6_341df25f] after division-geometry-filter+prune-isolated: 8569 nodes, 8301 edges
  [44b6_341df25f] after short-track filtering: 8413 nodes, 8179 edges (components_removed=34)
  [44b6_341df25f] FINAL: 8413 nodes, 8179 edges
  [6bba_062c8d37] after edge-filter+motion-relink: 5997 nodes, 5645 edges
  [6bba_062c8d37] after gap-closing (single-frame + gap2): 6048 nodes, 5740 edges
  [6bba_062c8d37] after safe-division repair: 6048 nodes, 5744 edges (geometric_candidates=15, deepcenter_rejected=11, post_veto_candidates=4, added=4, cap_skipped=0, mutual_nn_rejected=3, divergence_rejected=66)
  [6bba_062c8d37] after division-geometry-filter+prune-isolated: 6022 nodes, 5744 edges
  [6bba_062c8d37] after short-track filtering: 5853 nodes, 5620 edges (components_removed=45)
  [6bba_062c8d37] FINAL: 5853 nodes, 5620 edges
  [6bba_07e24132] after edge-filter+motion-relink: 29751 nodes, 28214 edges
  [6bba_07e24132] after gap-closing (single-frame + gap2): 30087 nodes, 28828 edges
  [6bba_07e24132] after safe-division repair: 30087 nodes, 28831 edges (geometric_candidates=118, deepcenter_rejected=115, post_veto_candidates=3, added=3, cap_skipped=0, mutual_nn_rejected=69, divergence_rejected=1006)
  [6bba_07e24132] after division-geometry-filter+prune-isolated: 30080 nodes, 28831 edges
  [6bba_07e24132] after short-track filtering: 29181 nodes, 28140 edges (components_removed=208)
  [6bba_07e24132] FINAL: 29181 nodes, 28140 edges
  [6bba_085bf656] after edge-filter+motion-relink: 8417 nodes, 8092 edges
  [6bba_085bf656] after gap-closing (single-frame + gap2): 8438 nodes, 8131 edges
  [6bba_085bf656] after safe-division repair: 8438 nodes, 8134 edges (geometric_candidates=21, deepcenter_rejected=18, post_veto_candidates=3, added=3, cap_skipped=0, mutual_nn_rejected=4, divergence_rejected=102)
  [6bba_085bf656] after division-geometry-filter+prune-isolated: 8435 nodes, 8134 edges
  [6bba_085bf656] after short-track filtering: 8300 nodes, 8029 edges (components_removed=30)
  [6bba_085bf656] FINAL: 8300 nodes, 8029 edges
  [6bba_09961292] after edge-filter+motion-relink: 29955 nodes, 28814 edges
  [6bba_09961292] after gap-closing (single-frame + gap2): 30171 nodes, 29207 edges
  [6bba_09961292] after safe-division repair: 30171 nodes, 29231 edges (geometric_candidates=97, deepcenter_rejected=69, post_veto_candidates=28, added=24, cap_skipped=0, mutual_nn_rejected=73, divergence_rejected=989)
  [6bba_09961292] after division-geometry-filter+prune-isolated: 30165 nodes, 29231 edges
  [6bba_09961292] after short-track filtering: 29753 nodes, 28917 edges (components_removed=98)
  [6bba_09961292] FINAL: 29753 nodes, 28917 edges
[gap2step40] n=8 adjusted_edge_jaccard=0.9260 division_jaccard=0.2308 (tp/fp/fn=3/1/9) PROXY_SCORE=0.9490  [7.2 min]
  [44b6_12dfb391] after edge-filter+motion-relink: 45351 nodes, 43045 edges
  [44b6_12dfb391] after gap-closing (single-frame + gap2): 46006 nodes, 44284 edges
  [44b6_12dfb391] after safe-division repair: 46006 nodes, 44302 edges (geometric_candidates=150, deepcenter_rejected=132, post_veto_candidates=18, added=18, cap_skipped=0, mutual_nn_rejected=59, divergence_rejected=1557)
  [44b6_12dfb391] after division-geometry-filter+prune-isolated: 46004 nodes, 44302 edges
  [44b6_12dfb391] after short-track filtering: 44953 nodes, 43488 edges (components_removed=237)
  [44b6_12dfb391] FINAL: 44953 nodes, 43488 edges
  [44b6_267148e4] after edge-filter+motion-relink: 22829 nodes, 21448 edges
  [44b6_267148e4] after gap-closing (single-frame + gap2): 23070 nodes, 21883 edges
  [44b6_267148e4] after safe-division repair: 23070 nodes, 21899 edges (geometric_candidates=207, deepcenter_rejected=185, post_veto_candidates=22, added=16, cap_skipped=0, mutual_nn_rejected=133, divergence_rejected=1057)
  [44b6_267148e4] after division-geometry-filter+prune-isolated: 23010 nodes, 21899 edges
  [44b6_267148e4] after short-track filtering: 22247 nodes, 21320 edges (components_removed=184)
  [44b6_267148e4] FINAL: 22247 nodes, 21320 edges
  [44b6_2a2eff9f] after edge-filter+motion-relink: 40928 nodes, 38433 edges
  [44b6_2a2eff9f] after gap-closing (single-frame + gap2): 41455 nodes, 39412 edges
  [44b6_2a2eff9f] after safe-division repair: 41455 nodes, 39444 edges (geometric_candidates=291, deepcenter_rejected=259, post_veto_candidates=32, added=32, cap_skipped=0, mutual_nn_rejected=74, divergence_rejected=1655)
  [44b6_2a2eff9f] after division-geometry-filter+prune-isolated: 41451 nodes, 39444 edges
  [44b6_2a2eff9f] after short-track filtering: 40137 nodes, 38426 edges (components_removed=296)
  [44b6_2a2eff9f] FINAL: 40137 nodes, 38426 edges
  [44b6_341df25f] after edge-filter+motion-relink: 8523 nodes, 8210 edges
  [44b6_341df25f] after gap-closing (single-frame + gap2): 8569 nodes, 8290 edges
  [44b6_341df25f] after safe-division repair: 8569 nodes, 8301 edges (geometric_candidates=36, deepcenter_rejected=23, post_veto_candidates=13, added=11, cap_skipped=0, mutual_nn_rejected=3, divergence_rejected=140)
  [44b6_341df25f] after division-geometry-filter+prune-isolated: 8569 nodes, 8301 edges
  [44b6_341df25f] after short-track filtering: 8413 nodes, 8179 edges (components_removed=34)
  [44b6_341df25f] FINAL: 8413 nodes, 8179 edges
  [6bba_062c8d37] after edge-filter+motion-relink: 5997 nodes, 5645 edges
  [6bba_062c8d37] after gap-closing (single-frame + gap2): 6048 nodes, 5740 edges
  [6bba_062c8d37] after safe-division repair: 6048 nodes, 5744 edges (geometric_candidates=15, deepcenter_rejected=11, post_veto_candidates=4, added=4, cap_skipped=0, mutual_nn_rejected=3, divergence_rejected=66)
  [6bba_062c8d37] after division-geometry-filter+prune-isolated: 6022 nodes, 5744 edges
  [6bba_062c8d37] after short-track filtering: 5853 nodes, 5620 edges (components_removed=45)
  [6bba_062c8d37] FINAL: 5853 nodes, 5620 edges
  [6bba_07e24132] after edge-filter+motion-relink: 29751 nodes, 28214 edges
  [6bba_07e24132] after gap-closing (single-frame + gap2): 30087 nodes, 28828 edges
  [6bba_07e24132] after safe-division repair: 30087 nodes, 28831 edges (geometric_candidates=118, deepcenter_rejected=115, post_veto_candidates=3, added=3, cap_skipped=0, mutual_nn_rejected=69, divergence_rejected=1006)
  [6bba_07e24132] after division-geometry-filter+prune-isolated: 30080 nodes, 28831 edges
  [6bba_07e24132] after short-track filtering: 29181 nodes, 28140 edges (components_removed=208)
  [6bba_07e24132] FINAL: 29181 nodes, 28140 edges
  [6bba_085bf656] after edge-filter+motion-relink: 8417 nodes, 8092 edges
  [6bba_085bf656] after gap-closing (single-frame + gap2): 8438 nodes, 8131 edges
  [6bba_085bf656] after safe-division repair: 8438 nodes, 8134 edges (geometric_candidates=21, deepcenter_rejected=18, post_veto_candidates=3, added=3, cap_skipped=0, mutual_nn_rejected=4, divergence_rejected=102)
  [6bba_085bf656] after division-geometry-filter+prune-isolated: 8435 nodes, 8134 edges
  [6bba_085bf656] after short-track filtering: 8300 nodes, 8029 edges (components_removed=30)
  [6bba_085bf656] FINAL: 8300 nodes, 8029 edges
  [6bba_09961292] after edge-filter+motion-relink: 29955 nodes, 28814 edges
  [6bba_09961292] after gap-closing (single-frame + gap2): 30171 nodes, 29207 edges
  [6bba_09961292] after safe-division repair: 30171 nodes, 29231 edges (geometric_candidates=97, deepcenter_rejected=69, post_veto_candidates=28, added=24, cap_skipped=0, mutual_nn_rejected=73, divergence_rejected=989)
  [6bba_09961292] after division-geometry-filter+prune-isolated: 30165 nodes, 29231 edges
  [6bba_09961292] after short-track filtering: 29753 nodes, 28917 edges (components_removed=98)
  [6bba_09961292] FINAL: 29753 nodes, 28917 edges
[reuse28] n=8 adjusted_edge_jaccard=0.9260 division_jaccard=0.2308 (tp/fp/fn=3/1/9) PROXY_SCORE=0.9490  [7.2 min]
  [44b6_12dfb391] after edge-filter+motion-relink: 45351 nodes, 43045 edges
  [44b6_12dfb391] after gap-closing (single-frame + gap2): 45994 nodes, 44259 edges
  [44b6_12dfb391] after safe-division repair: 45994 nodes, 44278 edges (geometric_candidates=151, deepcenter_rejected=132, post_veto_candidates=19, added=19, cap_skipped=0, mutual_nn_rejected=60, divergence_rejected=1571)
  [44b6_12dfb391] after division-geometry-filter+prune-isolated: 45992 nodes, 44278 edges
  [44b6_12dfb391] after short-track filtering: 44923 nodes, 43450 edges (components_removed=241)
  [44b6_12dfb391] FINAL: 44923 nodes, 43450 edges
  [44b6_267148e4] after edge-filter+motion-relink: 22829 nodes, 21448 edges
  [44b6_267148e4] after gap-closing (single-frame + gap2): 23063 nodes, 21869 edges
  [44b6_267148e4] after safe-division repair: 23063 nodes, 21886 edges (geometric_candidates=209, deepcenter_rejected=186, post_veto_candidates=23, added=17, cap_skipped=0, mutual_nn_rejected=133, divergence_rejected=1066)
  [44b6_267148e4] after division-geometry-filter+prune-isolated: 23002 nodes, 21886 edges
  [44b6_267148e4] after short-track filtering: 22231 nodes, 21301 edges (components_removed=186)
  [44b6_267148e4] FINAL: 22231 nodes, 21301 edges
  [44b6_2a2eff9f] after edge-filter+motion-relink: 40928 nodes, 38433 edges
  [44b6_2a2eff9f] after gap-closing (single-frame + gap2): 41440 nodes, 39382 edges
  [44b6_2a2eff9f] after safe-division repair: 41440 nodes, 39415 edges (geometric_candidates=295, deepcenter_rejected=262, post_veto_candidates=33, added=33, cap_skipped=0, mutual_nn_rejected=75, divergence_rejected=1675)
  [44b6_2a2eff9f] after division-geometry-filter+prune-isolated: 41436 nodes, 39415 edges
  [44b6_2a2eff9f] after short-track filtering: 40104 nodes, 38383 edges (components_removed=300)
  [44b6_2a2eff9f] FINAL: 40104 nodes, 38383 edges
  [44b6_341df25f] after edge-filter+motion-relink: 8523 nodes, 8210 edges
  [44b6_341df25f] after gap-closing (single-frame + gap2): 8569 nodes, 8290 edges
  [44b6_341df25f] after safe-division repair: 8569 nodes, 8301 edges (geometric_candidates=36, deepcenter_rejected=23, post_veto_candidates=13, added=11, cap_skipped=0, mutual_nn_rejected=3, divergence_rejected=140)
  [44b6_341df25f] after division-geometry-filter+prune-isolated: 8569 nodes, 8301 edges
  [44b6_341df25f] after short-track filtering: 8413 nodes, 8179 edges (components_removed=34)
  [44b6_341df25f] FINAL: 8413 nodes, 8179 edges
  [6bba_062c8d37] after edge-filter+motion-relink: 5997 nodes, 5645 edges
  [6bba_062c8d37] after gap-closing (single-frame + gap2): 6048 nodes, 5740 edges
  [6bba_062c8d37] after safe-division repair: 6048 nodes, 5744 edges (geometric_candidates=15, deepcenter_rejected=11, post_veto_candidates=4, added=4, cap_skipped=0, mutual_nn_rejected=3, divergence_rejected=66)
  [6bba_062c8d37] after division-geometry-filter+prune-isolated: 6022 nodes, 5744 edges
  [6bba_062c8d37] after short-track filtering: 5853 nodes, 5620 edges (components_removed=45)
  [6bba_062c8d37] FINAL: 5853 nodes, 5620 edges
  [6bba_07e24132] after edge-filter+motion-relink: 29751 nodes, 28214 edges
  [6bba_07e24132] after gap-closing (single-frame + gap2): 30085 nodes, 28824 edges
  [6bba_07e24132] after safe-division repair: 30085 nodes, 28828 edges (geometric_candidates=119, deepcenter_rejected=115, post_veto_candidates=4, added=4, cap_skipped=0, mutual_nn_rejected=69, divergence_rejected=1007)
  [6bba_07e24132] after division-geometry-filter+prune-isolated: 30078 nodes, 28828 edges
  [6bba_07e24132] after short-track filtering: 29179 nodes, 28137 edges (components_removed=208)
  [6bba_07e24132] FINAL: 29179 nodes, 28137 edges
  [6bba_085bf656] after edge-filter+motion-relink: 8417 nodes, 8092 edges
  [6bba_085bf656] after gap-closing (single-frame + gap2): 8438 nodes, 8131 edges
  [6bba_085bf656] after safe-division repair: 8438 nodes, 8134 edges (geometric_candidates=21, deepcenter_rejected=18, post_veto_candidates=3, added=3, cap_skipped=0, mutual_nn_rejected=4, divergence_rejected=102)
  [6bba_085bf656] after division-geometry-filter+prune-isolated: 8435 nodes, 8134 edges
  [6bba_085bf656] after short-track filtering: 8300 nodes, 8029 edges (components_removed=30)
  [6bba_085bf656] FINAL: 8300 nodes, 8029 edges
  [6bba_09961292] after edge-filter+motion-relink: 29955 nodes, 28814 edges
  [6bba_09961292] after gap-closing (single-frame + gap2): 30167 nodes, 29199 edges
  [6bba_09961292] after safe-division repair: 30167 nodes, 29223 edges (geometric_candidates=97, deepcenter_rejected=69, post_veto_candidates=28, added=24, cap_skipped=0, mutual_nn_rejected=73, divergence_rejected=999)
  [6bba_09961292] after division-geometry-filter+prune-isolated: 30161 nodes, 29223 edges
  [6bba_09961292] after short-track filtering: 29747 nodes, 28908 edges (components_removed=99)
  [6bba_09961292] FINAL: 29747 nodes, 28908 edges
[dcgap035] n=8 adjusted_edge_jaccard=0.9260 division_jaccard=0.2308 (tp/fp/fn=3/1/9) PROXY_SCORE=0.9491  [7.2 min]
  [44b6_12dfb391] after edge-filter+motion-relink: 45351 nodes, 43045 edges
  [44b6_12dfb391] after gap-closing (single-frame + gap2): 46006 nodes, 44284 edges
  [44b6_12dfb391] after safe-division repair: 46006 nodes, 44308 edges (geometric_candidates=150, deepcenter_rejected=126, post_veto_candidates=24, added=24, cap_skipped=0, mutual_nn_rejected=59, divergence_rejected=1557)
  [44b6_12dfb391] after division-geometry-filter+prune-isolated: 46004 nodes, 44308 edges
  [44b6_12dfb391] after short-track filtering: 44953 nodes, 43494 edges (components_removed=237)
  [44b6_12dfb391] FINAL: 44953 nodes, 43494 edges
  [44b6_267148e4] after edge-filter+motion-relink: 22829 nodes, 21448 edges
  [44b6_267148e4] after gap-closing (single-frame + gap2): 23070 nodes, 21883 edges
  [44b6_267148e4] after safe-division repair: 23070 nodes, 21923 edges (geometric_candidates=207, deepcenter_rejected=154, post_veto_candidates=53, added=40, cap_skipped=0, mutual_nn_rejected=133, divergence_rejected=1057)
  [44b6_267148e4] after division-geometry-filter+prune-isolated: 23010 nodes, 21923 edges
  [44b6_267148e4] after short-track filtering: 22259 nodes, 21353 edges (components_removed=181)
  [44b6_267148e4] FINAL: 22259 nodes, 21353 edges
  [44b6_2a2eff9f] after edge-filter+motion-relink: 40928 nodes, 38433 edges
  [44b6_2a2eff9f] after gap-closing (single-frame + gap2): 41455 nodes, 39412 edges
  [44b6_2a2eff9f] after safe-division repair: 41455 nodes, 39463 edges (geometric_candidates=291, deepcenter_rejected=240, post_veto_candidates=51, added=51, cap_skipped=0, mutual_nn_rejected=74, divergence_rejected=1655)
  [44b6_2a2eff9f] after division-geometry-filter+prune-isolated: 41451 nodes, 39463 edges
  [44b6_2a2eff9f] after short-track filtering: 40142 nodes, 38449 edges (components_removed=295)
  [44b6_2a2eff9f] FINAL: 40142 nodes, 38449 edges
  [44b6_341df25f] after edge-filter+motion-relink: 8523 nodes, 8210 edges
  [44b6_341df25f] after gap-closing (single-frame + gap2): 8569 nodes, 8290 edges
  [44b6_341df25f] after safe-division repair: 8569 nodes, 8301 edges (geometric_candidates=36, deepcenter_rejected=23, post_veto_candidates=13, added=11, cap_skipped=0, mutual_nn_rejected=3, divergence_rejected=140)
  [44b6_341df25f] after division-geometry-filter+prune-isolated: 8569 nodes, 8301 edges
  [44b6_341df25f] after short-track filtering: 8413 nodes, 8179 edges (components_removed=34)
  [44b6_341df25f] FINAL: 8413 nodes, 8179 edges
  [6bba_062c8d37] after edge-filter+motion-relink: 5997 nodes, 5645 edges
  [6bba_062c8d37] after gap-closing (single-frame + gap2): 6048 nodes, 5740 edges
  [6bba_062c8d37] after safe-division repair: 6048 nodes, 5745 edges (geometric_candidates=15, deepcenter_rejected=10, post_veto_candidates=5, added=5, cap_skipped=0, mutual_nn_rejected=3, divergence_rejected=66)
  [6bba_062c8d37] after division-geometry-filter+prune-isolated: 6022 nodes, 5745 edges
  [6bba_062c8d37] after short-track filtering: 5853 nodes, 5621 edges (components_removed=45)
  [6bba_062c8d37] FINAL: 5853 nodes, 5621 edges
  [6bba_07e24132] after edge-filter+motion-relink: 29751 nodes, 28214 edges
  [6bba_07e24132] after gap-closing (single-frame + gap2): 30087 nodes, 28828 edges
  [6bba_07e24132] after safe-division repair: 30087 nodes, 28838 edges (geometric_candidates=118, deepcenter_rejected=107, post_veto_candidates=11, added=10, cap_skipped=0, mutual_nn_rejected=69, divergence_rejected=1006)
  [6bba_07e24132] after division-geometry-filter+prune-isolated: 30080 nodes, 28838 edges
  [6bba_07e24132] after short-track filtering: 29181 nodes, 28147 edges (components_removed=208)
  [6bba_07e24132] FINAL: 29181 nodes, 28147 edges
  [6bba_085bf656] after edge-filter+motion-relink: 8417 nodes, 8092 edges
  [6bba_085bf656] after gap-closing (single-frame + gap2): 8438 nodes, 8131 edges
  [6bba_085bf656] after safe-division repair: 8438 nodes, 8136 edges (geometric_candidates=21, deepcenter_rejected=16, post_veto_candidates=5, added=5, cap_skipped=0, mutual_nn_rejected=4, divergence_rejected=102)
  [6bba_085bf656] after division-geometry-filter+prune-isolated: 8435 nodes, 8136 edges
  [6bba_085bf656] after short-track filtering: 8300 nodes, 8031 edges (components_removed=30)
  [6bba_085bf656] FINAL: 8300 nodes, 8031 edges
  [6bba_09961292] after edge-filter+motion-relink: 29955 nodes, 28814 edges
  [6bba_09961292] after gap-closing (single-frame + gap2): 30171 nodes, 29207 edges
  [6bba_09961292] after safe-division repair: 30171 nodes, 29231 edges (geometric_candidates=97, deepcenter_rejected=67, post_veto_candidates=30, added=24, cap_skipped=0, mutual_nn_rejected=73, divergence_rejected=989)
  [6bba_09961292] after division-geometry-filter+prune-isolated: 30165 nodes, 29231 edges
  [6bba_09961292] after short-track filtering: 29753 nodes, 28917 edges (components_removed=98)
  [6bba_09961292] FINAL: 29753 nodes, 28917 edges
[dcsd015] n=8 adjusted_edge_jaccard=0.9260 division_jaccard=0.2308 (tp/fp/fn=3/1/9) PROXY_SCORE=0.9490  [7.2 min]
  [44b6_12dfb391] after edge-filter+motion-relink: 45351 nodes, 43045 edges
  [44b6_12dfb391] after gap-closing (single-frame + gap2): 46006 nodes, 44284 edges
  [44b6_12dfb391] after safe-division repair: 46006 nodes, 44309 edges (geometric_candidates=150, deepcenter_rejected=125, post_veto_candidates=25, added=25, cap_skipped=0, mutual_nn_rejected=59, divergence_rejected=1557)
  [44b6_12dfb391] after division-geometry-filter+prune-isolated: 46004 nodes, 44309 edges
  [44b6_12dfb391] after short-track filtering: 44953 nodes, 43495 edges (components_removed=237)
  [44b6_12dfb391] FINAL: 44953 nodes, 43495 edges
  [44b6_267148e4] after edge-filter+motion-relink: 22829 nodes, 21448 edges
  [44b6_267148e4] after gap-closing (single-frame + gap2): 23070 nodes, 21883 edges
  [44b6_267148e4] after safe-division repair: 23070 nodes, 21930 edges (geometric_candidates=207, deepcenter_rejected=142, post_veto_candidates=65, added=47, cap_skipped=0, mutual_nn_rejected=133, divergence_rejected=1057)
  [44b6_267148e4] after division-geometry-filter+prune-isolated: 23010 nodes, 21930 edges
  [44b6_267148e4] after short-track filtering: 22263 nodes, 21363 edges (components_removed=180)
  [44b6_267148e4] FINAL: 22263 nodes, 21363 edges
  [44b6_2a2eff9f] after edge-filter+motion-relink: 40928 nodes, 38433 edges
  [44b6_2a2eff9f] after gap-closing (single-frame + gap2): 41455 nodes, 39412 edges
  [44b6_2a2eff9f] after safe-division repair: 41455 nodes, 39474 edges (geometric_candidates=291, deepcenter_rejected=228, post_veto_candidates=63, added=62, cap_skipped=0, mutual_nn_rejected=74, divergence_rejected=1655)
  [44b6_2a2eff9f] after division-geometry-filter+prune-isolated: 41451 nodes, 39474 edges
  [44b6_2a2eff9f] after short-track filtering: 40154 nodes, 38469 edges (components_removed=292)
  [44b6_2a2eff9f] FINAL: 40154 nodes, 38469 edges
  [44b6_341df25f] after edge-filter+motion-relink: 8523 nodes, 8210 edges
  [44b6_341df25f] after gap-closing (single-frame + gap2): 8569 nodes, 8290 edges
  [44b6_341df25f] after safe-division repair: 8569 nodes, 8301 edges (geometric_candidates=36, deepcenter_rejected=23, post_veto_candidates=13, added=11, cap_skipped=0, mutual_nn_rejected=3, divergence_rejected=140)
  [44b6_341df25f] after division-geometry-filter+prune-isolated: 8569 nodes, 8301 edges
  [44b6_341df25f] after short-track filtering: 8413 nodes, 8179 edges (components_removed=34)
  [44b6_341df25f] FINAL: 8413 nodes, 8179 edges
  [6bba_062c8d37] after edge-filter+motion-relink: 5997 nodes, 5645 edges
  [6bba_062c8d37] after gap-closing (single-frame + gap2): 6048 nodes, 5740 edges
  [6bba_062c8d37] after safe-division repair: 6048 nodes, 5745 edges (geometric_candidates=15, deepcenter_rejected=10, post_veto_candidates=5, added=5, cap_skipped=0, mutual_nn_rejected=3, divergence_rejected=66)
  [6bba_062c8d37] after division-geometry-filter+prune-isolated: 6022 nodes, 5745 edges
  [6bba_062c8d37] after short-track filtering: 5853 nodes, 5621 edges (components_removed=45)
  [6bba_062c8d37] FINAL: 5853 nodes, 5621 edges
  [6bba_07e24132] after edge-filter+motion-relink: 29751 nodes, 28214 edges
  [6bba_07e24132] after gap-closing (single-frame + gap2): 30087 nodes, 28828 edges
  [6bba_07e24132] after safe-division repair: 30087 nodes, 28845 edges (geometric_candidates=118, deepcenter_rejected=96, post_veto_candidates=22, added=17, cap_skipped=0, mutual_nn_rejected=69, divergence_rejected=1006)
  [6bba_07e24132] after division-geometry-filter+prune-isolated: 30080 nodes, 28845 edges
  [6bba_07e24132] after short-track filtering: 29186 nodes, 28158 edges (components_removed=207)
  [6bba_07e24132] FINAL: 29186 nodes, 28158 edges
  [6bba_085bf656] after edge-filter+motion-relink: 8417 nodes, 8092 edges
  [6bba_085bf656] after gap-closing (single-frame + gap2): 8438 nodes, 8131 edges
  [6bba_085bf656] after safe-division repair: 8438 nodes, 8136 edges (geometric_candidates=21, deepcenter_rejected=16, post_veto_candidates=5, added=5, cap_skipped=0, mutual_nn_rejected=4, divergence_rejected=102)
  [6bba_085bf656] after division-geometry-filter+prune-isolated: 8435 nodes, 8136 edges
  [6bba_085bf656] after short-track filtering: 8300 nodes, 8031 edges (components_removed=30)
  [6bba_085bf656] FINAL: 8300 nodes, 8031 edges
  [6bba_09961292] after edge-filter+motion-relink: 29955 nodes, 28814 edges
  [6bba_09961292] after gap-closing (single-frame + gap2): 30171 nodes, 29207 edges
  [6bba_09961292] after safe-division repair: 30171 nodes, 29232 edges (geometric_candidates=97, deepcenter_rejected=65, post_veto_candidates=32, added=25, cap_skipped=0, mutual_nn_rejected=73, divergence_rejected=989)
  [6bba_09961292] after division-geometry-filter+prune-isolated: 30165 nodes, 29232 edges
  [6bba_09961292] after short-track filtering: 29753 nodes, 28918 edges (components_removed=98)
  [6bba_09961292] FINAL: 29753 nodes, 28918 edges
[dcsd010] n=8 adjusted_edge_jaccard=0.9260 division_jaccard=0.2308 (tp/fp/fn=3/1/9) PROXY_SCORE=0.9490  [7.2 min]
  [44b6_12dfb391] after edge-filter+motion-relink: 45351 nodes, 43045 edges
  [44b6_12dfb391] after gap-closing (single-frame + gap2): 46006 nodes, 44284 edges
  [44b6_12dfb391] after safe-division repair: 46006 nodes, 44303 edges (geometric_candidates=227, deepcenter_rejected=208, post_veto_candidates=19, added=19, cap_skipped=0, mutual_nn_rejected=173, divergence_rejected=2839)
  [44b6_12dfb391] after division-geometry-filter+prune-isolated: 46004 nodes, 44303 edges
  [44b6_12dfb391] after short-track filtering: 44958 nodes, 43493 edges (components_removed=236)
  [44b6_12dfb391] FINAL: 44958 nodes, 43493 edges
  [44b6_267148e4] after edge-filter+motion-relink: 22829 nodes, 21448 edges
  [44b6_267148e4] after gap-closing (single-frame + gap2): 23070 nodes, 21883 edges
  [44b6_267148e4] after safe-division repair: 23070 nodes, 21901 edges (geometric_candidates=306, deepcenter_rejected=276, post_veto_candidates=30, added=18, cap_skipped=0, mutual_nn_rejected=341, divergence_rejected=1793)
  [44b6_267148e4] after division-geometry-filter+prune-isolated: 23010 nodes, 21901 edges
  [44b6_267148e4] after short-track filtering: 22249 nodes, 21323 edges (components_removed=183)
  [44b6_267148e4] FINAL: 22249 nodes, 21323 edges
  [44b6_2a2eff9f] after edge-filter+motion-relink: 40928 nodes, 38433 edges
  [44b6_2a2eff9f] after gap-closing (single-frame + gap2): 41455 nodes, 39412 edges
  [44b6_2a2eff9f] after safe-division repair: 41455 nodes, 39444 edges (geometric_candidates=425, deepcenter_rejected=393, post_veto_candidates=32, added=32, cap_skipped=0, mutual_nn_rejected=254, divergence_rejected=3189)
  [44b6_2a2eff9f] after division-geometry-filter+prune-isolated: 41451 nodes, 39444 edges
  [44b6_2a2eff9f] after short-track filtering: 40137 nodes, 38426 edges (components_removed=296)
  [44b6_2a2eff9f] FINAL: 40137 nodes, 38426 edges
  [44b6_341df25f] after edge-filter+motion-relink: 8523 nodes, 8210 edges
  [44b6_341df25f] after gap-closing (single-frame + gap2): 8569 nodes, 8290 edges
  [44b6_341df25f] after safe-division repair: 8569 nodes, 8301 edges (geometric_candidates=43, deepcenter_rejected=30, post_veto_candidates=13, added=11, cap_skipped=0, mutual_nn_rejected=5, divergence_rejected=227)
  [44b6_341df25f] after division-geometry-filter+prune-isolated: 8569 nodes, 8301 edges
  [44b6_341df25f] after short-track filtering: 8413 nodes, 8179 edges (components_removed=34)
  [44b6_341df25f] FINAL: 8413 nodes, 8179 edges
  [6bba_062c8d37] after edge-filter+motion-relink: 5997 nodes, 5645 edges
  [6bba_062c8d37] after gap-closing (single-frame + gap2): 6048 nodes, 5740 edges
  [6bba_062c8d37] after safe-division repair: 6048 nodes, 5745 edges (geometric_candidates=21, deepcenter_rejected=16, post_veto_candidates=5, added=5, cap_skipped=0, mutual_nn_rejected=7, divergence_rejected=119)
  [6bba_062c8d37] after division-geometry-filter+prune-isolated: 6022 nodes, 5745 edges
  [6bba_062c8d37] after short-track filtering: 5853 nodes, 5621 edges (components_removed=45)
  [6bba_062c8d37] FINAL: 5853 nodes, 5621 edges
  [6bba_07e24132] after edge-filter+motion-relink: 29751 nodes, 28214 edges
  [6bba_07e24132] after gap-closing (single-frame + gap2): 30087 nodes, 28828 edges
  [6bba_07e24132] after safe-division repair: 30087 nodes, 28833 edges (geometric_candidates=190, deepcenter_rejected=185, post_veto_candidates=5, added=5, cap_skipped=0, mutual_nn_rejected=168, divergence_rejected=1906)
  [6bba_07e24132] after division-geometry-filter+prune-isolated: 30080 nodes, 28833 edges
  [6bba_07e24132] after short-track filtering: 29181 nodes, 28142 edges (components_removed=208)
  [6bba_07e24132] FINAL: 29181 nodes, 28142 edges
  [6bba_085bf656] after edge-filter+motion-relink: 8417 nodes, 8092 edges
  [6bba_085bf656] after gap-closing (single-frame + gap2): 8438 nodes, 8131 edges
  [6bba_085bf656] after safe-division repair: 8438 nodes, 8135 edges (geometric_candidates=36, deepcenter_rejected=32, post_veto_candidates=4, added=4, cap_skipped=0, mutual_nn_rejected=8, divergence_rejected=166)
  [6bba_085bf656] after division-geometry-filter+prune-isolated: 8435 nodes, 8135 edges
  [6bba_085bf656] after short-track filtering: 8300 nodes, 8030 edges (components_removed=30)
  [6bba_085bf656] FINAL: 8300 nodes, 8030 edges
  [6bba_09961292] after edge-filter+motion-relink: 29955 nodes, 28814 edges
  [6bba_09961292] after gap-closing (single-frame + gap2): 30171 nodes, 29207 edges
  [6bba_09961292] after safe-division repair: 30171 nodes, 29232 edges (geometric_candidates=146, deepcenter_rejected=116, post_veto_candidates=30, added=25, cap_skipped=0, mutual_nn_rejected=178, divergence_rejected=1743)
  [6bba_09961292] after division-geometry-filter+prune-isolated: 30165 nodes, 29232 edges
  [6bba_09961292] after short-track filtering: 29753 nodes, 28918 edges (components_removed=98)
  [6bba_09961292] FINAL: 29753 nodes, 28918 edges
[divwide] n=8 adjusted_edge_jaccard=0.9260 division_jaccard=0.2308 (tp/fp/fn=3/1/9) PROXY_SCORE=0.9490  [7.5 min]
  [44b6_12dfb391] after edge-filter+motion-relink: 45351 nodes, 43045 edges
  [44b6_12dfb391] after gap-closing (single-frame + gap2): 46006 nodes, 44284 edges
  [44b6_12dfb391] after safe-division repair: 46006 nodes, 44310 edges (geometric_candidates=150, deepcenter_rejected=124, post_veto_candidates=26, added=26, cap_skipped=0, mutual_nn_rejected=59, divergence_rejected=1557)
  [44b6_12dfb391] after division-geometry-filter+prune-isolated: 46004 nodes, 44310 edges
  [44b6_12dfb391] after short-track filtering: 44957 nodes, 43499 edges (components_removed=236)
  [44b6_12dfb391] FINAL: 44957 nodes, 43499 edges
  [44b6_267148e4] after edge-filter+motion-relink: 22829 nodes, 21448 edges
  [44b6_267148e4] after gap-closing (single-frame + gap2): 23070 nodes, 21883 edges
  [44b6_267148e4] after safe-division repair: 23070 nodes, 21902 edges (geometric_candidates=207, deepcenter_rejected=179, post_veto_candidates=28, added=19, cap_skipped=0, mutual_nn_rejected=133, divergence_rejected=1057)
  [44b6_267148e4] after division-geometry-filter+prune-isolated: 23010 nodes, 21902 edges
  [44b6_267148e4] after short-track filtering: 22247 nodes, 21323 edges (components_removed=184)
  [44b6_267148e4] FINAL: 22247 nodes, 21323 edges
  [44b6_2a2eff9f] after edge-filter+motion-relink: 40928 nodes, 38433 edges
  [44b6_2a2eff9f] after gap-closing (single-frame + gap2): 41455 nodes, 39412 edges
  [44b6_2a2eff9f] after safe-division repair: 41455 nodes, 39454 edges (geometric_candidates=291, deepcenter_rejected=249, post_veto_candidates=42, added=42, cap_skipped=0, mutual_nn_rejected=74, divergence_rejected=1655)
  [44b6_2a2eff9f] after division-geometry-filter+prune-isolated: 41451 nodes, 39454 edges
  [44b6_2a2eff9f] after short-track filtering: 40141 nodes, 38439 edges (components_removed=295)
  [44b6_2a2eff9f] FINAL: 40141 nodes, 38439 edges
  [44b6_341df25f] after edge-filter+motion-relink: 8523 nodes, 8210 edges
  [44b6_341df25f] after gap-closing (single-frame + gap2): 8569 nodes, 8290 edges
  [44b6_341df25f] after safe-division repair: 8569 nodes, 8302 edges (geometric_candidates=36, deepcenter_rejected=22, post_veto_candidates=14, added=12, cap_skipped=0, mutual_nn_rejected=3, divergence_rejected=140)
  [44b6_341df25f] after division-geometry-filter+prune-isolated: 8569 nodes, 8302 edges
  [44b6_341df25f] after short-track filtering: 8418 nodes, 8184 edges (components_removed=33)
  [44b6_341df25f] FINAL: 8418 nodes, 8184 edges
  [6bba_062c8d37] after edge-filter+motion-relink: 5997 nodes, 5645 edges
  [6bba_062c8d37] after gap-closing (single-frame + gap2): 6048 nodes, 5740 edges
  [6bba_062c8d37] after safe-division repair: 6048 nodes, 5744 edges (geometric_candidates=15, deepcenter_rejected=10, post_veto_candidates=5, added=4, cap_skipped=0, mutual_nn_rejected=3, divergence_rejected=66)
  [6bba_062c8d37] after division-geometry-filter+prune-isolated: 6022 nodes, 5744 edges
  [6bba_062c8d37] after short-track filtering: 5853 nodes, 5620 edges (components_removed=45)
  [6bba_062c8d37] FINAL: 5853 nodes, 5620 edges
  [6bba_07e24132] after edge-filter+motion-relink: 29751 nodes, 28214 edges
  [6bba_07e24132] after gap-closing (single-frame + gap2): 30087 nodes, 28828 edges
  [6bba_07e24132] after safe-division repair: 30087 nodes, 28833 edges (geometric_candidates=118, deepcenter_rejected=113, post_veto_candidates=5, added=5, cap_skipped=0, mutual_nn_rejected=69, divergence_rejected=1006)
  [6bba_07e24132] after division-geometry-filter+prune-isolated: 30080 nodes, 28833 edges
  [6bba_07e24132] after short-track filtering: 29184 nodes, 28144 edges (components_removed=207)
  [6bba_07e24132] FINAL: 29184 nodes, 28144 edges
  [6bba_085bf656] after edge-filter+motion-relink: 8417 nodes, 8092 edges
  [6bba_085bf656] after gap-closing (single-frame + gap2): 8438 nodes, 8131 edges
  [6bba_085bf656] after safe-division repair: 8438 nodes, 8136 edges (geometric_candidates=21, deepcenter_rejected=16, post_veto_candidates=5, added=5, cap_skipped=0, mutual_nn_rejected=4, divergence_rejected=102)
  [6bba_085bf656] after division-geometry-filter+prune-isolated: 8435 nodes, 8136 edges
  [6bba_085bf656] after short-track filtering: 8300 nodes, 8031 edges (components_removed=30)
  [6bba_085bf656] FINAL: 8300 nodes, 8031 edges
  [6bba_09961292] after edge-filter+motion-relink: 29955 nodes, 28814 edges
  [6bba_09961292] after gap-closing (single-frame + gap2): 30171 nodes, 29207 edges
  [6bba_09961292] after safe-division repair: 30171 nodes, 29233 edges (geometric_candidates=97, deepcenter_rejected=64, post_veto_candidates=33, added=26, cap_skipped=0, mutual_nn_rejected=73, divergence_rejected=989)
  [6bba_09961292] after division-geometry-filter+prune-isolated: 30165 nodes, 29233 edges
  [6bba_09961292] after short-track filtering: 29756 nodes, 28921 edges (components_removed=97)
  [6bba_09961292] FINAL: 29756 nodes, 28921 edges
[sym075] n=8 adjusted_edge_jaccard=0.9260 division_jaccard=0.2308 (tp/fp/fn=3/1/9) PROXY_SCORE=0.9490  [7.2 min]
  [44b6_12dfb391] after edge-filter+motion-relink: 45351 nodes, 43045 edges
  [44b6_12dfb391] after gap-closing (single-frame + gap2): 46006 nodes, 44284 edges
  [44b6_12dfb391] after safe-division repair: 46006 nodes, 44313 edges (geometric_candidates=364, deepcenter_rejected=334, post_veto_candidates=30, added=29, cap_skipped=0, mutual_nn_rejected=59, divergence_rejected=1343)
  [44b6_12dfb391] after division-geometry-filter+prune-isolated: 46004 nodes, 44313 edges
  [44b6_12dfb391] after short-track filtering: 44957 nodes, 43502 edges (components_removed=236)
  [44b6_12dfb391] FINAL: 44957 nodes, 43502 edges
  [44b6_267148e4] after edge-filter+motion-relink: 22829 nodes, 21448 edges
  [44b6_267148e4] after gap-closing (single-frame + gap2): 23070 nodes, 21883 edges
  [44b6_267148e4] after safe-division repair: 23070 nodes, 21914 edges (geometric_candidates=371, deepcenter_rejected=325, post_veto_candidates=46, added=31, cap_skipped=0, mutual_nn_rejected=133, divergence_rejected=893)
  [44b6_267148e4] after division-geometry-filter+prune-isolated: 23010 nodes, 21914 edges
  [44b6_267148e4] after short-track filtering: 22265 nodes, 21349 edges (components_removed=180)
  [44b6_267148e4] FINAL: 22265 nodes, 21349 edges
  [44b6_2a2eff9f] after edge-filter+motion-relink: 40928 nodes, 38433 edges
  [44b6_2a2eff9f] after gap-closing (single-frame + gap2): 41455 nodes, 39412 edges
  [44b6_2a2eff9f] after safe-division repair: 41455 nodes, 39452 edges (geometric_candidates=575, deepcenter_rejected=535, post_veto_candidates=40, added=40, cap_skipped=0, mutual_nn_rejected=74, divergence_rejected=1371)
  [44b6_2a2eff9f] after division-geometry-filter+prune-isolated: 41451 nodes, 39452 edges
  [44b6_2a2eff9f] after short-track filtering: 40150 nodes, 38444 edges (components_removed=293)
  [44b6_2a2eff9f] FINAL: 40150 nodes, 38444 edges
  [44b6_341df25f] after edge-filter+motion-relink: 8523 nodes, 8210 edges
  [44b6_341df25f] after gap-closing (single-frame + gap2): 8569 nodes, 8290 edges
  [44b6_341df25f] after safe-division repair: 8569 nodes, 8304 edges (geometric_candidates=58, deepcenter_rejected=42, post_veto_candidates=16, added=14, cap_skipped=0, mutual_nn_rejected=3, divergence_rejected=118)
  [44b6_341df25f] after division-geometry-filter+prune-isolated: 8569 nodes, 8304 edges
  [44b6_341df25f] after short-track filtering: 8413 nodes, 8182 edges (components_removed=34)
  [44b6_341df25f] FINAL: 8413 nodes, 8182 edges
  [6bba_062c8d37] after edge-filter+motion-relink: 5997 nodes, 5645 edges
  [6bba_062c8d37] after gap-closing (single-frame + gap2): 6048 nodes, 5740 edges
  [6bba_062c8d37] after safe-division repair: 6048 nodes, 5744 edges (geometric_candidates=26, deepcenter_rejected=21, post_veto_candidates=5, added=4, cap_skipped=0, mutual_nn_rejected=3, divergence_rejected=55)
  [6bba_062c8d37] after division-geometry-filter+prune-isolated: 6022 nodes, 5744 edges
  [6bba_062c8d37] after short-track filtering: 5853 nodes, 5620 edges (components_removed=45)
  [6bba_062c8d37] FINAL: 5853 nodes, 5620 edges
  [6bba_07e24132] after edge-filter+motion-relink: 29751 nodes, 28214 edges
  [6bba_07e24132] after gap-closing (single-frame + gap2): 30087 nodes, 28828 edges
  [6bba_07e24132] after safe-division repair: 30087 nodes, 28836 edges (geometric_candidates=244, deepcenter_rejected=235, post_veto_candidates=9, added=8, cap_skipped=0, mutual_nn_rejected=69, divergence_rejected=880)
  [6bba_07e24132] after division-geometry-filter+prune-isolated: 30080 nodes, 28836 edges
  [6bba_07e24132] after short-track filtering: 29181 nodes, 28145 edges (components_removed=208)
  [6bba_07e24132] FINAL: 29181 nodes, 28145 edges
  [6bba_085bf656] after edge-filter+motion-relink: 8417 nodes, 8092 edges
  [6bba_085bf656] after gap-closing (single-frame + gap2): 8438 nodes, 8131 edges
  [6bba_085bf656] after safe-division repair: 8438 nodes, 8138 edges (geometric_candidates=44, deepcenter_rejected=36, post_veto_candidates=8, added=7, cap_skipped=0, mutual_nn_rejected=4, divergence_rejected=79)
  [6bba_085bf656] after division-geometry-filter+prune-isolated: 8435 nodes, 8138 edges
  [6bba_085bf656] after short-track filtering: 8305 nodes, 8037 edges (components_removed=29)
  [6bba_085bf656] FINAL: 8305 nodes, 8037 edges
  [6bba_09961292] after edge-filter+motion-relink: 29955 nodes, 28814 edges
  [6bba_09961292] after gap-closing (single-frame + gap2): 30171 nodes, 29207 edges
  [6bba_09961292] after safe-division repair: 30171 nodes, 29245 edges (geometric_candidates=219, deepcenter_rejected=167, post_veto_candidates=52, added=38, cap_skipped=0, mutual_nn_rejected=73, divergence_rejected=867)
  [6bba_09961292] after division-geometry-filter+prune-isolated: 30165 nodes, 29245 edges
  [6bba_09961292] after short-track filtering: 29757 nodes, 28934 edges (components_removed=97)
  [6bba_09961292] FINAL: 29757 nodes, 28934 edges
[diverge150] n=8 adjusted_edge_jaccard=0.9261 division_jaccard=0.1667 (tp/fp/fn=3/6/9) PROXY_SCORE=0.9428  [7.8 min]
  [44b6_12dfb391] after edge-filter+motion-relink: 45351 nodes, 43042 edges
  [44b6_12dfb391] after gap-closing (single-frame + gap2): 46007 nodes, 44283 edges
  [44b6_12dfb391] after safe-division repair: 46007 nodes, 44307 edges (geometric_candidates=150, deepcenter_rejected=126, post_veto_candidates=24, added=24, cap_skipped=0, mutual_nn_rejected=59, divergence_rejected=1566)
  [44b6_12dfb391] after division-geometry-filter+prune-isolated: 46005 nodes, 44307 edges
  [44b6_12dfb391] after short-track filtering: 44959 nodes, 43497 edges (components_removed=236)
  [44b6_12dfb391] FINAL: 44959 nodes, 43497 edges
  [44b6_267148e4] after edge-filter+motion-relink: 22829 nodes, 21464 edges
  [44b6_267148e4] after gap-closing (single-frame + gap2): 23063 nodes, 21888 edges
  [44b6_267148e4] after safe-division repair: 23063 nodes, 21929 edges (geometric_candidates=210, deepcenter_rejected=158, post_veto_candidates=52, added=41, cap_skipped=0, mutual_nn_rejected=117, divergence_rejected=1048)
  [44b6_267148e4] after division-geometry-filter+prune-isolated: 23009 nodes, 21929 edges
  [44b6_267148e4] after short-track filtering: 22282 nodes, 21380 edges (components_removed=178)
  [44b6_267148e4] FINAL: 22282 nodes, 21380 edges
  [44b6_2a2eff9f] after edge-filter+motion-relink: 40928 nodes, 38430 edges
  [44b6_2a2eff9f] after gap-closing (single-frame + gap2): 41457 nodes, 39413 edges
  [44b6_2a2eff9f] after safe-division repair: 41457 nodes, 39464 edges (geometric_candidates=293, deepcenter_rejected=241, post_veto_candidates=52, added=51, cap_skipped=0, mutual_nn_rejected=74, divergence_rejected=1659)
  [44b6_2a2eff9f] after division-geometry-filter+prune-isolated: 41453 nodes, 39464 edges
  [44b6_2a2eff9f] after short-track filtering: 40136 nodes, 38444 edges (components_removed=297)
  [44b6_2a2eff9f] FINAL: 40136 nodes, 38444 edges
  [44b6_341df25f] after edge-filter+motion-relink: 8523 nodes, 8210 edges
  [44b6_341df25f] after gap-closing (single-frame + gap2): 8569 nodes, 8290 edges
  [44b6_341df25f] after safe-division repair: 8569 nodes, 8301 edges (geometric_candidates=36, deepcenter_rejected=23, post_veto_candidates=13, added=11, cap_skipped=0, mutual_nn_rejected=3, divergence_rejected=140)
  [44b6_341df25f] after division-geometry-filter+prune-isolated: 8569 nodes, 8301 edges
  [44b6_341df25f] after short-track filtering: 8413 nodes, 8179 edges (components_removed=34)
  [44b6_341df25f] FINAL: 8413 nodes, 8179 edges
  [6bba_062c8d37] after edge-filter+motion-relink: 5997 nodes, 5648 edges
  [6bba_062c8d37] after gap-closing (single-frame + gap2): 6048 nodes, 5743 edges
  [6bba_062c8d37] after safe-division repair: 6048 nodes, 5748 edges (geometric_candidates=15, deepcenter_rejected=10, post_veto_candidates=5, added=5, cap_skipped=0, mutual_nn_rejected=3, divergence_rejected=63)
  [6bba_062c8d37] after division-geometry-filter+prune-isolated: 6022 nodes, 5748 edges
  [6bba_062c8d37] after short-track filtering: 5853 nodes, 5624 edges (components_removed=45)
  [6bba_062c8d37] FINAL: 5853 nodes, 5624 edges
  [6bba_07e24132] after edge-filter+motion-relink: 29751 nodes, 28212 edges
  [6bba_07e24132] after gap-closing (single-frame + gap2): 30088 nodes, 28828 edges
  [6bba_07e24132] after safe-division repair: 30088 nodes, 28838 edges (geometric_candidates=117, deepcenter_rejected=107, post_veto_candidates=10, added=10, cap_skipped=0, mutual_nn_rejected=68, divergence_rejected=1011)
  [6bba_07e24132] after division-geometry-filter+prune-isolated: 30079 nodes, 28838 edges
  [6bba_07e24132] after short-track filtering: 29179 nodes, 28146 edges (components_removed=208)
  [6bba_07e24132] FINAL: 29179 nodes, 28146 edges
  [6bba_085bf656] after edge-filter+motion-relink: 8417 nodes, 8092 edges
  [6bba_085bf656] after gap-closing (single-frame + gap2): 8438 nodes, 8131 edges
  [6bba_085bf656] after safe-division repair: 8438 nodes, 8136 edges (geometric_candidates=21, deepcenter_rejected=16, post_veto_candidates=5, added=5, cap_skipped=0, mutual_nn_rejected=4, divergence_rejected=102)
  [6bba_085bf656] after division-geometry-filter+prune-isolated: 8435 nodes, 8136 edges
  [6bba_085bf656] after short-track filtering: 8300 nodes, 8031 edges (components_removed=30)
  [6bba_085bf656] FINAL: 8300 nodes, 8031 edges
  [6bba_09961292] after edge-filter+motion-relink: 29955 nodes, 28827 edges
  [6bba_09961292] after gap-closing (single-frame + gap2): 30167 nodes, 29212 edges
  [6bba_09961292] after safe-division repair: 30167 nodes, 29237 edges (geometric_candidates=92, deepcenter_rejected=66, post_veto_candidates=26, added=25, cap_skipped=0, mutual_nn_rejected=66, divergence_rejected=972)
  [6bba_09961292] after division-geometry-filter+prune-isolated: 30163 nodes, 29237 edges
  [6bba_09961292] after short-track filtering: 29742 nodes, 28916 edges (components_removed=100)
  [6bba_09961292] FINAL: 29742 nodes, 28916 edges
[t55_dcsd015] n=8 adjusted_edge_jaccard=0.9280 division_jaccard=0.2308 (tp/fp/fn=3/1/9) PROXY_SCORE=0.9511  [7.2 min]
  [44b6_12dfb391] after edge-filter+motion-relink: 45351 nodes, 43042 edges
  [44b6_12dfb391] after gap-closing (single-frame + gap2): 46007 nodes, 44283 edges
  [44b6_12dfb391] after safe-division repair: 46007 nodes, 44308 edges (geometric_candidates=150, deepcenter_rejected=125, post_veto_candidates=25, added=25, cap_skipped=0, mutual_nn_rejected=59, divergence_rejected=1566)
  [44b6_12dfb391] after division-geometry-filter+prune-isolated: 46005 nodes, 44308 edges
  [44b6_12dfb391] after short-track filtering: 44959 nodes, 43498 edges (components_removed=236)
  [44b6_12dfb391] FINAL: 44959 nodes, 43498 edges
  [44b6_267148e4] after edge-filter+motion-relink: 22829 nodes, 21464 edges
  [44b6_267148e4] after gap-closing (single-frame + gap2): 23063 nodes, 21888 edges
  [44b6_267148e4] after safe-division repair: 23063 nodes, 21937 edges (geometric_candidates=210, deepcenter_rejected=147, post_veto_candidates=63, added=49, cap_skipped=0, mutual_nn_rejected=117, divergence_rejected=1048)
  [44b6_267148e4] after division-geometry-filter+prune-isolated: 23009 nodes, 21937 edges
  [44b6_267148e4] after short-track filtering: 22286 nodes, 21391 edges (components_removed=177)
  [44b6_267148e4] FINAL: 22286 nodes, 21391 edges
  [44b6_2a2eff9f] after edge-filter+motion-relink: 40928 nodes, 38430 edges
  [44b6_2a2eff9f] after gap-closing (single-frame + gap2): 41457 nodes, 39413 edges
  [44b6_2a2eff9f] after safe-division repair: 41457 nodes, 39475 edges (geometric_candidates=293, deepcenter_rejected=229, post_veto_candidates=64, added=62, cap_skipped=0, mutual_nn_rejected=74, divergence_rejected=1659)
  [44b6_2a2eff9f] after division-geometry-filter+prune-isolated: 41453 nodes, 39475 edges
  [44b6_2a2eff9f] after short-track filtering: 40148 nodes, 38464 edges (components_removed=294)
  [44b6_2a2eff9f] FINAL: 40148 nodes, 38464 edges
  [44b6_341df25f] after edge-filter+motion-relink: 8523 nodes, 8210 edges
  [44b6_341df25f] after gap-closing (single-frame + gap2): 8569 nodes, 8290 edges
  [44b6_341df25f] after safe-division repair: 8569 nodes, 8301 edges (geometric_candidates=36, deepcenter_rejected=23, post_veto_candidates=13, added=11, cap_skipped=0, mutual_nn_rejected=3, divergence_rejected=140)
  [44b6_341df25f] after division-geometry-filter+prune-isolated: 8569 nodes, 8301 edges
  [44b6_341df25f] after short-track filtering: 8413 nodes, 8179 edges (components_removed=34)
  [44b6_341df25f] FINAL: 8413 nodes, 8179 edges
  [6bba_062c8d37] after edge-filter+motion-relink: 5997 nodes, 5648 edges
  [6bba_062c8d37] after gap-closing (single-frame + gap2): 6048 nodes, 5743 edges
  [6bba_062c8d37] after safe-division repair: 6048 nodes, 5748 edges (geometric_candidates=15, deepcenter_rejected=10, post_veto_candidates=5, added=5, cap_skipped=0, mutual_nn_rejected=3, divergence_rejected=63)
  [6bba_062c8d37] after division-geometry-filter+prune-isolated: 6022 nodes, 5748 edges
  [6bba_062c8d37] after short-track filtering: 5853 nodes, 5624 edges (components_removed=45)
  [6bba_062c8d37] FINAL: 5853 nodes, 5624 edges
  [6bba_07e24132] after edge-filter+motion-relink: 29751 nodes, 28212 edges
  [6bba_07e24132] after gap-closing (single-frame + gap2): 30088 nodes, 28828 edges
  [6bba_07e24132] after safe-division repair: 30088 nodes, 28845 edges (geometric_candidates=117, deepcenter_rejected=96, post_veto_candidates=21, added=17, cap_skipped=0, mutual_nn_rejected=68, divergence_rejected=1011)
  [6bba_07e24132] after division-geometry-filter+prune-isolated: 30079 nodes, 28845 edges
  [6bba_07e24132] after short-track filtering: 29184 nodes, 28157 edges (components_removed=207)
  [6bba_07e24132] FINAL: 29184 nodes, 28157 edges
  [6bba_085bf656] after edge-filter+motion-relink: 8417 nodes, 8092 edges
  [6bba_085bf656] after gap-closing (single-frame + gap2): 8438 nodes, 8131 edges
  [6bba_085bf656] after safe-division repair: 8438 nodes, 8136 edges (geometric_candidates=21, deepcenter_rejected=16, post_veto_candidates=5, added=5, cap_skipped=0, mutual_nn_rejected=4, divergence_rejected=102)
  [6bba_085bf656] after division-geometry-filter+prune-isolated: 8435 nodes, 8136 edges
  [6bba_085bf656] after short-track filtering: 8300 nodes, 8031 edges (components_removed=30)
  [6bba_085bf656] FINAL: 8300 nodes, 8031 edges
  [6bba_09961292] after edge-filter+motion-relink: 29955 nodes, 28827 edges
  [6bba_09961292] after gap-closing (single-frame + gap2): 30167 nodes, 29212 edges
  [6bba_09961292] after safe-division repair: 30167 nodes, 29239 edges (geometric_candidates=92, deepcenter_rejected=64, post_veto_candidates=28, added=27, cap_skipped=0, mutual_nn_rejected=66, divergence_rejected=972)
  [6bba_09961292] after division-geometry-filter+prune-isolated: 30163 nodes, 29239 edges
  [6bba_09961292] after short-track filtering: 29742 nodes, 28918 edges (components_removed=100)
  [6bba_09961292] FINAL: 29742 nodes, 28918 edges
[t55_dcsd010] n=8 adjusted_edge_jaccard=0.9280 division_jaccard=0.2308 (tp/fp/fn=3/1/9) PROXY_SCORE=0.9511  [7.2 min]
  [44b6_12dfb391] after edge-filter+motion-relink: 45351 nodes, 43042 edges
  [44b6_12dfb391] after gap-closing (single-frame + gap2): 46007 nodes, 44283 edges
  [44b6_12dfb391] after safe-division repair: 46007 nodes, 44302 edges (geometric_candidates=227, deepcenter_rejected=208, post_veto_candidates=19, added=19, cap_skipped=0, mutual_nn_rejected=173, divergence_rejected=2852)
  [44b6_12dfb391] after division-geometry-filter+prune-isolated: 46005 nodes, 44302 edges
  [44b6_12dfb391] after short-track filtering: 44964 nodes, 43496 edges (components_removed=235)
  [44b6_12dfb391] FINAL: 44964 nodes, 43496 edges
  [44b6_267148e4] after edge-filter+motion-relink: 22829 nodes, 21464 edges
  [44b6_267148e4] after gap-closing (single-frame + gap2): 23063 nodes, 21888 edges
  [44b6_267148e4] after safe-division repair: 23063 nodes, 21906 edges (geometric_candidates=308, deepcenter_rejected=281, post_veto_candidates=27, added=18, cap_skipped=0, mutual_nn_rejected=322, divergence_rejected=1783)
  [44b6_267148e4] after division-geometry-filter+prune-isolated: 23009 nodes, 21906 edges
  [44b6_267148e4] after short-track filtering: 22273 nodes, 21350 edges (components_removed=180)
  [44b6_267148e4] FINAL: 22273 nodes, 21350 edges
  [44b6_2a2eff9f] after edge-filter+motion-relink: 40928 nodes, 38430 edges
  [44b6_2a2eff9f] after gap-closing (single-frame + gap2): 41457 nodes, 39413 edges
  [44b6_2a2eff9f] after safe-division repair: 41457 nodes, 39445 edges (geometric_candidates=427, deepcenter_rejected=395, post_veto_candidates=32, added=32, cap_skipped=0, mutual_nn_rejected=256, divergence_rejected=3193)
  [44b6_2a2eff9f] after division-geometry-filter+prune-isolated: 41453 nodes, 39445 edges
  [44b6_2a2eff9f] after short-track filtering: 40124 nodes, 38416 edges (components_removed=300)
  [44b6_2a2eff9f] FINAL: 40124 nodes, 38416 edges
  [44b6_341df25f] after edge-filter+motion-relink: 8523 nodes, 8210 edges
  [44b6_341df25f] after gap-closing (single-frame + gap2): 8569 nodes, 8290 edges
  [44b6_341df25f] after safe-division repair: 8569 nodes, 8301 edges (geometric_candidates=43, deepcenter_rejected=30, post_veto_candidates=13, added=11, cap_skipped=0, mutual_nn_rejected=5, divergence_rejected=227)
  [44b6_341df25f] after division-geometry-filter+prune-isolated: 8569 nodes, 8301 edges
  [44b6_341df25f] after short-track filtering: 8413 nodes, 8179 edges (components_removed=34)
  [44b6_341df25f] FINAL: 8413 nodes, 8179 edges
  [6bba_062c8d37] after edge-filter+motion-relink: 5997 nodes, 5648 edges
  [6bba_062c8d37] after gap-closing (single-frame + gap2): 6048 nodes, 5743 edges
  [6bba_062c8d37] after safe-division repair: 6048 nodes, 5748 edges (geometric_candidates=21, deepcenter_rejected=16, post_veto_candidates=5, added=5, cap_skipped=0, mutual_nn_rejected=6, divergence_rejected=117)
  [6bba_062c8d37] after division-geometry-filter+prune-isolated: 6022 nodes, 5748 edges
  [6bba_062c8d37] after short-track filtering: 5853 nodes, 5624 edges (components_removed=45)
  [6bba_062c8d37] FINAL: 5853 nodes, 5624 edges
  [6bba_07e24132] after edge-filter+motion-relink: 29751 nodes, 28212 edges
  [6bba_07e24132] after gap-closing (single-frame + gap2): 30088 nodes, 28828 edges
  [6bba_07e24132] after safe-division repair: 30088 nodes, 28834 edges (geometric_candidates=190, deepcenter_rejected=184, post_veto_candidates=6, added=6, cap_skipped=0, mutual_nn_rejected=168, divergence_rejected=1913)
  [6bba_07e24132] after division-geometry-filter+prune-isolated: 30079 nodes, 28834 edges
  [6bba_07e24132] after short-track filtering: 29184 nodes, 28146 edges (components_removed=207)
  [6bba_07e24132] FINAL: 29184 nodes, 28146 edges
  [6bba_085bf656] after edge-filter+motion-relink: 8417 nodes, 8092 edges
  [6bba_085bf656] after gap-closing (single-frame + gap2): 8438 nodes, 8131 edges
  [6bba_085bf656] after safe-division repair: 8438 nodes, 8135 edges (geometric_candidates=36, deepcenter_rejected=32, post_veto_candidates=4, added=4, cap_skipped=0, mutual_nn_rejected=8, divergence_rejected=166)
  [6bba_085bf656] after division-geometry-filter+prune-isolated: 8435 nodes, 8135 edges
  [6bba_085bf656] after short-track filtering: 8300 nodes, 8030 edges (components_removed=30)
  [6bba_085bf656] FINAL: 8300 nodes, 8030 edges
  [6bba_09961292] after edge-filter+motion-relink: 29955 nodes, 28827 edges
  [6bba_09961292] after gap-closing (single-frame + gap2): 30167 nodes, 29212 edges
  [6bba_09961292] after safe-division repair: 30167 nodes, 29238 edges (geometric_candidates=140, deepcenter_rejected=111, post_veto_candidates=29, added=26, cap_skipped=0, mutual_nn_rejected=165, divergence_rejected=1718)
  [6bba_09961292] after division-geometry-filter+prune-isolated: 30163 nodes, 29238 edges
  [6bba_09961292] after short-track filtering: 29742 nodes, 28917 edges (components_removed=100)
  [6bba_09961292] FINAL: 29742 nodes, 28917 edges
[t55_divwide] n=8 adjusted_edge_jaccard=0.9280 division_jaccard=0.2308 (tp/fp/fn=3/1/9) PROXY_SCORE=0.9511  [7.5 min]
  [44b6_12dfb391] after edge-filter+motion-relink: 45351 nodes, 43042 edges
  [44b6_12dfb391] after gap-closing (single-frame + gap2): 46007 nodes, 44283 edges
  [44b6_12dfb391] after safe-division repair: 46007 nodes, 44312 edges (geometric_candidates=367, deepcenter_rejected=337, post_veto_candidates=30, added=29, cap_skipped=0, mutual_nn_rejected=59, divergence_rejected=1349)
  [44b6_12dfb391] after division-geometry-filter+prune-isolated: 46005 nodes, 44312 edges
  [44b6_12dfb391] after short-track filtering: 44963 nodes, 43505 edges (components_removed=235)
  [44b6_12dfb391] FINAL: 44963 nodes, 43505 edges
  [44b6_267148e4] after edge-filter+motion-relink: 22829 nodes, 21464 edges
  [44b6_267148e4] after gap-closing (single-frame + gap2): 23063 nodes, 21888 edges
  [44b6_267148e4] after safe-division repair: 23063 nodes, 21918 edges (geometric_candidates=367, deepcenter_rejected=323, post_veto_candidates=44, added=30, cap_skipped=0, mutual_nn_rejected=117, divergence_rejected=891)
  [44b6_267148e4] after division-geometry-filter+prune-isolated: 23009 nodes, 21918 edges
  [44b6_267148e4] after short-track filtering: 22282 nodes, 21369 edges (components_removed=178)
  [44b6_267148e4] FINAL: 22282 nodes, 21369 edges
  [44b6_2a2eff9f] after edge-filter+motion-relink: 40928 nodes, 38430 edges
  [44b6_2a2eff9f] after gap-closing (single-frame + gap2): 41457 nodes, 39413 edges
  [44b6_2a2eff9f] after safe-division repair: 41457 nodes, 39452 edges (geometric_candidates=576, deepcenter_rejected=537, post_veto_candidates=39, added=39, cap_skipped=0, mutual_nn_rejected=74, divergence_rejected=1376)
  [44b6_2a2eff9f] after division-geometry-filter+prune-isolated: 41453 nodes, 39452 edges
  [44b6_2a2eff9f] after short-track filtering: 40137 nodes, 38433 edges (components_removed=297)
  [44b6_2a2eff9f] FINAL: 40137 nodes, 38433 edges
  [44b6_341df25f] after edge-filter+motion-relink: 8523 nodes, 8210 edges
  [44b6_341df25f] after gap-closing (single-frame + gap2): 8569 nodes, 8290 edges
  [44b6_341df25f] after safe-division repair: 8569 nodes, 8304 edges (geometric_candidates=58, deepcenter_rejected=42, post_veto_candidates=16, added=14, cap_skipped=0, mutual_nn_rejected=3, divergence_rejected=118)
  [44b6_341df25f] after division-geometry-filter+prune-isolated: 8569 nodes, 8304 edges
  [44b6_341df25f] after short-track filtering: 8413 nodes, 8182 edges (components_removed=34)
  [44b6_341df25f] FINAL: 8413 nodes, 8182 edges
  [6bba_062c8d37] after edge-filter+motion-relink: 5997 nodes, 5648 edges
  [6bba_062c8d37] after gap-closing (single-frame + gap2): 6048 nodes, 5743 edges
  [6bba_062c8d37] after safe-division repair: 6048 nodes, 5747 edges (geometric_candidates=26, deepcenter_rejected=21, post_veto_candidates=5, added=4, cap_skipped=0, mutual_nn_rejected=3, divergence_rejected=52)
  [6bba_062c8d37] after division-geometry-filter+prune-isolated: 6022 nodes, 5747 edges
  [6bba_062c8d37] after short-track filtering: 5853 nodes, 5623 edges (components_removed=45)
  [6bba_062c8d37] FINAL: 5853 nodes, 5623 edges
  [6bba_07e24132] after edge-filter+motion-relink: 29751 nodes, 28212 edges
  [6bba_07e24132] after gap-closing (single-frame + gap2): 30088 nodes, 28828 edges
  [6bba_07e24132] after safe-division repair: 30088 nodes, 28834 edges (geometric_candidates=240, deepcenter_rejected=233, post_veto_candidates=7, added=6, cap_skipped=0, mutual_nn_rejected=68, divergence_rejected=888)
  [6bba_07e24132] after division-geometry-filter+prune-isolated: 30079 nodes, 28834 edges
  [6bba_07e24132] after short-track filtering: 29179 nodes, 28142 edges (components_removed=208)
  [6bba_07e24132] FINAL: 29179 nodes, 28142 edges
  [6bba_085bf656] after edge-filter+motion-relink: 8417 nodes, 8092 edges
  [6bba_085bf656] after gap-closing (single-frame + gap2): 8438 nodes, 8131 edges
  [6bba_085bf656] after safe-division repair: 8438 nodes, 8138 edges (geometric_candidates=44, deepcenter_rejected=36, post_veto_candidates=8, added=7, cap_skipped=0, mutual_nn_rejected=4, divergence_rejected=79)
  [6bba_085bf656] after division-geometry-filter+prune-isolated: 8435 nodes, 8138 edges
  [6bba_085bf656] after short-track filtering: 8305 nodes, 8037 edges (components_removed=29)
  [6bba_085bf656] FINAL: 8305 nodes, 8037 edges
  [6bba_09961292] after edge-filter+motion-relink: 29955 nodes, 28827 edges
  [6bba_09961292] after gap-closing (single-frame + gap2): 30167 nodes, 29212 edges
  [6bba_09961292] after safe-division repair: 30167 nodes, 29248 edges (geometric_candidates=214, deepcenter_rejected=168, post_veto_candidates=46, added=36, cap_skipped=0, mutual_nn_rejected=66, divergence_rejected=850)
  [6bba_09961292] after division-geometry-filter+prune-isolated: 30163 nodes, 29248 edges
  [6bba_09961292] after short-track filtering: 29746 nodes, 28930 edges (components_removed=99)
  [6bba_09961292] FINAL: 29746 nodes, 28930 edges
[t55_diverge150] n=8 adjusted_edge_jaccard=0.9282 division_jaccard=0.1667 (tp/fp/fn=3/6/9) PROXY_SCORE=0.9449  [7.9 min]
  [44b6_12dfb391] after edge-filter+motion-relink: 45351 nodes, 43045 edges
  [44b6_12dfb391] after gap-closing (single-frame + gap2): 46006 nodes, 44284 edges
  [44b6_12dfb391] after safe-division repair: 46006 nodes, 44302 edges (geometric_candidates=150, deepcenter_rejected=132, post_veto_candidates=18, added=18, cap_skipped=0, mutual_nn_rejected=59, divergence_rejected=1557)
  [44b6_12dfb391] after division-geometry-filter+prune-isolated: 46004 nodes, 44302 edges
  [44b6_12dfb391] after short-track filtering: 44953 nodes, 43488 edges (components_removed=237)
  [44b6_12dfb391] FINAL: 44953 nodes, 43488 edges
  [44b6_267148e4] after edge-filter+motion-relink: 22829 nodes, 21448 edges
  [44b6_267148e4] after gap-closing (single-frame + gap2): 23070 nodes, 21883 edges
  [44b6_267148e4] after safe-division repair: 23070 nodes, 21899 edges (geometric_candidates=207, deepcenter_rejected=185, post_veto_candidates=22, added=16, cap_skipped=0, mutual_nn_rejected=133, divergence_rejected=1057)
  [44b6_267148e4] after division-geometry-filter+prune-isolated: 23010 nodes, 21899 edges
  [44b6_267148e4] after short-track filtering: 22247 nodes, 21320 edges (components_removed=184)
  [44b6_267148e4] after weak-leaf pruning: 22205 nodes, 21278 edges (leaf_pruned=42)
  [44b6_267148e4] FINAL: 22205 nodes, 21278 edges
  [44b6_2a2eff9f] after edge-filter+motion-relink: 40928 nodes, 38433 edges
  [44b6_2a2eff9f] after gap-closing (single-frame + gap2): 41455 nodes, 39412 edges
  [44b6_2a2eff9f] after safe-division repair: 41455 nodes, 39444 edges (geometric_candidates=291, deepcenter_rejected=259, post_veto_candidates=32, added=32, cap_skipped=0, mutual_nn_rejected=74, divergence_rejected=1655)
  [44b6_2a2eff9f] after division-geometry-filter+prune-isolated: 41451 nodes, 39444 edges
  [44b6_2a2eff9f] after short-track filtering: 40137 nodes, 38426 edges (components_removed=296)
  [44b6_2a2eff9f] after weak-leaf pruning: 40130 nodes, 38419 edges (leaf_pruned=7)
  [44b6_2a2eff9f] FINAL: 40130 nodes, 38419 edges
  [44b6_341df25f] after edge-filter+motion-relink: 8523 nodes, 8210 edges
  [44b6_341df25f] after gap-closing (single-frame + gap2): 8569 nodes, 8290 edges
  [44b6_341df25f] after safe-division repair: 8569 nodes, 8301 edges (geometric_candidates=36, deepcenter_rejected=23, post_veto_candidates=13, added=11, cap_skipped=0, mutual_nn_rejected=3, divergence_rejected=140)
  [44b6_341df25f] after division-geometry-filter+prune-isolated: 8569 nodes, 8301 edges
  [44b6_341df25f] after short-track filtering: 8413 nodes, 8179 edges (components_removed=34)
  [44b6_341df25f] FINAL: 8413 nodes, 8179 edges
  [6bba_062c8d37] after edge-filter+motion-relink: 5997 nodes, 5645 edges
  [6bba_062c8d37] after gap-closing (single-frame + gap2): 6048 nodes, 5740 edges
  [6bba_062c8d37] after safe-division repair: 6048 nodes, 5744 edges (geometric_candidates=15, deepcenter_rejected=11, post_veto_candidates=4, added=4, cap_skipped=0, mutual_nn_rejected=3, divergence_rejected=66)
  [6bba_062c8d37] after division-geometry-filter+prune-isolated: 6022 nodes, 5744 edges
  [6bba_062c8d37] after short-track filtering: 5853 nodes, 5620 edges (components_removed=45)
  [6bba_062c8d37] after weak-leaf pruning: 5847 nodes, 5614 edges (leaf_pruned=6)
  [6bba_062c8d37] FINAL: 5847 nodes, 5614 edges
  [6bba_07e24132] after edge-filter+motion-relink: 29751 nodes, 28214 edges
  [6bba_07e24132] after gap-closing (single-frame + gap2): 30087 nodes, 28828 edges
  [6bba_07e24132] after safe-division repair: 30087 nodes, 28831 edges (geometric_candidates=118, deepcenter_rejected=115, post_veto_candidates=3, added=3, cap_skipped=0, mutual_nn_rejected=69, divergence_rejected=1006)
  [6bba_07e24132] after division-geometry-filter+prune-isolated: 30080 nodes, 28831 edges
  [6bba_07e24132] after short-track filtering: 29181 nodes, 28140 edges (components_removed=208)
  [6bba_07e24132] after weak-leaf pruning: 29172 nodes, 28131 edges (leaf_pruned=9)
  [6bba_07e24132] FINAL: 29172 nodes, 28131 edges
  [6bba_085bf656] after edge-filter+motion-relink: 8417 nodes, 8092 edges
  [6bba_085bf656] after gap-closing (single-frame + gap2): 8438 nodes, 8131 edges
  [6bba_085bf656] after safe-division repair: 8438 nodes, 8134 edges (geometric_candidates=21, deepcenter_rejected=18, post_veto_candidates=3, added=3, cap_skipped=0, mutual_nn_rejected=4, divergence_rejected=102)
  [6bba_085bf656] after division-geometry-filter+prune-isolated: 8435 nodes, 8134 edges
  [6bba_085bf656] after short-track filtering: 8300 nodes, 8029 edges (components_removed=30)
  [6bba_085bf656] after weak-leaf pruning: 8299 nodes, 8028 edges (leaf_pruned=1)
  [6bba_085bf656] FINAL: 8299 nodes, 8028 edges
  [6bba_09961292] after edge-filter+motion-relink: 29955 nodes, 28814 edges
  [6bba_09961292] after gap-closing (single-frame + gap2): 30171 nodes, 29207 edges
  [6bba_09961292] after safe-division repair: 30171 nodes, 29231 edges (geometric_candidates=97, deepcenter_rejected=69, post_veto_candidates=28, added=24, cap_skipped=0, mutual_nn_rejected=73, divergence_rejected=989)
  [6bba_09961292] after division-geometry-filter+prune-isolated: 30165 nodes, 29231 edges
  [6bba_09961292] after short-track filtering: 29753 nodes, 28917 edges (components_removed=98)
  [6bba_09961292] after weak-leaf pruning: 29741 nodes, 28905 edges (leaf_pruned=12)
  [6bba_09961292] FINAL: 29741 nodes, 28905 edges
[leaf030] n=8 adjusted_edge_jaccard=0.9263 division_jaccard=0.2308 (tp/fp/fn=3/1/9) PROXY_SCORE=0.9494  [7.2 min]
  [44b6_12dfb391] after edge-filter+motion-relink: 45351 nodes, 43045 edges
  [44b6_12dfb391] after gap-closing (single-frame + gap2): 46006 nodes, 44284 edges
  [44b6_12dfb391] after safe-division repair: 46006 nodes, 44302 edges (geometric_candidates=150, deepcenter_rejected=132, post_veto_candidates=18, added=18, cap_skipped=0, mutual_nn_rejected=59, divergence_rejected=1557)
  [44b6_12dfb391] after division-geometry-filter+prune-isolated: 46004 nodes, 44302 edges
  [44b6_12dfb391] after short-track filtering: 44953 nodes, 43488 edges (components_removed=237)
  [44b6_12dfb391] FINAL: 44953 nodes, 43488 edges
  [44b6_267148e4] after edge-filter+motion-relink: 22829 nodes, 21448 edges
  [44b6_267148e4] after gap-closing (single-frame + gap2): 23070 nodes, 21883 edges
  [44b6_267148e4] after safe-division repair: 23070 nodes, 21899 edges (geometric_candidates=207, deepcenter_rejected=185, post_veto_candidates=22, added=16, cap_skipped=0, mutual_nn_rejected=133, divergence_rejected=1057)
  [44b6_267148e4] after division-geometry-filter+prune-isolated: 23010 nodes, 21899 edges
  [44b6_267148e4] after short-track filtering: 22247 nodes, 21320 edges (components_removed=184)
  [44b6_267148e4] after weak-leaf pruning: 22205 nodes, 21278 edges (leaf_pruned=42)
  [44b6_267148e4] FINAL: 22205 nodes, 21278 edges
  [44b6_2a2eff9f] after edge-filter+motion-relink: 40928 nodes, 38433 edges
  [44b6_2a2eff9f] after gap-closing (single-frame + gap2): 41455 nodes, 39412 edges
  [44b6_2a2eff9f] after safe-division repair: 41455 nodes, 39444 edges (geometric_candidates=291, deepcenter_rejected=259, post_veto_candidates=32, added=32, cap_skipped=0, mutual_nn_rejected=74, divergence_rejected=1655)
  [44b6_2a2eff9f] after division-geometry-filter+prune-isolated: 41451 nodes, 39444 edges
  [44b6_2a2eff9f] after short-track filtering: 40137 nodes, 38426 edges (components_removed=296)
  [44b6_2a2eff9f] after weak-leaf pruning: 40130 nodes, 38419 edges (leaf_pruned=7)
  [44b6_2a2eff9f] FINAL: 40130 nodes, 38419 edges
  [44b6_341df25f] after edge-filter+motion-relink: 8523 nodes, 8210 edges
  [44b6_341df25f] after gap-closing (single-frame + gap2): 8569 nodes, 8290 edges
  [44b6_341df25f] after safe-division repair: 8569 nodes, 8301 edges (geometric_candidates=36, deepcenter_rejected=23, post_veto_candidates=13, added=11, cap_skipped=0, mutual_nn_rejected=3, divergence_rejected=140)
  [44b6_341df25f] after division-geometry-filter+prune-isolated: 8569 nodes, 8301 edges
  [44b6_341df25f] after short-track filtering: 8413 nodes, 8179 edges (components_removed=34)
  [44b6_341df25f] FINAL: 8413 nodes, 8179 edges
  [6bba_062c8d37] after edge-filter+motion-relink: 5997 nodes, 5645 edges
  [6bba_062c8d37] after gap-closing (single-frame + gap2): 6048 nodes, 5740 edges
  [6bba_062c8d37] after safe-division repair: 6048 nodes, 5744 edges (geometric_candidates=15, deepcenter_rejected=11, post_veto_candidates=4, added=4, cap_skipped=0, mutual_nn_rejected=3, divergence_rejected=66)
  [6bba_062c8d37] after division-geometry-filter+prune-isolated: 6022 nodes, 5744 edges
  [6bba_062c8d37] after short-track filtering: 5853 nodes, 5620 edges (components_removed=45)
  [6bba_062c8d37] after weak-leaf pruning: 5847 nodes, 5614 edges (leaf_pruned=6)
  [6bba_062c8d37] FINAL: 5847 nodes, 5614 edges
  [6bba_07e24132] after edge-filter+motion-relink: 29751 nodes, 28214 edges
  [6bba_07e24132] after gap-closing (single-frame + gap2): 30087 nodes, 28828 edges
  [6bba_07e24132] after safe-division repair: 30087 nodes, 28831 edges (geometric_candidates=118, deepcenter_rejected=115, post_veto_candidates=3, added=3, cap_skipped=0, mutual_nn_rejected=69, divergence_rejected=1006)
  [6bba_07e24132] after division-geometry-filter+prune-isolated: 30080 nodes, 28831 edges
  [6bba_07e24132] after short-track filtering: 29181 nodes, 28140 edges (components_removed=208)
  [6bba_07e24132] after weak-leaf pruning: 29172 nodes, 28131 edges (leaf_pruned=9)
  [6bba_07e24132] FINAL: 29172 nodes, 28131 edges
  [6bba_085bf656] after edge-filter+motion-relink: 8417 nodes, 8092 edges
  [6bba_085bf656] after gap-closing (single-frame + gap2): 8438 nodes, 8131 edges
  [6bba_085bf656] after safe-division repair: 8438 nodes, 8134 edges (geometric_candidates=21, deepcenter_rejected=18, post_veto_candidates=3, added=3, cap_skipped=0, mutual_nn_rejected=4, divergence_rejected=102)
  [6bba_085bf656] after division-geometry-filter+prune-isolated: 8435 nodes, 8134 edges
  [6bba_085bf656] after short-track filtering: 8300 nodes, 8029 edges (components_removed=30)
  [6bba_085bf656] after weak-leaf pruning: 8299 nodes, 8028 edges (leaf_pruned=1)
  [6bba_085bf656] FINAL: 8299 nodes, 8028 edges
  [6bba_09961292] after edge-filter+motion-relink: 29955 nodes, 28814 edges
  [6bba_09961292] after gap-closing (single-frame + gap2): 30171 nodes, 29207 edges
  [6bba_09961292] after safe-division repair: 30171 nodes, 29231 edges (geometric_candidates=97, deepcenter_rejected=69, post_veto_candidates=28, added=24, cap_skipped=0, mutual_nn_rejected=73, divergence_rejected=989)
  [6bba_09961292] after division-geometry-filter+prune-isolated: 30165 nodes, 29231 edges
  [6bba_09961292] after short-track filtering: 29753 nodes, 28917 edges (components_removed=98)
  [6bba_09961292] after weak-leaf pruning: 29741 nodes, 28905 edges (leaf_pruned=12)
  [6bba_09961292] FINAL: 29741 nodes, 28905 edges
[leaf040] n=8 adjusted_edge_jaccard=0.9263 division_jaccard=0.2308 (tp/fp/fn=3/1/9) PROXY_SCORE=0.9494  [7.2 min]
  [44b6_12dfb391] after edge-filter+motion-relink: 45351 nodes, 43042 edges
  [44b6_12dfb391] after gap-closing (single-frame + gap2): 46007 nodes, 44283 edges
  [44b6_12dfb391] after safe-division repair: 46007 nodes, 44301 edges (geometric_candidates=150, deepcenter_rejected=132, post_veto_candidates=18, added=18, cap_skipped=0, mutual_nn_rejected=59, divergence_rejected=1566)
  [44b6_12dfb391] after division-geometry-filter+prune-isolated: 46005 nodes, 44301 edges
  [44b6_12dfb391] after short-track filtering: 44959 nodes, 43491 edges (components_removed=236)
  [44b6_12dfb391] FINAL: 44959 nodes, 43491 edges
  [44b6_267148e4] after edge-filter+motion-relink: 22829 nodes, 21464 edges
  [44b6_267148e4] after gap-closing (single-frame + gap2): 23063 nodes, 21888 edges
  [44b6_267148e4] after safe-division repair: 23063 nodes, 21905 edges (geometric_candidates=210, deepcenter_rejected=188, post_veto_candidates=22, added=17, cap_skipped=0, mutual_nn_rejected=117, divergence_rejected=1048)
  [44b6_267148e4] after division-geometry-filter+prune-isolated: 23009 nodes, 21905 edges
  [44b6_267148e4] after short-track filtering: 22273 nodes, 21349 edges (components_removed=180)
  [44b6_267148e4] after weak-leaf pruning: 22240 nodes, 21316 edges (leaf_pruned=33)
  [44b6_267148e4] FINAL: 22240 nodes, 21316 edges
  [44b6_2a2eff9f] after edge-filter+motion-relink: 40928 nodes, 38430 edges
  [44b6_2a2eff9f] after gap-closing (single-frame + gap2): 41457 nodes, 39413 edges
  [44b6_2a2eff9f] after safe-division repair: 41457 nodes, 39445 edges (geometric_candidates=293, deepcenter_rejected=261, post_veto_candidates=32, added=32, cap_skipped=0, mutual_nn_rejected=74, divergence_rejected=1659)
  [44b6_2a2eff9f] after division-geometry-filter+prune-isolated: 41453 nodes, 39445 edges
  [44b6_2a2eff9f] after short-track filtering: 40124 nodes, 38416 edges (components_removed=300)
  [44b6_2a2eff9f] after weak-leaf pruning: 40116 nodes, 38408 edges (leaf_pruned=8)
  [44b6_2a2eff9f] FINAL: 40116 nodes, 38408 edges
  [44b6_341df25f] after edge-filter+motion-relink: 8523 nodes, 8210 edges
  [44b6_341df25f] after gap-closing (single-frame + gap2): 8569 nodes, 8290 edges
  [44b6_341df25f] after safe-division repair: 8569 nodes, 8301 edges (geometric_candidates=36, deepcenter_rejected=23, post_veto_candidates=13, added=11, cap_skipped=0, mutual_nn_rejected=3, divergence_rejected=140)
  [44b6_341df25f] after division-geometry-filter+prune-isolated: 8569 nodes, 8301 edges
  [44b6_341df25f] after short-track filtering: 8413 nodes, 8179 edges (components_removed=34)
  [44b6_341df25f] FINAL: 8413 nodes, 8179 edges
  [6bba_062c8d37] after edge-filter+motion-relink: 5997 nodes, 5648 edges
  [6bba_062c8d37] after gap-closing (single-frame + gap2): 6048 nodes, 5743 edges
  [6bba_062c8d37] after safe-division repair: 6048 nodes, 5747 edges (geometric_candidates=15, deepcenter_rejected=11, post_veto_candidates=4, added=4, cap_skipped=0, mutual_nn_rejected=3, divergence_rejected=63)
  [6bba_062c8d37] after division-geometry-filter+prune-isolated: 6022 nodes, 5747 edges
  [6bba_062c8d37] after short-track filtering: 5853 nodes, 5623 edges (components_removed=45)
  [6bba_062c8d37] after weak-leaf pruning: 5847 nodes, 5617 edges (leaf_pruned=6)
  [6bba_062c8d37] FINAL: 5847 nodes, 5617 edges
  [6bba_07e24132] after edge-filter+motion-relink: 29751 nodes, 28212 edges
  [6bba_07e24132] after gap-closing (single-frame + gap2): 30088 nodes, 28828 edges
  [6bba_07e24132] after safe-division repair: 30088 nodes, 28831 edges (geometric_candidates=117, deepcenter_rejected=114, post_veto_candidates=3, added=3, cap_skipped=0, mutual_nn_rejected=68, divergence_rejected=1011)
  [6bba_07e24132] after division-geometry-filter+prune-isolated: 30079 nodes, 28831 edges
  [6bba_07e24132] after short-track filtering: 29179 nodes, 28139 edges (components_removed=208)
  [6bba_07e24132] after weak-leaf pruning: 29170 nodes, 28130 edges (leaf_pruned=9)
  [6bba_07e24132] FINAL: 29170 nodes, 28130 edges
  [6bba_085bf656] after edge-filter+motion-relink: 8417 nodes, 8092 edges
  [6bba_085bf656] after gap-closing (single-frame + gap2): 8438 nodes, 8131 edges
  [6bba_085bf656] after safe-division repair: 8438 nodes, 8134 edges (geometric_candidates=21, deepcenter_rejected=18, post_veto_candidates=3, added=3, cap_skipped=0, mutual_nn_rejected=4, divergence_rejected=102)
  [6bba_085bf656] after division-geometry-filter+prune-isolated: 8435 nodes, 8134 edges
  [6bba_085bf656] after short-track filtering: 8300 nodes, 8029 edges (components_removed=30)
  [6bba_085bf656] after weak-leaf pruning: 8299 nodes, 8028 edges (leaf_pruned=1)
  [6bba_085bf656] FINAL: 8299 nodes, 8028 edges
  [6bba_09961292] after edge-filter+motion-relink: 29955 nodes, 28827 edges
  [6bba_09961292] after gap-closing (single-frame + gap2): 30167 nodes, 29212 edges
  [6bba_09961292] after safe-division repair: 30167 nodes, 29236 edges (geometric_candidates=92, deepcenter_rejected=67, post_veto_candidates=25, added=24, cap_skipped=0, mutual_nn_rejected=66, divergence_rejected=972)
  [6bba_09961292] after division-geometry-filter+prune-isolated: 30163 nodes, 29236 edges
  [6bba_09961292] after short-track filtering: 29742 nodes, 28915 edges (components_removed=100)
  [6bba_09961292] after weak-leaf pruning: 29733 nodes, 28906 edges (leaf_pruned=9)
  [6bba_09961292] FINAL: 29733 nodes, 28906 edges
[t55_leaf030] n=8 adjusted_edge_jaccard=0.9284 division_jaccard=0.2308 (tp/fp/fn=3/1/9) PROXY_SCORE=0.9514  [7.2 min]
  [44b6_12dfb391] after edge-filter+motion-relink: 45351 nodes, 43045 edges
  [44b6_12dfb391] after gap-closing (single-frame + gap2): 46006 nodes, 44284 edges
  [44b6_12dfb391] after safe-division repair: 46006 nodes, 44302 edges (geometric_candidates=150, deepcenter_rejected=132, post_veto_candidates=18, added=18, cap_skipped=0, mutual_nn_rejected=59, divergence_rejected=1557)
  [44b6_12dfb391] after division-geometry-filter+prune-isolated: 46004 nodes, 44302 edges
  [44b6_12dfb391] after short-track filtering: 45483 nodes, 43912 edges (components_removed=131)
  [44b6_12dfb391] FINAL: 45483 nodes, 43912 edges
  [44b6_267148e4] after edge-filter+motion-relink: 22829 nodes, 21448 edges
  [44b6_267148e4] after gap-closing (single-frame + gap2): 23070 nodes, 21883 edges
  [44b6_267148e4] after safe-division repair: 23070 nodes, 21899 edges (geometric_candidates=207, deepcenter_rejected=185, post_veto_candidates=22, added=16, cap_skipped=0, mutual_nn_rejected=133, divergence_rejected=1057)
  [44b6_267148e4] after division-geometry-filter+prune-isolated: 23010 nodes, 21899 edges
  [44b6_267148e4] after short-track filtering: 22622 nodes, 21620 edges (components_removed=109)
  [44b6_267148e4] FINAL: 22622 nodes, 21620 edges
  [44b6_2a2eff9f] after edge-filter+motion-relink: 40928 nodes, 38433 edges
  [44b6_2a2eff9f] after gap-closing (single-frame + gap2): 41455 nodes, 39412 edges
  [44b6_2a2eff9f] after safe-division repair: 41455 nodes, 39444 edges (geometric_candidates=291, deepcenter_rejected=259, post_veto_candidates=32, added=32, cap_skipped=0, mutual_nn_rejected=74, divergence_rejected=1655)
  [44b6_2a2eff9f] after division-geometry-filter+prune-isolated: 41451 nodes, 39444 edges
  [44b6_2a2eff9f] after short-track filtering: 40827 nodes, 38978 edges (components_removed=158)
  [44b6_2a2eff9f] FINAL: 40827 nodes, 38978 edges
  [44b6_341df25f] after edge-filter+motion-relink: 8523 nodes, 8210 edges
  [44b6_341df25f] after gap-closing (single-frame + gap2): 8569 nodes, 8290 edges
  [44b6_341df25f] after safe-division repair: 8569 nodes, 8301 edges (geometric_candidates=36, deepcenter_rejected=23, post_veto_candidates=13, added=11, cap_skipped=0, mutual_nn_rejected=3, divergence_rejected=140)
  [44b6_341df25f] after division-geometry-filter+prune-isolated: 8569 nodes, 8301 edges
  [44b6_341df25f] after short-track filtering: 8523 nodes, 8267 edges (components_removed=12)
  [44b6_341df25f] FINAL: 8523 nodes, 8267 edges
  [6bba_062c8d37] after edge-filter+motion-relink: 5997 nodes, 5645 edges
  [6bba_062c8d37] after gap-closing (single-frame + gap2): 6048 nodes, 5740 edges
  [6bba_062c8d37] after safe-division repair: 6048 nodes, 5744 edges (geometric_candidates=15, deepcenter_rejected=11, post_veto_candidates=4, added=4, cap_skipped=0, mutual_nn_rejected=3, divergence_rejected=66)
  [6bba_062c8d37] after division-geometry-filter+prune-isolated: 6022 nodes, 5744 edges
  [6bba_062c8d37] after short-track filtering: 5918 nodes, 5672 edges (components_removed=32)
  [6bba_062c8d37] FINAL: 5918 nodes, 5672 edges
  [6bba_07e24132] after edge-filter+motion-relink: 29751 nodes, 28214 edges
  [6bba_07e24132] after gap-closing (single-frame + gap2): 30087 nodes, 28828 edges
  [6bba_07e24132] after safe-division repair: 30087 nodes, 28831 edges (geometric_candidates=118, deepcenter_rejected=115, post_veto_candidates=3, added=3, cap_skipped=0, mutual_nn_rejected=69, divergence_rejected=1006)
  [6bba_07e24132] after division-geometry-filter+prune-isolated: 30080 nodes, 28831 edges
  [6bba_07e24132] after short-track filtering: 29636 nodes, 28504 edges (components_removed=117)
  [6bba_07e24132] FINAL: 29636 nodes, 28504 edges
  [6bba_085bf656] after edge-filter+motion-relink: 8417 nodes, 8092 edges
  [6bba_085bf656] after gap-closing (single-frame + gap2): 8438 nodes, 8131 edges
  [6bba_085bf656] after safe-division repair: 8438 nodes, 8134 edges (geometric_candidates=21, deepcenter_rejected=18, post_veto_candidates=3, added=3, cap_skipped=0, mutual_nn_rejected=4, divergence_rejected=102)
  [6bba_085bf656] after division-geometry-filter+prune-isolated: 8435 nodes, 8134 edges
  [6bba_085bf656] after short-track filtering: 8390 nodes, 8101 edges (components_removed=12)
  [6bba_085bf656] FINAL: 8390 nodes, 8101 edges
  [6bba_09961292] after edge-filter+motion-relink: 29955 nodes, 28814 edges
  [6bba_09961292] after gap-closing (single-frame + gap2): 30171 nodes, 29207 edges
  [6bba_09961292] after safe-division repair: 30171 nodes, 29231 edges (geometric_candidates=97, deepcenter_rejected=69, post_veto_candidates=28, added=24, cap_skipped=0, mutual_nn_rejected=73, divergence_rejected=989)
  [6bba_09961292] after division-geometry-filter+prune-isolated: 30165 nodes, 29231 edges
  [6bba_09961292] after short-track filtering: 29933 nodes, 29061 edges (components_removed=62)
  [6bba_09961292] FINAL: 29933 nodes, 29061 edges
[minlen5] n=8 adjusted_edge_jaccard=0.9247 division_jaccard=0.2308 (tp/fp/fn=3/1/9) PROXY_SCORE=0.9478  [7.2 min]
  [44b6_12dfb391] after edge-filter+motion-relink: 45351 nodes, 43045 edges
  [44b6_12dfb391] after gap-closing (single-frame + gap2): 46006 nodes, 44284 edges
  [44b6_12dfb391] after safe-division repair: 46006 nodes, 44302 edges (geometric_candidates=150, deepcenter_rejected=132, post_veto_candidates=18, added=18, cap_skipped=0, mutual_nn_rejected=59, divergence_rejected=1557)
  [44b6_12dfb391] after division-geometry-filter+prune-isolated: 46004 nodes, 44302 edges
  [44b6_12dfb391] after short-track filtering: 44953 nodes, 43488 edges (components_removed=237)
  [44b6_12dfb391] FINAL: 44953 nodes, 43488 edges
  [44b6_267148e4] after edge-filter+motion-relink: 22829 nodes, 21448 edges
  [44b6_267148e4] after gap-closing (single-frame + gap2): 23070 nodes, 21883 edges
  [44b6_267148e4] after safe-division repair: 23070 nodes, 21899 edges (geometric_candidates=207, deepcenter_rejected=185, post_veto_candidates=22, added=16, cap_skipped=0, mutual_nn_rejected=133, divergence_rejected=1057)
  [44b6_267148e4] after division-geometry-filter+prune-isolated: 23010 nodes, 21899 edges
  [44b6_267148e4] after short-track filtering: 22247 nodes, 21320 edges (components_removed=184)
  [44b6_267148e4] FINAL: 22247 nodes, 21320 edges
  [44b6_2a2eff9f] after edge-filter+motion-relink: 40928 nodes, 38433 edges
  [44b6_2a2eff9f] after gap-closing (single-frame + gap2): 41455 nodes, 39412 edges
  [44b6_2a2eff9f] after safe-division repair: 41455 nodes, 39444 edges (geometric_candidates=291, deepcenter_rejected=259, post_veto_candidates=32, added=32, cap_skipped=0, mutual_nn_rejected=74, divergence_rejected=1655)
  [44b6_2a2eff9f] after division-geometry-filter+prune-isolated: 41451 nodes, 39444 edges
  [44b6_2a2eff9f] after short-track filtering: 40137 nodes, 38426 edges (components_removed=296)
  [44b6_2a2eff9f] FINAL: 40137 nodes, 38426 edges
  [44b6_341df25f] after edge-filter+motion-relink: 8523 nodes, 8210 edges
  [44b6_341df25f] after gap-closing (single-frame + gap2): 8569 nodes, 8290 edges
  [44b6_341df25f] after safe-division repair: 8569 nodes, 8301 edges (geometric_candidates=36, deepcenter_rejected=23, post_veto_candidates=13, added=11, cap_skipped=0, mutual_nn_rejected=3, divergence_rejected=140)
  [44b6_341df25f] after division-geometry-filter+prune-isolated: 8569 nodes, 8301 edges
  [44b6_341df25f] after short-track filtering: 8413 nodes, 8179 edges (components_removed=34)
  [44b6_341df25f] FINAL: 8413 nodes, 8179 edges
  [6bba_062c8d37] after edge-filter+motion-relink: 5997 nodes, 5645 edges
  [6bba_062c8d37] after gap-closing (single-frame + gap2): 6048 nodes, 5740 edges
  [6bba_062c8d37] after safe-division repair: 6048 nodes, 5744 edges (geometric_candidates=15, deepcenter_rejected=11, post_veto_candidates=4, added=4, cap_skipped=0, mutual_nn_rejected=3, divergence_rejected=66)
  [6bba_062c8d37] after division-geometry-filter+prune-isolated: 6022 nodes, 5744 edges
  [6bba_062c8d37] after short-track filtering: 5853 nodes, 5620 edges (components_removed=45)
  [6bba_062c8d37] FINAL: 5853 nodes, 5620 edges
  [6bba_07e24132] after edge-filter+motion-relink: 29751 nodes, 28214 edges
  [6bba_07e24132] after gap-closing (single-frame + gap2): 30087 nodes, 28828 edges
  [6bba_07e24132] after safe-division repair: 30087 nodes, 28831 edges (geometric_candidates=118, deepcenter_rejected=115, post_veto_candidates=3, added=3, cap_skipped=0, mutual_nn_rejected=69, divergence_rejected=1006)
  [6bba_07e24132] after division-geometry-filter+prune-isolated: 30080 nodes, 28831 edges
  [6bba_07e24132] after short-track filtering: 29181 nodes, 28140 edges (components_removed=208)
  [6bba_07e24132] FINAL: 29181 nodes, 28140 edges
  [6bba_085bf656] after edge-filter+motion-relink: 8417 nodes, 8092 edges
  [6bba_085bf656] after gap-closing (single-frame + gap2): 8438 nodes, 8131 edges
  [6bba_085bf656] after safe-division repair: 8438 nodes, 8134 edges (geometric_candidates=21, deepcenter_rejected=18, post_veto_candidates=3, added=3, cap_skipped=0, mutual_nn_rejected=4, divergence_rejected=102)
  [6bba_085bf656] after division-geometry-filter+prune-isolated: 8435 nodes, 8134 edges
  [6bba_085bf656] after short-track filtering: 8300 nodes, 8029 edges (components_removed=30)
  [6bba_085bf656] FINAL: 8300 nodes, 8029 edges
  [6bba_09961292] after edge-filter+motion-relink: 29955 nodes, 28814 edges
  [6bba_09961292] after gap-closing (single-frame + gap2): 30171 nodes, 29207 edges
  [6bba_09961292] after safe-division repair: 30171 nodes, 29231 edges (geometric_candidates=97, deepcenter_rejected=69, post_veto_candidates=28, added=24, cap_skipped=0, mutual_nn_rejected=73, divergence_rejected=989)
  [6bba_09961292] after division-geometry-filter+prune-isolated: 30165 nodes, 29231 edges
  [6bba_09961292] after short-track filtering: 29753 nodes, 28917 edges (components_removed=98)
  [6bba_09961292] FINAL: 29753 nodes, 28917 edges
[rescue085] n=8 adjusted_edge_jaccard=0.9260 division_jaccard=0.2308 (tp/fp/fn=3/1/9) PROXY_SCORE=0.9490  [7.2 min]
  [44b6_12dfb391] after edge-filter+motion-relink: 45351 nodes, 43045 edges
  [44b6_12dfb391] after gap-closing (single-frame + gap2): 46015 nodes, 44302 edges
  [44b6_12dfb391] after safe-division repair: 46015 nodes, 44320 edges (geometric_candidates=147, deepcenter_rejected=129, post_veto_candidates=18, added=18, cap_skipped=0, mutual_nn_rejected=58, divergence_rejected=1550)
  [44b6_12dfb391] after division-geometry-filter+prune-isolated: 46013 nodes, 44320 edges
  [44b6_12dfb391] after short-track filtering: 44966 nodes, 43509 edges (components_removed=236)
  [44b6_12dfb391] FINAL: 44966 nodes, 43509 edges
  [44b6_267148e4] after edge-filter+motion-relink: 22829 nodes, 21448 edges
  [44b6_267148e4] after gap-closing (single-frame + gap2): 23075 nodes, 21893 edges
  [44b6_267148e4] after safe-division repair: 23075 nodes, 21909 edges (geometric_candidates=206, deepcenter_rejected=184, post_veto_candidates=22, added=16, cap_skipped=0, mutual_nn_rejected=131, divergence_rejected=1054)
  [44b6_267148e4] after division-geometry-filter+prune-isolated: 23017 nodes, 21909 edges
  [44b6_267148e4] after short-track filtering: 22261 nodes, 21335 edges (components_removed=182)
  [44b6_267148e4] FINAL: 22261 nodes, 21335 edges
  [44b6_2a2eff9f] after edge-filter+motion-relink: 40928 nodes, 38433 edges
  [44b6_2a2eff9f] after gap-closing (single-frame + gap2): 41467 nodes, 39436 edges
  [44b6_2a2eff9f] after safe-division repair: 41467 nodes, 39467 edges (geometric_candidates=288, deepcenter_rejected=257, post_veto_candidates=31, added=31, cap_skipped=0, mutual_nn_rejected=74, divergence_rejected=1644)
  [44b6_2a2eff9f] after division-geometry-filter+prune-isolated: 41463 nodes, 39467 edges
  [44b6_2a2eff9f] after short-track filtering: 40183 nodes, 38476 edges (components_removed=289)
  [44b6_2a2eff9f] FINAL: 40183 nodes, 38476 edges
  [44b6_341df25f] after edge-filter+motion-relink: 8523 nodes, 8210 edges
  [44b6_341df25f] after gap-closing (single-frame + gap2): 8569 nodes, 8290 edges
  [44b6_341df25f] after safe-division repair: 8569 nodes, 8301 edges (geometric_candidates=36, deepcenter_rejected=23, post_veto_candidates=13, added=11, cap_skipped=0, mutual_nn_rejected=3, divergence_rejected=140)
  [44b6_341df25f] after division-geometry-filter+prune-isolated: 8569 nodes, 8301 edges
  [44b6_341df25f] after short-track filtering: 8413 nodes, 8179 edges (components_removed=34)
  [44b6_341df25f] FINAL: 8413 nodes, 8179 edges
  [6bba_062c8d37] after edge-filter+motion-relink: 5997 nodes, 5645 edges
  [6bba_062c8d37] after gap-closing (single-frame + gap2): 6048 nodes, 5740 edges
  [6bba_062c8d37] after safe-division repair: 6048 nodes, 5744 edges (geometric_candidates=15, deepcenter_rejected=11, post_veto_candidates=4, added=4, cap_skipped=0, mutual_nn_rejected=3, divergence_rejected=66)
  [6bba_062c8d37] after division-geometry-filter+prune-isolated: 6022 nodes, 5744 edges
  [6bba_062c8d37] after short-track filtering: 5853 nodes, 5620 edges (components_removed=45)
  [6bba_062c8d37] FINAL: 5853 nodes, 5620 edges
  [6bba_07e24132] after edge-filter+motion-relink: 29751 nodes, 28214 edges
  [6bba_07e24132] after gap-closing (single-frame + gap2): 30089 nodes, 28832 edges
  [6bba_07e24132] after safe-division repair: 30089 nodes, 28835 edges (geometric_candidates=118, deepcenter_rejected=115, post_veto_candidates=3, added=3, cap_skipped=0, mutual_nn_rejected=69, divergence_rejected=1004)
  [6bba_07e24132] after division-geometry-filter+prune-isolated: 30082 nodes, 28835 edges
  [6bba_07e24132] after short-track filtering: 29183 nodes, 28144 edges (components_removed=208)
  [6bba_07e24132] FINAL: 29183 nodes, 28144 edges
  [6bba_085bf656] after edge-filter+motion-relink: 8417 nodes, 8092 edges
  [6bba_085bf656] after gap-closing (single-frame + gap2): 8438 nodes, 8131 edges
  [6bba_085bf656] after safe-division repair: 8438 nodes, 8134 edges (geometric_candidates=21, deepcenter_rejected=18, post_veto_candidates=3, added=3, cap_skipped=0, mutual_nn_rejected=4, divergence_rejected=102)
  [6bba_085bf656] after division-geometry-filter+prune-isolated: 8435 nodes, 8134 edges
  [6bba_085bf656] after short-track filtering: 8300 nodes, 8029 edges (components_removed=30)
  [6bba_085bf656] FINAL: 8300 nodes, 8029 edges
  [6bba_09961292] after edge-filter+motion-relink: 29955 nodes, 28814 edges
  [6bba_09961292] after gap-closing (single-frame + gap2): 30176 nodes, 29217 edges
  [6bba_09961292] after safe-division repair: 30176 nodes, 29241 edges (geometric_candidates=96, deepcenter_rejected=68, post_veto_candidates=28, added=24, cap_skipped=0, mutual_nn_rejected=70, divergence_rejected=987)
  [6bba_09961292] after division-geometry-filter+prune-isolated: 30170 nodes, 29241 edges
  [6bba_09961292] after short-track filtering: 29758 nodes, 28927 edges (components_removed=98)
  [6bba_09961292] FINAL: 29758 nodes, 28927 edges
[dcgap018] n=8 adjusted_edge_jaccard=0.9258 division_jaccard=0.2308 (tp/fp/fn=3/1/9) PROXY_SCORE=0.9489  [7.2 min]
  [44b6_12dfb391] after edge-filter+motion-relink: 45351 nodes, 43045 edges
  [44b6_12dfb391] after gap-closing (single-frame + gap2): 46005 nodes, 44282 edges
  [44b6_12dfb391] after safe-division repair: 46005 nodes, 44300 edges (geometric_candidates=150, deepcenter_rejected=132, post_veto_candidates=18, added=18, cap_skipped=0, mutual_nn_rejected=59, divergence_rejected=1556)
  [44b6_12dfb391] after division-geometry-filter+prune-isolated: 46003 nodes, 44300 edges
  [44b6_12dfb391] after short-track filtering: 44946 nodes, 43481 edges (components_removed=238)
  [44b6_12dfb391] FINAL: 44946 nodes, 43481 edges
  [44b6_267148e4] after edge-filter+motion-relink: 22829 nodes, 21451 edges
  [44b6_267148e4] after gap-closing (single-frame + gap2): 23064 nodes, 21875 edges
  [44b6_267148e4] after safe-division repair: 23064 nodes, 21891 edges (geometric_candidates=211, deepcenter_rejected=191, post_veto_candidates=20, added=16, cap_skipped=0, mutual_nn_rejected=130, divergence_rejected=1065)
  [44b6_267148e4] after division-geometry-filter+prune-isolated: 23009 nodes, 21891 edges
  [44b6_267148e4] after short-track filtering: 22240 nodes, 21308 edges (components_removed=186)
  [44b6_267148e4] FINAL: 22240 nodes, 21308 edges
  [44b6_2a2eff9f] after edge-filter+motion-relink: 40928 nodes, 38433 edges
  [44b6_2a2eff9f] after gap-closing (single-frame + gap2): 41454 nodes, 39411 edges
  [44b6_2a2eff9f] after safe-division repair: 41454 nodes, 39443 edges (geometric_candidates=292, deepcenter_rejected=260, post_veto_candidates=32, added=32, cap_skipped=0, mutual_nn_rejected=74, divergence_rejected=1650)
  [44b6_2a2eff9f] after division-geometry-filter+prune-isolated: 41450 nodes, 39443 edges
  [44b6_2a2eff9f] after short-track filtering: 40121 nodes, 38413 edges (components_removed=299)
  [44b6_2a2eff9f] FINAL: 40121 nodes, 38413 edges
  [44b6_341df25f] after edge-filter+motion-relink: 8523 nodes, 8210 edges
  [44b6_341df25f] after gap-closing (single-frame + gap2): 8569 nodes, 8290 edges
  [44b6_341df25f] after safe-division repair: 8569 nodes, 8301 edges (geometric_candidates=36, deepcenter_rejected=23, post_veto_candidates=13, added=11, cap_skipped=0, mutual_nn_rejected=3, divergence_rejected=140)
  [44b6_341df25f] after division-geometry-filter+prune-isolated: 8569 nodes, 8301 edges
  [44b6_341df25f] after short-track filtering: 8413 nodes, 8179 edges (components_removed=34)
  [44b6_341df25f] FINAL: 8413 nodes, 8179 edges
  [6bba_062c8d37] after edge-filter+motion-relink: 5997 nodes, 5645 edges
  [6bba_062c8d37] after gap-closing (single-frame + gap2): 6047 nodes, 5738 edges
  [6bba_062c8d37] after safe-division repair: 6047 nodes, 5742 edges (geometric_candidates=15, deepcenter_rejected=11, post_veto_candidates=4, added=4, cap_skipped=0, mutual_nn_rejected=3, divergence_rejected=68)
  [6bba_062c8d37] after division-geometry-filter+prune-isolated: 6021 nodes, 5742 edges
  [6bba_062c8d37] after short-track filtering: 5852 nodes, 5618 edges (components_removed=45)
  [6bba_062c8d37] FINAL: 5852 nodes, 5618 edges
  [6bba_07e24132] after edge-filter+motion-relink: 29751 nodes, 28212 edges
  [6bba_07e24132] after gap-closing (single-frame + gap2): 30084 nodes, 28821 edges
  [6bba_07e24132] after safe-division repair: 30084 nodes, 28824 edges (geometric_candidates=120, deepcenter_rejected=117, post_veto_candidates=3, added=3, cap_skipped=0, mutual_nn_rejected=70, divergence_rejected=1010)
  [6bba_07e24132] after division-geometry-filter+prune-isolated: 30076 nodes, 28824 edges
  [6bba_07e24132] after short-track filtering: 29183 nodes, 28138 edges (components_removed=207)
  [6bba_07e24132] FINAL: 29183 nodes, 28138 edges
  [6bba_085bf656] after edge-filter+motion-relink: 8417 nodes, 8092 edges
  [6bba_085bf656] after gap-closing (single-frame + gap2): 8438 nodes, 8131 edges
  [6bba_085bf656] after safe-division repair: 8438 nodes, 8134 edges (geometric_candidates=21, deepcenter_rejected=18, post_veto_candidates=3, added=3, cap_skipped=0, mutual_nn_rejected=4, divergence_rejected=102)
  [6bba_085bf656] after division-geometry-filter+prune-isolated: 8435 nodes, 8134 edges
  [6bba_085bf656] after short-track filtering: 8300 nodes, 8029 edges (components_removed=30)
  [6bba_085bf656] FINAL: 8300 nodes, 8029 edges
  [6bba_09961292] after edge-filter+motion-relink: 29955 nodes, 28817 edges
  [6bba_09961292] after gap-closing (single-frame + gap2): 30171 nodes, 29210 edges
  [6bba_09961292] after safe-division repair: 30171 nodes, 29234 edges (geometric_candidates=97, deepcenter_rejected=68, post_veto_candidates=29, added=24, cap_skipped=0, mutual_nn_rejected=73, divergence_rejected=979)
  [6bba_09961292] after division-geometry-filter+prune-isolated: 30165 nodes, 29234 edges
  [6bba_09961292] after short-track filtering: 29755 nodes, 28921 edges (components_removed=97)
  [6bba_09961292] FINAL: 29755 nodes, 28921 edges
[vel075] n=8 adjusted_edge_jaccard=0.9253 division_jaccard=0.2308 (tp/fp/fn=3/1/9) PROXY_SCORE=0.9484  [7.2 min]
  [44b6_12dfb391] after edge-filter+motion-relink: 45351 nodes, 43045 edges
  [44b6_12dfb391] after gap-closing (single-frame + gap2): 46006 nodes, 44284 edges
  [44b6_12dfb391] after safe-division repair: 46006 nodes, 44302 edges (geometric_candidates=151, deepcenter_rejected=133, post_veto_candidates=18, added=18, cap_skipped=0, mutual_nn_rejected=58, divergence_rejected=1553)
  [44b6_12dfb391] after division-geometry-filter+prune-isolated: 46003 nodes, 44302 edges
  [44b6_12dfb391] after short-track filtering: 44956 nodes, 43491 edges (components_removed=236)
  [44b6_12dfb391] FINAL: 44956 nodes, 43491 edges
  [44b6_267148e4] after edge-filter+motion-relink: 22829 nodes, 21450 edges
  [44b6_267148e4] after gap-closing (single-frame + gap2): 23077 nodes, 21899 edges
  [44b6_267148e4] after safe-division repair: 23077 nodes, 21915 edges (geometric_candidates=210, deepcenter_rejected=188, post_veto_candidates=22, added=16, cap_skipped=0, mutual_nn_rejected=127, divergence_rejected=1047)
  [44b6_267148e4] after division-geometry-filter+prune-isolated: 23018 nodes, 21915 edges
  [44b6_267148e4] after short-track filtering: 22222 nodes, 21312 edges (components_removed=193)
  [44b6_267148e4] FINAL: 22222 nodes, 21312 edges
  [44b6_2a2eff9f] after edge-filter+motion-relink: 40928 nodes, 38433 edges
  [44b6_2a2eff9f] after gap-closing (single-frame + gap2): 41456 nodes, 39414 edges
  [44b6_2a2eff9f] after safe-division repair: 41456 nodes, 39445 edges (geometric_candidates=292, deepcenter_rejected=261, post_veto_candidates=31, added=31, cap_skipped=0, mutual_nn_rejected=77, divergence_rejected=1655)
  [44b6_2a2eff9f] after division-geometry-filter+prune-isolated: 41452 nodes, 39445 edges
  [44b6_2a2eff9f] after short-track filtering: 40146 nodes, 38433 edges (components_removed=294)
  [44b6_2a2eff9f] FINAL: 40146 nodes, 38433 edges
  [44b6_341df25f] after edge-filter+motion-relink: 8523 nodes, 8210 edges
  [44b6_341df25f] after gap-closing (single-frame + gap2): 8569 nodes, 8290 edges
  [44b6_341df25f] after safe-division repair: 8569 nodes, 8301 edges (geometric_candidates=36, deepcenter_rejected=23, post_veto_candidates=13, added=11, cap_skipped=0, mutual_nn_rejected=3, divergence_rejected=140)
  [44b6_341df25f] after division-geometry-filter+prune-isolated: 8569 nodes, 8301 edges
  [44b6_341df25f] after short-track filtering: 8413 nodes, 8179 edges (components_removed=34)
  [44b6_341df25f] FINAL: 8413 nodes, 8179 edges
  [6bba_062c8d37] after edge-filter+motion-relink: 5997 nodes, 5645 edges
  [6bba_062c8d37] after gap-closing (single-frame + gap2): 6048 nodes, 5740 edges
  [6bba_062c8d37] after safe-division repair: 6048 nodes, 5744 edges (geometric_candidates=15, deepcenter_rejected=11, post_veto_candidates=4, added=4, cap_skipped=0, mutual_nn_rejected=3, divergence_rejected=66)
  [6bba_062c8d37] after division-geometry-filter+prune-isolated: 6022 nodes, 5744 edges
  [6bba_062c8d37] after short-track filtering: 5853 nodes, 5620 edges (components_removed=45)
  [6bba_062c8d37] FINAL: 5853 nodes, 5620 edges
  [6bba_07e24132] after edge-filter+motion-relink: 29751 nodes, 28215 edges
  [6bba_07e24132] after gap-closing (single-frame + gap2): 30094 nodes, 28842 edges
  [6bba_07e24132] after safe-division repair: 30094 nodes, 28844 edges (geometric_candidates=114, deepcenter_rejected=112, post_veto_candidates=2, added=2, cap_skipped=0, mutual_nn_rejected=66, divergence_rejected=988)
  [6bba_07e24132] after division-geometry-filter+prune-isolated: 30089 nodes, 28844 edges
  [6bba_07e24132] after short-track filtering: 29210 nodes, 28168 edges (components_removed=203)
  [6bba_07e24132] FINAL: 29210 nodes, 28168 edges
  [6bba_085bf656] after edge-filter+motion-relink: 8417 nodes, 8092 edges
  [6bba_085bf656] after gap-closing (single-frame + gap2): 8438 nodes, 8131 edges
  [6bba_085bf656] after safe-division repair: 8438 nodes, 8134 edges (geometric_candidates=21, deepcenter_rejected=18, post_veto_candidates=3, added=3, cap_skipped=0, mutual_nn_rejected=4, divergence_rejected=102)
  [6bba_085bf656] after division-geometry-filter+prune-isolated: 8435 nodes, 8134 edges
  [6bba_085bf656] after short-track filtering: 8300 nodes, 8029 edges (components_removed=30)
  [6bba_085bf656] FINAL: 8300 nodes, 8029 edges
  [6bba_09961292] after edge-filter+motion-relink: 29955 nodes, 28817 edges
  [6bba_09961292] after gap-closing (single-frame + gap2): 30168 nodes, 29206 edges
  [6bba_09961292] after safe-division repair: 30168 nodes, 29230 edges (geometric_candidates=95, deepcenter_rejected=69, post_veto_candidates=26, added=24, cap_skipped=0, mutual_nn_rejected=74, divergence_rejected=988)
  [6bba_09961292] after division-geometry-filter+prune-isolated: 30162 nodes, 29230 edges
  [6bba_09961292] after short-track filtering: 29731 nodes, 28901 edges (components_removed=102)
  [6bba_09961292] FINAL: 29731 nodes, 28901 edges
[vel025] n=8 adjusted_edge_jaccard=0.9274 division_jaccard=0.2308 (tp/fp/fn=3/1/9) PROXY_SCORE=0.9505  [7.2 min]
  [44b6_12dfb391] after edge-filter+motion-relink: 45351 nodes, 43042 edges
  [44b6_12dfb391] after gap-closing (single-frame + gap2): 46007 nodes, 44283 edges
  [44b6_12dfb391] after safe-division repair: 46007 nodes, 44308 edges (geometric_candidates=228, deepcenter_rejected=203, post_veto_candidates=25, added=25, cap_skipped=0, mutual_nn_rejected=171, divergence_rejected=2846)
  [44b6_12dfb391] after division-geometry-filter+prune-isolated: 46004 nodes, 44308 edges
  [44b6_12dfb391] after short-track filtering: 44967 nodes, 43505 edges (components_removed=234)
  [44b6_12dfb391] FINAL: 44967 nodes, 43505 edges
  [44b6_267148e4] after edge-filter+motion-relink: 22829 nodes, 21470 edges
  [44b6_267148e4] after gap-closing (single-frame + gap2): 23068 nodes, 21904 edges
  [44b6_267148e4] after safe-division repair: 23068 nodes, 21946 edges (geometric_candidates=308, deepcenter_rejected=245, post_veto_candidates=63, added=42, cap_skipped=0, mutual_nn_rejected=309, divergence_rejected=1779)
  [44b6_267148e4] after division-geometry-filter+prune-isolated: 23013 nodes, 21946 edges
  [44b6_267148e4] after short-track filtering: 22267 nodes, 21384 edges (components_removed=184)
  [44b6_267148e4] after weak-leaf pruning: 22233 nodes, 21350 edges (leaf_pruned=34)
  [44b6_267148e4] FINAL: 22233 nodes, 21350 edges
  [44b6_2a2eff9f] after edge-filter+motion-relink: 40928 nodes, 38429 edges
  [44b6_2a2eff9f] after gap-closing (single-frame + gap2): 41458 nodes, 39414 edges
  [44b6_2a2eff9f] after safe-division repair: 41458 nodes, 39465 edges (geometric_candidates=428, deepcenter_rejected=376, post_veto_candidates=52, added=51, cap_skipped=0, mutual_nn_rejected=253, divergence_rejected=3196)
  [44b6_2a2eff9f] after division-geometry-filter+prune-isolated: 41454 nodes, 39465 edges
  [44b6_2a2eff9f] after short-track filtering: 40149 nodes, 38454 edges (components_removed=294)
  [44b6_2a2eff9f] after weak-leaf pruning: 40142 nodes, 38447 edges (leaf_pruned=7)
  [44b6_2a2eff9f] FINAL: 40142 nodes, 38447 edges
  [44b6_341df25f] after edge-filter+motion-relink: 8523 nodes, 8210 edges
  [44b6_341df25f] after gap-closing (single-frame + gap2): 8569 nodes, 8290 edges
  [44b6_341df25f] after safe-division repair: 8569 nodes, 8301 edges (geometric_candidates=43, deepcenter_rejected=30, post_veto_candidates=13, added=11, cap_skipped=0, mutual_nn_rejected=5, divergence_rejected=228)
  [44b6_341df25f] after division-geometry-filter+prune-isolated: 8569 nodes, 8301 edges
  [44b6_341df25f] after short-track filtering: 8413 nodes, 8179 edges (components_removed=34)
  [44b6_341df25f] FINAL: 8413 nodes, 8179 edges
  [6bba_062c8d37] after edge-filter+motion-relink: 5997 nodes, 5648 edges
  [6bba_062c8d37] after gap-closing (single-frame + gap2): 6048 nodes, 5743 edges
  [6bba_062c8d37] after safe-division repair: 6048 nodes, 5749 edges (geometric_candidates=21, deepcenter_rejected=15, post_veto_candidates=6, added=6, cap_skipped=0, mutual_nn_rejected=6, divergence_rejected=117)
  [6bba_062c8d37] after division-geometry-filter+prune-isolated: 6022 nodes, 5749 edges
  [6bba_062c8d37] after short-track filtering: 5853 nodes, 5625 edges (components_removed=45)
  [6bba_062c8d37] after weak-leaf pruning: 5847 nodes, 5619 edges (leaf_pruned=6)
  [6bba_062c8d37] FINAL: 5847 nodes, 5619 edges
  [6bba_07e24132] after edge-filter+motion-relink: 29751 nodes, 28214 edges
  [6bba_07e24132] after gap-closing (single-frame + gap2): 30094 nodes, 28841 edges
  [6bba_07e24132] after safe-division repair: 30094 nodes, 28853 edges (geometric_candidates=187, deepcenter_rejected=173, post_veto_candidates=14, added=12, cap_skipped=0, mutual_nn_rejected=165, divergence_rejected=1894)
  [6bba_07e24132] after division-geometry-filter+prune-isolated: 30087 nodes, 28853 edges
  [6bba_07e24132] after short-track filtering: 29211 nodes, 28179 edges (components_removed=202)
  [6bba_07e24132] after weak-leaf pruning: 29202 nodes, 28170 edges (leaf_pruned=9)
  [6bba_07e24132] FINAL: 29202 nodes, 28170 edges
  [6bba_085bf656] after edge-filter+motion-relink: 8417 nodes, 8092 edges
  [6bba_085bf656] after gap-closing (single-frame + gap2): 8438 nodes, 8131 edges
  [6bba_085bf656] after safe-division repair: 8438 nodes, 8137 edges (geometric_candidates=36, deepcenter_rejected=30, post_veto_candidates=6, added=6, cap_skipped=0, mutual_nn_rejected=8, divergence_rejected=166)
  [6bba_085bf656] after division-geometry-filter+prune-isolated: 8435 nodes, 8137 edges
  [6bba_085bf656] after short-track filtering: 8300 nodes, 8032 edges (components_removed=30)
  [6bba_085bf656] after weak-leaf pruning: 8299 nodes, 8031 edges (leaf_pruned=1)
  [6bba_085bf656] FINAL: 8299 nodes, 8031 edges
  [6bba_09961292] after edge-filter+motion-relink: 29955 nodes, 28826 edges
  [6bba_09961292] after gap-closing (single-frame + gap2): 30170 nodes, 29218 edges
  [6bba_09961292] after safe-division repair: 30170 nodes, 29246 edges (geometric_candidates=136, deepcenter_rejected=107, post_veto_candidates=29, added=28, cap_skipped=0, mutual_nn_rejected=164, divergence_rejected=1710)
  [6bba_09961292] after division-geometry-filter+prune-isolated: 30165 nodes, 29246 edges
  [6bba_09961292] after short-track filtering: 29734 nodes, 28917 edges (components_removed=102)
  [6bba_09961292] after weak-leaf pruning: 29724 nodes, 28907 edges (leaf_pruned=10)
  [6bba_09961292] FINAL: 29724 nodes, 28907 edges
[combo(t55_leaf030+tight55+t55_divwide+t55_dcsd015+t55_dcsd010+vel025)] n=8 adjusted_edge_jaccard=0.9300 division_jaccard=0.2308 (tp/fp/fn=3/1/9) PROXY_SCORE=0.9530  [7.5 min]

==============================================================================
SWEEP TABLE (sorted by PROXY_SCORE)
==============================================================================
  combo(t55_leaf030+tight55+t55_divwide+t55_dcsd015+t55_dcsd010+vel025) proxy=0.9530 (+0.0040)  adj=0.9300  divJ=0.2308 (tp/fp/fn=3/1/9)
  t55_leaf030                              proxy=0.9514 (+0.0024)  adj=0.9284  divJ=0.2308 (tp/fp/fn=3/1/9)
  tight55                                  proxy=0.9511 (+0.0021)  adj=0.9280  divJ=0.2308 (tp/fp/fn=3/1/9)
  t55_divwide                              proxy=0.9511 (+0.0021)  adj=0.9280  divJ=0.2308 (tp/fp/fn=3/1/9)
  t55_dcsd015                              proxy=0.9511 (+0.0021)  adj=0.9280  divJ=0.2308 (tp/fp/fn=3/1/9)
  t55_dcsd010                              proxy=0.9511 (+0.0021)  adj=0.9280  divJ=0.2308 (tp/fp/fn=3/1/9)
  vel025                                   proxy=0.9505 (+0.0015)  adj=0.9274  divJ=0.2308 (tp/fp/fn=3/1/9)
  leaf030                                  proxy=0.9494 (+0.0003)  adj=0.9263  divJ=0.2308 (tp/fp/fn=3/1/9)
  leaf040                                  proxy=0.9494 (+0.0003)  adj=0.9263  divJ=0.2308 (tp/fp/fn=3/1/9)
  gap45                                    proxy=0.9491 (+0.0000)  adj=0.9260  divJ=0.2308 (tp/fp/fn=3/1/9)
  dcgap035                                 proxy=0.9491 (+0.0000)  adj=0.9260  divJ=0.2308 (tp/fp/fn=3/1/9)
  bonus125                                 proxy=0.9490 (+0.0000)  adj=0.9260  divJ=0.2308 (tp/fp/fn=3/1/9)
  base                                     proxy=0.9490 (+0.0000)  adj=0.9260  divJ=0.2308 (tp/fp/fn=3/1/9)
  gap2step40                               proxy=0.9490 (+0.0000)  adj=0.9260  divJ=0.2308 (tp/fp/fn=3/1/9)
  reuse28                                  proxy=0.9490 (+0.0000)  adj=0.9260  divJ=0.2308 (tp/fp/fn=3/1/9)
  rescue085                                proxy=0.9490 (+0.0000)  adj=0.9260  divJ=0.2308 (tp/fp/fn=3/1/9)
  divwide                                  proxy=0.9490 (-0.0000)  adj=0.9260  divJ=0.2308 (tp/fp/fn=3/1/9)
  dcsd015                                  proxy=0.9490 (-0.0000)  adj=0.9260  divJ=0.2308 (tp/fp/fn=3/1/9)
  dcsd010                                  proxy=0.9490 (-0.0000)  adj=0.9260  divJ=0.2308 (tp/fp/fn=3/1/9)
  sym075                                   proxy=0.9490 (-0.0000)  adj=0.9260  divJ=0.2308 (tp/fp/fn=3/1/9)
  dcgap018                                 proxy=0.9489 (-0.0002)  adj=0.9258  divJ=0.2308 (tp/fp/fn=3/1/9)
  vel075                                   proxy=0.9484 (-0.0006)  adj=0.9253  divJ=0.2308 (tp/fp/fn=3/1/9)
  relaxed9                                 proxy=0.9480 (-0.0010)  adj=0.9266  divJ=0.2143 (tp/fp/fn=3/2/9)
  minlen5                                  proxy=0.9478 (-0.0012)  adj=0.9247  divJ=0.2308 (tp/fp/fn=3/1/9)
  t55_diverge150                           proxy=0.9449 (-0.0042)  adj=0.9282  divJ=0.1667 (tp/fp/fn=3/6/9)
  diverge150                               proxy=0.9428 (-0.0062)  adj=0.9261  divJ=0.1667 (tp/fp/fn=3/6/9)

SELECTED: combo(t55_leaf030+tight55+t55_divwide+t55_dcsd015+t55_dcsd010+vel025)  overrides={'MOTION_RELINK_TIGHT_UM': 5.5, 'LEAF_PRUNE_MIN_EDGE_PROB': 0.3, 'SAFE_DIV_MAX_UM': 11.0, 'SAFE_DIV_SISTER_MAX_UM': 16.0, 'SAFE_DIV_EXISTING_CHILD_MAX_UM': 12.0, 'DEEPCENTER_SAFE_DIV_THRESHOLD': 0.15, 'MOTION_RELINK_VELOCITY_WEIGHT': 0.25}  (margin rule: >= +0.001 proxy and adj loss <= 0.0005)
  base     proxy=0.9490 adj=0.9260 divJ=0.2308
  selected proxy=0.9530 adj=0.9300 divJ=0.2308

Re-writing submission.csv with the selected post-process configuration: combo(t55_leaf030+tight55+t55_divwide+t55_dcsd015+t55_dcsd010+vel025)
Found 4 prediction graphs
  [44b6_0113de3b] after edge-filter+motion-relink: 25822 nodes, 24951 edges
  [44b6_0113de3b] after gap-closing (single-frame + gap2): 25883 nodes, 25064 edges
  [44b6_0113de3b] after safe-division repair: 25883 nodes, 25128 edges (geometric_candidates=262, deepcenter_rejected=186, post_veto_candidates=76, added=64, cap_skipped=0, mutual_nn_rejected=162, divergence_rejected=869)
  [44b6_0113de3b] after division-geometry-filter+prune-isolated: 25878 nodes, 25128 edges
  [44b6_0113de3b] after short-track filtering: 25634 nodes, 24941 edges (components_removed=57)
  [44b6_0113de3b] after weak-leaf pruning: 25624 nodes, 24931 edges (leaf_pruned=10)
  [44b6_0113de3b] FINAL: 25624 nodes, 24931 edges
  [44b6_0b24845f] after edge-filter+motion-relink: 22491 nodes, 20376 edges
  [44b6_0b24845f] after gap-closing (single-frame + gap2): 22875 nodes, 21071 edges
  [44b6_0b24845f] after safe-division repair: 22875 nodes, 21109 edges (geometric_candidates=373, deepcenter_rejected=322, post_veto_candidates=51, added=38, cap_skipped=0, mutual_nn_rejected=161, divergence_rejected=1702)
  [44b6_0b24845f] after division-geometry-filter+prune-isolated: 22863 nodes, 21109 edges
  [44b6_0b24845f] after short-track filtering: 20757 nodes, 19484 edges (components_removed=481)
  [44b6_0b24845f] after weak-leaf pruning: 20748 nodes, 19475 edges (leaf_pruned=9)
  [44b6_0b24845f] FINAL: 20748 nodes, 19475 edges
  [6bba_05b6850b] after edge-filter+motion-relink: 6305 nodes, 6032 edges
  [6bba_05b6850b] after gap-closing (single-frame + gap2): 6336 nodes, 6088 edges
  [6bba_05b6850b] after safe-division repair: 6336 nodes, 6098 edges (geometric_candidates=24, deepcenter_rejected=14, post_veto_candidates=10, added=10, cap_skipped=0, mutual_nn_rejected=6, divergence_rejected=143)
  [6bba_05b6850b] after division-geometry-filter+prune-isolated: 6335 nodes, 6098 edges
  [6bba_05b6850b] after short-track filtering: 6152 nodes, 5958 edges (components_removed=43)
  [6bba_05b6850b] FINAL: 6152 nodes, 5958 edges
  [6bba_05db0fb1] after edge-filter+motion-relink: 70687 nodes, 67993 edges
  [6bba_05db0fb1] after gap-closing (single-frame + gap2): 71118 nodes, 68794 edges
  [6bba_05db0fb1] after safe-division repair: 71118 nodes, 68845 edges (geometric_candidates=475, deepcenter_rejected=405, post_veto_candidates=70, added=51, cap_skipped=0, mutual_nn_rejected=709, divergence_rejected=4646)
  [6bba_05db0fb1] after division-geometry-filter+prune-isolated: 71089 nodes, 68845 edges
  [6bba_05db0fb1] after short-track filtering: 70292 nodes, 68235 edges (components_removed=187)
  [6bba_05db0fb1] after weak-leaf pruning: 70240 nodes, 68183 edges (leaf_pruned=52)
  [6bba_05db0fb1] FINAL: 70240 nodes, 68183 edges
Wrote /kaggle/working/submission.csv with 241,311 rows
Node rows: 122,764 | edge rows: 118,547
Wrote /kaggle/working/run_stats.csv
  44b6_0113de3b: nodes=25624 edges=24931 divisions=64
  44b6_0b24845f: nodes=20748 edges=19475 divisions=38
  6bba_05b6850b: nodes=6152 edges=5958 divisions=10
  6bba_05db0fb1: nodes=70240 edges=68183 divisions=51
Final submission.csv rows=241311  config=combo(t55_leaf030+tight55+t55_divwide+t55_dcsd015+t55_dcsd010+vel025)
==============================================================================
PIPELINE MANIFEST -- resolved state, not just config
==============================================================================
Dual-seed ensemble:      requested=True  weights_found=True
Bidirectional fusion:    weight=0.15  active=True  mode=harmonic_probability
DeepCenter veto:         requested=True  loaded=True
  - checkpoint file:     /kaggle/input/biohub-deepcenter-unet3d-center-prior-v1/weights/full_frame_center/best.pt
  - expected epoch:      2
  - gap veto:            True
  - safe-div veto:       True
Safe-div thresholds:     parent<=11.0um  sister<=16.0um  global_cap=0.00375  frame_cap=0.0076
Validator:               enabled=True  held_out_samples=8  match_radius=7.0um
------------------------------------------------------------------------------
v4 additions:
  Leaf-prune:              threshold=0.0  active=False
  PPSWEEP extended:        enabled=True  candidates=25
  Prefix guard:            enabled=True
  Selected sweep config:   combo(t55_leaf030+tight55+t55_divwide+t55_dcsd015+t55_dcsd010+vel025)  overrides={'DEEPCENTER_SAFE_DIV_THRESHOLD': 0.15, 'LEAF_PRUNE_MIN_EDGE_PROB': 0.3, 'MOTION_RELINK_TIGHT_UM': 5.5, 'MOTION_RELINK_VELOCITY_WEIGHT': 0.25, 'SAFE_DIV_EXISTING_CHILD_MAX_UM': 12.0, 'SAFE_DIV_MAX_UM': 11.0, 'SAFE_DIV_SISTER_MAX_UM': 16.0}
==============================================================================
/usr/local/lib/python3.12/dist-packages/mistune.py:435: SyntaxWarning: invalid escape sequence '\|'
  cells[i][c] = re.sub('\\\\\|', '|', cell)
/usr/local/lib/python3.12/dist-packages/nbconvert/filters/filter_links.py:36: SyntaxWarning: invalid escape sequence '\_'
  text = re.sub(r'_', '\_', text) # Escape underscores in display text
[NbConvertApp] Converting notebook __notebook__.ipynb to notebook
[NbConvertApp] Writing 695546 bytes to __notebook__.ipynb
[NbConvertApp] Converting notebook __notebook__.ipynb to html
[NbConvertApp] Writing 1602169 bytes to __results__.html
